93011	1
6178	1
86281	1
17015	1
7957	1
74405	1
6068	1
74405	1
74405	1
1769	1
78124	1
44627	1
12115	1
1800	1
57736	1
74405	1
69944	1
15129	1
15210	1
42792	1
29353	1
74405	1
82218	1
35159	1
2043	1
69834	1
63814	1
16122	1
74405	1
14087	1
44191	1
73388	1
84996	1
74405	1
158	1
45525	1
48868	1
74405	1
45943	1
53223	1
98867	1
31267	1
37434	1
81182	1
22899	1
16989	1
175	1
22594	1
94354	1
1933	1
16769	1
10062	1
74405	1
47635	1
19175	1
28483	1
76055	1
95587	1
53223	1
59243	1
32147	1
20709	1
48652	1
75964	1
67588	1
65205	1
31931	1
53223	1
57159	1
71854	1
53223	1
10965	1
18878	1
55324	1
40330	1
27360	1
88303	1
31028	1
31219	1
18654	1
95587	1
44179	1
53223	1
89783	1
92253	1
63814	1
15210	1
53223	1
20213	1
45966	1
33691	1
6178	1
51159	1
25504	1
93808	1
30806	1
88440	1
3955	1
75086	1
86964	1
7954	1
80535	1
60366	1
32147	1
25047	1
68026	1
52372	1
27607	1
74405	1
80971	1
74405	1
34142	1
66193	1
71546	1
47423	1
53223	1
22696	1
92901	1
60366	1
88114	1
43840	1
95587	1
63814	1
57437	1
74405	1
39670	1
53439	1
53055	1
73633	1
66195	1
84996	1
31267	1
95587	1
42522	1
48584	1
91016	1
1717	1
92245	1
1717	1
74405	1
45387	1
37617	1
4835	1
16769	1
63814	1
27470	1
84996	1
28043	1
56852	1
90802	1
57767	1
84529	1
44191	1
84996	1
88004	1
6064	1
11048	1
63814	1
12887	1
66135	1
75964	1
5958	1
10635	1
71503	1
57684	1
71719	1
31931	1
84996	1
27470	1
40579	1
60771	1
56647	1
1328	1
46076	1
23775	1
72705	1
63814	1
9190	1
24238	1
74405	1
6477	1
97174	1
1119	1
86227	1
82420	1
74405	1
54919	1
35159	1
18876	1
21722	1
30974	1
74405	1
84996	1
18536	1
1416	1
74405	1
65593	1
50757	1
6178	1
41042	1
31761	1
1717	1
36502	1
33490	1
84996	1
66872	1
74405	1
63814	1
91126	1
2043	1
59679	1
63814	1
62747	1
68051	1
86555	1
48559	1
74405	1
74405	1
97688	1
6581	1
91122	1
53223	1
16769	1
42188	1
53223	1
58858	1
88168	1
80425	1
7847	1
81062	1
64146	1
35375	1
31408	1
95587	1
78069	1
16769	1
35049	1
67312	1
2240	1
93179	1
84996	1
86526	1
16879	1
69340	1
59347	1
23719	1
74405	1
6178	1
27989	1
25911	1
38061	1
63814	1
63814	1
10529	1
22300	1
76427	1
74405	1
33623	1
74405	1
66496	1
74405	1
1121	1
69944	1
52640	1
16769	1
64411	1
27470	1
53223	1
63814	1
84996	1
47093	1
69944	1
4395	1
93067	1
68248	1
12089	1
36392	1
20213	1
48652	1
95803	1
80535	1
6178	1
63594	1
75808	1
24537	1
89567	1
83869	1
14822	1
74405	1
25197	1
16769	1
53223	1
61769	1
42381	1
72736	1
27140	1
52538	1
69944	1
13946	1
74405	1
91697	1
66496	1
6178	1
84996	1
97642	1
80425	1
78866	1
38061	1
95913	1
95101	1
74405	1
74405	1
20464	1
69944	1
84199	1
36718	1
26457	1
27341	1
53223	1
13894	1
15211	1
28174	1
32697	1
42768	1
63814	1
9190	1
84996	1
74405	1
78432	1
89183	1
34310	1
27360	1
62145	1
53223	1
6178	1
22538	1
74405	1
13566	1
74405	1
11319	1
71503	1
39543	1
51197	1
66496	1
63814	1
66029	1
32367	1
15972	1
93447	1
83433	1
10062	1
30588	1
36172	1
74405	1
23335	1
74405	1
84996	1
99577	1
75520	1
23059	1
34032	1
43230	1
34032	1
9869	1
69834	1
1717	1
62691	1
48652	1
97366	1
63570	1
31838	1
38061	1
62822	1
39427	1
94455	1
33992	1
84388	1
53223	1
91178	1
84996	1
84996	1
62145	1
88058	1
86555	1
85762	1
27360	1
66253	1
36934	1
85247	1
63814	1
63814	1
10749	1
7847	1
35599	1
74405	1
16122	1
53650	1
63814	1
74405	1
60692	1
69834	1
86194	1
74515	1
77252	1
70926	1
72653	1
27360	1
34993	1
74405	1
11117	1
84996	1
85212	1
42138	1
45179	1
46456	1
57044	1
23441	1
68275	1
81681	1
74405	1
2043	1
48652	1
69269	1
95529	1
36392	1
80936	1
74405	1
70376	1
17311	1
85379	1
53223	1
84996	1
10965	1
9933	1
27360	1
27360	1
31491	1
69473	1
47093	1
33133	1
53223	1
91339	1
36718	1
43855	1
89457	1
91558	1
47552	1
44152	1
62255	1
97146	1
53223	1
97499	1
65373	1
59023	1
48923	1
1937	1
91016	1
92841	1
86582	1
24784	1
63814	1
93671	1
41800	1
12308	1
44191	1
19727	1
38061	1
36502	1
74405	1
99145	1
29029	1
80535	1
62255	1
43967	1
67258	1
73541	1
74405	1
70054	1
45322	1
84996	1
44876	1
85235	1
74405	1
27360	1
17315	1
12715	1
97933	1
83076	1
28562	1
20543	1
54782	1
9406	1
69834	1
84996	1
40718	1
97146	1
48648	1
30066	1
16879	1
33710	1
16879	1
27360	1
71540	1
42985	1
21006	1
46037	1
84996	1
44791	1
39946	1
74405	1
60109	1
52293	1
74405	1
69834	1
16769	1
41621	1
66249	1
68082	1
58803	1
24458	1
95587	1
59243	1
16879	1
23225	1
6094	1
6178	1
52098	1
65697	1
2373	1
53223	1
8970	1
92905	1
53223	1
70187	1
63704	1
32197	1
53223	1
73961	1
55421	1
84996	1
25801	1
58477	1
41945	1
63814	1
63814	1
12167	1
46481	1
46983	1
96766	1
65417	1
1717	1
63814	1
74405	1
42242	1
63814	1
93752	1
13867	1
91993	1
91016	1
24273	1
95587	1
10749	1
66738	1
20134	1
94028	1
27360	1
71115	1
74405	1
84996	1
37021	1
89567	1
86555	1
85095	1
62471	1
3938	1
53223	1
8709	1
51554	1
75524	1
36724	1
65431	1
56341	1
40963	1
81387	1
96351	1
40467	1
11071	1
65373	1
53223	1
53223	1
53223	1
79296	1
3602	1
38061	1
84583	1
78872	1
53223	1
3206	1
74405	1
53223	1
38061	1
13647	1
74405	1
10834	1
74405	1
13539	1
70596	1
48652	1
33376	1
38061	1
82310	1
89952	1
18002	1
82491	1
5844	1
85459	1
19530	1
74405	1
95587	1
38964	1
53223	1
53223	1
36498	1
69821	1
36392	1
44081	1
31608	1
37405	1
77145	1
97472	1
98759	1
12524	1
57900	1
21666	1
44301	1
67874	1
53223	1
79788	1
21556	1
74405	1
27360	1
69834	1
10965	1
62768	1
24647	1
74405	1
72736	1
41505	1
44191	1
53223	1
63704	1
74405	1
30939	1
58281	1
43808	1
40963	1
27360	1
29575	1
27360	1
59463	1
68271	1
86393	1
53223	1
45530	1
10062	1
38877	1
46051	1
86555	1
6805	1
36718	1
9402	1
90985	1
13070	1
74405	1
9190	1
16769	1
39620	1
51195	1
15210	1
84996	1
64030	1
7737	1
20684	1
11185	1
74405	1
84996	1
35811	1
53223	1
74405	1
73520	1
22938	1
94350	1
35176	1
61541	1
62905	1
63814	1
1717	1
7627	1
74405	1
40563	1
1717	1
71503	1
27360	1
94489	1
81384	1
54946	1
63814	1
31633	1
74405	1
16769	1
92272	1
44301	1
59459	1
84996	1
51770	1
67588	1
79113	1
95587	1
74405	1
84996	1
13211	1
16879	1
74405	1
47648	1
29791	1
2259	1
9924	1
79188	1
62988	1
16769	1
10749	1
69938	1
6288	1
32052	1
16879	1
2815	1
16273	1
29465	1
84996	1
6722	1
22899	1
64966	1
49167	1
63814	1
20213	1
63814	1
21556	1
63814	1
66696	1
97146	1
83437	1
54782	1
28369	1
74405	1
74405	1
9732	1
27470	1
85235	1
74405	1
84996	1
44416	1
63814	1
84996	1
67128	1
6178	1
27470	1
16879	1
94350	1
63876	1
8499	1
16066	1
40714	1
59794	1
48	1
48791	1
84828	1
98458	1
84996	1
53479	1
51696	1
80535	1
70918	1
22839	1
27360	1
2643	1
74405	1
48	1
27360	1
62828	1
35811	1
59706	1
83900	1
26872	1
79524	1
17311	1
18326	1
13014	1
63814	1
1717	1
321	1
15426	1
5015	1
50973	1
80425	1
48652	1
19781	1
50537	1
22405	1
35080	1
15206	1
19696	1
51328	1
68491	1
53819	1
27387	1
69834	1
6288	1
52782	1
74518	1
37706	1
89783	1
78924	1
93561	1
84996	1
74405	1
89567	1
83653	1
75308	1
50597	1
74405	1
63704	1
54016	1
91016	1
63814	1
10961	1
27360	1
54126	1
74405	1
78866	1
30914	1
6178	1
83437	1
31098	1
77523	1
29247	1
51440	1
53223	1
17311	1
84996	1
16769	1
89457	1
63814	1
16879	1
60397	1
27470	1
14629	1
80645	1
51554	1
4945	1
68087	1
84556	1
57900	1
47444	1
74405	1
53223	1
11700	1
95587	1
37025	1
22899	1
98441	1
97146	1
84996	1
82258	1
95587	1
63814	1
27360	1
52476	1
84996	1
16879	1
17099	1
18890	1
33710	1
13074	1
55573	1
10911	1
68354	1
88224	1
79192	1
2043	1
65487	1
91126	1
38387	1
92685	1
38277	1
2562	1
76867	1
29025	1
31244	1
69834	1
74405	1
74405	1
95587	1
27470	1
77270	1
59569	1
60072	1
27470	1
91506	1
70160	1
35269	1
81135	1
25851	1
53223	1
88224	1
60034	1
29355	1
15293	1
46981	1
59243	1
16769	1
93403	1
74405	1
3731	1
16070	1
67452	1
68275	1
66195	1
38061	1
22399	1
15968	1
68404	1
91838	1
53439	1
36718	1
36392	1
95587	1
70598	1
16626	1
85212	1
87622	1
94354	1
43971	1
71465	1
74405	1
53223	1
10581	1
48652	1
57626	1
53223	1
71283	1
74405	1
95587	1
58475	1
76196	1
41723	1
6178	1
14407	1
6178	1
59243	1
91317	1
58147	1
14193	1
20354	1
15536	1
84996	1
66932	1
48652	1
29108	1
78972	1
84996	1
74405	1
23115	1
30372	1
19214	1
69834	1
97389	1
47784	1
16769	1
41509	1
82617	1
48652	1
48652	1
86179	1
7972	1
74405	1
12850	1
94028	1
63814	1
33490	1
63814	1
61382	1
75281	1
21668	1
95587	1
34719	1
63814	1
22899	1
47093	1
74405	1
74405	1
91319	1
6288	1
9981	1
41202	1
63814	1
88554	1
10112	1
93011	1
63814	1
74405	1
55513	1
31275	1
26920	1
93088	1
14197	1
48978	1
27109	1
12744	1
62145	1
74405	1
74214	1
21556	1
63814	1
74405	1
16769	1
57980	1
81189	1
97146	1
99056	1
30588	1
74405	1
29272	1
95587	1
30391	1
47093	1
53223	1
20904	1
53875	1
53080	1
73168	1
17616	1
3332	1
68900	1
89567	1
16769	1
6288	1
34339	1
65915	1
16769	1
38061	1
5055	1
30372	1
52729	1
33710	1
73386	1
74405	1
53223	1
46692	1
74405	1
69834	1
84996	1
1302	1
58755	1
74405	1
3739	1
65373	1
44191	1
16881	1
37698	1
53223	1
75964	1
84996	1
37333	1
98952	1
634	1
68275	1
19781	1
58309	1
74405	1
40743	1
86555	1
27470	1
63814	1
66000	1
74405	1
16769	1
48652	1
27360	1
62145	1
75964	1
50825	1
79605	1
28204	1
81019	1
31028	1
16769	1
27470	1
74405	1
70376	1
62058	1
50276	1
5640	1
27360	1
38061	1
43066	1
57680	1
16769	1
69193	1
69834	1
51554	1
9213	1
74405	1
16879	1
14633	1
51554	1
80535	1
44191	1
5495	1
92045	1
37546	1
22899	1
54782	1
74405	1
27360	1
23119	1
56777	1
71499	1
51658	1
73745	1
27360	1
16769	1
78595	1
4835	1
27360	1
30279	1
5908	1
43751	1
84996	1
84996	1
49584	1
35072	1
77743	1
16769	1
91016	1
39946	1
53554	1
16769	1
23119	1
47969	1
98232	1
62145	1
44971	1
84996	1
84996	1
73340	1
10749	1
53223	1
84996	1
53223	1
40087	1
42408	1
16655	1
43212	1
74405	1
48	1
48652	1
96969	1
53223	1
98458	1
92108	1
51554	1
1698	1
16769	1
59785	1
84996	1
53223	1
53223	1
53223	1
95803	1
80425	1
80095	1
16769	1
63814	1
12854	1
84996	1
9190	1
39542	1
9475	1
16879	1
2352	1
62247	1
3033	1
1937	1
29874	1
89567	1
27360	1
47749	1
5221	1
91016	1
84996	1
74405	1
74405	1
97640	1
1717	1
6178	1
71723	1
44081	1
84996	1
53223	1
35734	1
81681	1
38061	1
63814	1
50597	1
84996	1
53223	1
38061	1
16148	1
47093	1
27360	1
97852	1
93893	1
74405	1
48652	1
16769	1
13387	1
74405	1
87781	1
50276	1
54782	1
16769	1
63814	1
20338	1
48951	1
72013	1
68954	1
9406	1
53223	1
46983	1
15210	1
43452	1
71667	1
3398	1
79192	1
4505	1
17232	1
59569	1
31485	1
91016	1
84996	1
99145	1
6288	1
53223	1
65566	1
90084	1
74405	1
29332	1
84521	1
37374	1
74405	1
42848	1
32147	1
95587	1
72821	1
16769	1
34491	1
21666	1
73062	1
7737	1
97012	1
21120	1
63814	1
4207	1
44411	1
65915	1
69834	1
74181	1
74405	1
51266	1
6284	1
22899	1
15210	1
65326	1
19420	1
64686	1
17099	1
36502	1
26673	1
74405	1
84996	1
7407	1
39919	1
67023	1
1744	1
63814	1
67040	1
11974	1
28485	1
5886	1
74405	1
36392	1
16769	1
91016	1
951	1
6720	1
17045	1
58031	1
74405	1
74405	1
74405	1
52507	1
5605	1
65373	1
22177	1
38061	1
91016	1
27360	1
12823	1
62247	1
92685	1
95587	1
98901	1
83437	1
53223	1
6178	1
53223	1
26650	1
2869	1
80425	1
93974	1
27360	1
63814	1
74405	1
97393	1
51554	1
72846	1
53223	1
60582	1
69770	1
97541	1
74688	1
42625	1
81597	1
65847	1
47093	1
74405	1
69944	1
66492	1
93174	1
82603	1
19336	1
17597	1
53223	1
53223	1
71966	1
35579	1
25330	1
90796	1
47093	1
64026	1
91126	1
15096	1
16769	1
73853	1
50973	1
74405	1
53823	1
81077	1
90277	1
74405	1
54599	1
55766	1
97146	1
48652	1
28693	1
84996	1
27360	1
38061	1
95587	1
74405	1
56912	1
63594	1
4619	1
69834	1
35375	1
94570	1
91550	1
92901	1
59243	1
63814	1
96581	1
59419	1
64874	1
74405	1
16769	1
1717	1
57680	1
74405	1
74405	1
71640	1
63814	1
83759	1
89567	1
50537	1
22540	1
53223	1
84996	1
26127	1
53223	1
53223	1
46721	1
62251	1
74405	1
38061	1
63814	1
74405	1
81077	1
26731	1
53223	1
49930	1
38061	1
16879	1
6178	1
23418	1
38061	1
84996	1
74405	1
78189	1
97200	1
80425	1
54900	1
1717	1
27360	1
21110	1
18297	1
14054	1
74405	1
3371	1
88413	1
93281	1
84996	1
31744	1
65593	1
8279	1
74405	1
63814	1
17531	1
67040	1
25164	1
72458	1
59243	1
95803	1
38061	1
95803	1
84996	1
71503	1
73278	1
76753	1
38829	1
29029	1
99145	1
97256	1
72076	1
29245	1
38061	1
53443	1
51774	1
18438	1
31653	1
27360	1
10087	1
27360	1
53223	1
11324	1
44733	1
17120	1
74405	1
26783	1
84996	1
61375	1
24568	1
63814	1
89347	1
16512	1
59023	1
27360	1
44733	1
15453	1
21556	1
47381	1
16769	1
42147	1
78073	1
23441	1
5165	1
88334	1
63814	1
92878	1
79082	1
74405	1
74405	1
51915	1
48652	1
25801	1
39072	1
65373	1
97146	1
49277	1
57684	1
63814	1
74405	1
40166	1
76730	1
85212	1
22816	1
65643	1
16879	1
30511	1
50180	1
10390	1
19781	1
84699	1
90140	1
74405	1
3272	1
80535	1
64246	1
6288	1
74405	1
77247	1
60802	1
74405	1
45966	1
77523	1
32641	1
21662	1
79082	1
83979	1
91126	1
39882	1
97146	1
91464	1
84996	1
74405	1
82735	1
84996	1
65320	1
22218	1
65132	1
74734	1
72736	1
38061	1
94350	1
84996	1
27360	1
49884	1
590	1
36392	1
67750	1
53055	1
13977	1
82090	1
79385	1
57601	1
30252	1
26303	1
37673	1
73278	1
99828	1
81548	1
74405	1
13867	1
80740	1
588	1
89999	1
84996	1
81226	1
56094	1
99938	1
84996	1
47093	1
36502	1
16769	1
84996	1
41763	1
42522	1
25330	1
27360	1
29355	1
47093	1
72593	1
84996	1
85299	1
6178	1
16769	1
47741	1
16879	1
76730	1
91016	1
3492	1
74405	1
62383	1
95882	1
88552	1
83437	1
10762	1
6136	1
23219	1
97134	1
74405	1
83437	1
41042	1
6805	1
27470	1
91668	1
53223	1
26343	1
91126	1
18905	1
78289	1
20190	1
96374	1
18079	1
374	1
80946	1
65809	1
51656	1
83792	1
59243	1
21259	1
18438	1
50670	1
84996	1
92521	1
12308	1
16879	1
40440	1
74405	1
28012	1
53223	1
51880	1
28012	1
97146	1
74405	1
47309	1
95583	1
60802	1
33600	1
84996	1
8063	1
56997	1
84996	1
10749	1
68302	1
27360	1
74405	1
90140	1
83684	1
4922	1
18060	1
53223	1
6178	1
33490	1
32940	1
24734	1
50705	1
81818	1
6178	1
85212	1
84996	1
77523	1
32797	1
33540	1
74405	1
36556	1
2620	1
74405	1
91016	1
23881	1
24541	1
58733	1
98	1
20217	1
93494	1
26243	1
40290	1
38823	1
79606	1
4945	1
39946	1
63997	1
872	1
18301	1
64026	1
90603	1
63918	1
11625	1
58382	1
95587	1
37493	1
22899	1
7737	1
27686	1
53223	1
59702	1
69834	1
80000	1
99749	1
38061	1
5848	1
65891	1
11789	1
5433	1
46257	1
97996	1
35838	1
12015	1
54016	1
81386	1
2263	1
83732	1
74405	1
4945	1
46896	1
72846	1
27140	1
53902	1
73424	1
35049	1
74405	1
84064	1
53223	1
34441	1
35375	1
95587	1
99031	1
59370	1
63814	1
10434	1
42522	1
46983	1
95587	1
58861	1
66932	1
1717	1
4619	1
75528	1
30372	1
25882	1
47745	1
53113	1
84996	1
84996	1
91016	1
87317	1
67704	1
39907	1
48652	1
46844	1
36712	1
82094	1
86746	1
6178	1
34582	1
73514	1
60173	1
82310	1
16769	1
82750	1
60912	1
27686	1
71393	1
19781	1
52641	1
53223	1
53223	1
57529	1
158	1
58914	1
5929	1
17531	1
18450	1
27360	1
29803	1
6178	1
74205	1
78069	1
1717	1
99419	1
80535	1
6178	1
30411	1
74405	1
90003	1
93368	1
56667	1
15866	1
76296	1
71719	1
22243	1
91126	1
74405	1
6284	1
18334	1
21662	1
91016	1
77924	1
8567	1
75088	1
37776	1
36282	1
69834	1
60034	1
16769	1
83437	1
95560	1
75610	1
8420	1
53223	1
63704	1
6178	1
82074	1
53223	1
39419	1
96667	1
52722	1
7737	1
74405	1
16769	1
74405	1
3135	1
68873	1
18869	1
6288	1
49893	1
84996	1
59459	1
60287	1
68817	1
43232	1
26127	1
54386	1
74405	1
63814	1
42327	1
6284	1
48652	1
74405	1
11291	1
74405	1
86881	1
16769	1
14876	1
17315	1
97692	1
5381	1
29276	1
88955	1
14227	1
9190	1
49701	1
84992	1
74755	1
57105	1
44081	1
36924	1
95587	1
54621	1
32325	1
63814	1
95890	1
56557	1
16140	1
91016	1
54998	1
84427	1
7231	1
16518	1
34582	1
84996	1
2753	1
2539	1
95550	1
53578	1
69834	1
40963	1
74405	1
2259	1
7737	1
57684	1
49418	1
36614	1
21556	1
27470	1
66955	1
74405	1
18654	1
51423	1
72846	1
10965	1
29496	1
78824	1
74405	1
53223	1
99519	1
16769	1
28122	1
84996	1
74405	1
35031	1
37181	1
84996	1
49470	1
1060	1
78866	1
53439	1
60802	1
74405	1
56557	1
84996	1
14029	1
29984	1
39400	1
24757	1
93588	1
74405	1
65479	1
80808	1
64456	1
48978	1
78835	1
74405	1
84996	1
38061	1
84996	1
74405	1
16769	1
62255	1
46983	1
63814	1
96015	1
95913	1
6178	1
44191	1
54722	1
80992	1
72842	1
94244	1
53725	1
16879	1
95147	1
27470	1
45829	1
2043	1
16769	1
10776	1
58253	1
31354	1
53223	1
15426	1
88708	1
44081	1
40963	1
31474	1
37154	1
22210	1
3986	1
64252	1
16879	1
97140	1
53223	1
39184	1
57627	1
25330	1
74405	1
88932	1
3959	1
91668	1
57684	1
91016	1
79732	1
16769	1
17128	1
29448	1
89646	1
72967	1
59243	1
80425	1
32321	1
84996	1
47093	1
48579	1
3027	1
81242	1
51600	1
96789	1
57667	1
59243	1
84996	1
85762	1
44081	1
53223	1
4945	1
63814	1
24458	1
12308	1
63814	1
80971	1
84996	1
27360	1
74405	1
16275	1
16769	1
92554	1
14085	1
89457	1
62255	1
84996	1
84996	1
21340	1
95587	1
80535	1
48652	1
16989	1
74405	1
15532	1
11516	1
44767	1
21193	1
44081	1
95726	1
82530	1
36502	1
6178	1
22077	1
76782	1
48262	1
74405	1
84996	1
59795	1
37154	1
74405	1
73278	1
79408	1
7657	1
11480	1
74405	1
80535	1
91172	1
14577	1
62145	1
73168	1
63814	1
97588	1
51554	1
63814	1
35838	1
69834	1
20346	1
66591	1
1937	1
10110	1
6081	1
51554	1
74405	1
86881	1
54778	1
95363	1
33490	1
77633	1
6288	1
85212	1
49364	1
16925	1
26264	1
85762	1
4835	1
68505	1
53439	1
59411	1
95587	1
80425	1
44733	1
51538	1
90329	1
34333	1
89787	1
16879	1
88529	1
21340	1
27360	1
84719	1
7747	1
6830	1
14739	1
76620	1
63814	1
6896	1
80577	1
59789	1
97098	1
84996	1
95587	1
16879	1
63814	1
30664	1
88389	1
21502	1
74405	1
33845	1
56341	1
84996	1
37223	1
98763	1
59309	1
10749	1
97795	1
58147	1
60005	1
6178	1
89783	1
84899	1
74405	1
38061	1
5393	1
84581	1
53223	1
70486	1
82875	1
57900	1
48	1
73062	1
44733	1
7627	1
16769	1
34451	1
65645	1
62471	1
47093	1
53223	1
3248	1
42711	1
64864	1
84996	1
45991	1
65510	1
53223	1
90360	1
97146	1
6178	1
48652	1
53294	1
74208	1
6911	1
95587	1
74405	1
48652	1
5161	1
29222	1
97256	1
234	1
26446	1
39736	1
21666	1
4673	1
74405	1
80535	1
88720	1
25716	1
42572	1
47525	1
74625	1
66932	1
65373	1
84996	1
14876	1
39323	1
95587	1
14251	1
15210	1
84996	1
84996	1
80724	1
4619	1
84996	1
65401	1
84996	1
44081	1
74405	1
12607	1
38117	1
6448	1
38061	1
18438	1
31707	1
93584	1
62145	1
62471	1
95587	1
91508	1
84996	1
69695	1
35375	1
83394	1
74405	1
62335	1
94244	1
18434	1
84309	1
6284	1
5568	1
51876	1
14193	1
91016	1
131	1
16879	1
40087	1
46738	1
66328	1
84996	1
48011	1
3932	1
74405	1
36990	1
53223	1
56341	1
77849	1
19781	1
10749	1
70200	1
38717	1
53113	1
30478	1
74405	1
25911	1
42153	1
44191	1
74405	1
74405	1
73062	1
2342	1
71719	1
47309	1
33490	1
12308	1
47959	1
74405	1
84996	1
44081	1
94446	1
84996	1
32917	1
31686	1
59963	1
50757	1
84855	1
64417	1
74152	1
84996	1
85538	1
16769	1
62346	1
84996	1
47106	1
53578	1
9946	1
74405	1
55577	1
53867	1
73058	1
53223	1
63453	1
16879	1
67594	1
53223	1
6832	1
78181	1
31815	1
74405	1
37644	1
38061	1
65699	1
8937	1
95587	1
63318	1
40963	1
74405	1
32587	1
62610	1
27360	1
38497	1
73502	1
84996	1
45416	1
22899	1
95587	1
80448	1
69834	1
48899	1
51573	1
73062	1
16738	1
84996	1
91558	1
58276	1
97069	1
21666	1
74405	1
74405	1
58803	1
57408	1
84996	1
13867	1
62255	1
17416	1
74405	1
53256	1
74405	1
63814	1
53223	1
81355	1
56364	1
65373	1
10357	1
74405	1
89866	1
4179	1
95587	1
61491	1
58485	1
6504	1
30245	1
18438	1
74405	1
53443	1
26810	1
16879	1
63814	1
39656	1
6178	1
19781	1
38497	1
39184	1
58550	1
16769	1
2813	1
85866	1
62096	1
23526	1
73801	1
59789	1
52503	1
84996	1
41505	1
31912	1
16632	1
89787	1
36392	1
1734	1
66903	1
92751	1
28915	1
57628	1
82534	1
68219	1
18654	1
74405	1
16769	1
63814	1
374	1
27470	1
590	1
110	1
96569	1
73753	1
94024	1
84996	1
27470	1
74405	1
65151	1
49823	1
47525	1
68956	1
13211	1
75497	1
95587	1
77633	1
33042	1
9458	1
88197	1
80971	1
44220	1
53113	1
93447	1
82686	1
49771	1
63814	1
49115	1
29409	1
27360	1
67918	1
9458	1
91016	1
33490	1
25907	1
84996	1
14826	1
27306	1
44623	1
81901	1
98673	1
84996	1
74405	1
41179	1
70763	1
1717	1
95587	1
6178	1
53866	1
38198	1
51880	1
74405	1
28481	1
13074	1
74405	1
62145	1
30478	1
75265	1
78220	1
48996	1
2975	1
74405	1
74405	1
47093	1
32606	1
53576	1
73419	1
64802	1
38061	1
27360	1
6178	1
53223	1
78125	1
38061	1
48652	1
99278	1
48652	1
79192	1
60582	1
19584	1
25440	1
81257	1
36141	1
83653	1
65373	1
26343	1
63814	1
4765	1
87097	1
53223	1
14693	1
6288	1
74405	1
51660	1
92927	1
1717	1
28346	1
57491	1
33600	1
6178	1
8924	1
77297	1
89567	1
95587	1
18241	1
31271	1
21606	1
39919	1
31377	1
19781	1
71719	1
63704	1
79082	1
58056	1
49560	1
76692	1
74405	1
74376	1
54782	1
1058	1
46076	1
39300	1
86555	1
65373	1
49860	1
56341	1
4835	1
1933	1
79408	1
33339	1
38061	1
68275	1
16769	1
38061	1
6448	1
87286	1
65809	1
69834	1
55714	1
63814	1
76423	1
11044	1
4758	1
29930	1
16769	1
6178	1
590	1
11511	1
93413	1
27140	1
74405	1
27360	1
87303	1
65307	1
98487	1
84996	1
74405	1
65373	1
63814	1
6178	1
15181	1
74405	1
54782	1
75840	1
6178	1
24400	1
27173	1
17342	1
80535	1
84996	1
45115	1
21886	1
12524	1
78860	1
90246	1
99911	1
74405	1
594	1
69058	1
27470	1
84996	1
80535	1
74405	1
374	1
34032	1
4918	1
25691	1
59243	1
6178	1
12574	1
74405	1
79337	1
49775	1
4048	1
36934	1
13490	1
25801	1
26893	1
5894	1
74405	1
6288	1
6178	1
38061	1
69700	1
63814	1
94244	1
39543	1
69834	1
61705	1
71393	1
84996	1
74405	1
63814	1
64806	1
50	1
84996	1
74405	1
74405	1
57027	1
92222	1
84996	1
85212	1
49885	1
86038	1
85212	1
74405	1
16769	1
53439	1
47769	1
84996	1
374	1
16769	1
67974	1
46492	1
95587	1
7403	1
74405	1
59722	1
21091	1
65012	1
78702	1
46285	1
12250	1
74405	1
9456	1
15582	1
63814	1
67416	1
10749	1
84545	1
84996	1
12115	1
53223	1
84996	1
59702	1
33403	1
27574	1
10965	1
27284	1
87319	1
67179	1
45750	1
13725	1
73278	1
53223	1
65364	1
74405	1
75364	1
38544	1
69529	1
55054	1
53223	1
22843	1
74405	1
57509	1
84228	1
88247	1
48758	1
84996	1
64030	1
30368	1
53223	1
74405	1
23889	1
74405	1
76614	1
6288	1
50078	1
53223	1
6178	1
38825	1
62145	1
9626	1
53223	1
46732	1
7847	1
95803	1
69263	1
74405	1
35489	1
84996	1
67258	1
67449	1
84996	1
34814	1
25911	1
12964	1
44191	1
20217	1
86061	1
88224	1
19910	1
253	1
97146	1
79302	1
54782	1
16769	1
48652	1
1796	1
91016	1
84996	1
28122	1
677	1
61128	1
11652	1
84996	1
74405	1
76398	1
91016	1
47556	1
27250	1
90109	1
53796	1
38688	1
74405	1
95587	1
56731	1
48652	1
12088	1
74405	1
56224	1
34017	1
98058	1
76157	1
74405	1
48652	1
27360	1
74405	1
51554	1
39836	1
35151	1
8559	1
85719	1
49194	1
21666	1
88552	1
48652	1
80535	1
81164	1
31555	1
26038	1
80199	1
48652	1
78813	1
63814	1
74405	1
16879	1
89567	1
54782	1
16769	1
84996	1
53223	1
84282	1
19097	1
64549	1
63814	1
27360	1
84996	1
16769	1
6720	1
89347	1
78752	1
75964	1
48318	1
74405	1
79032	1
71393	1
45331	1
20844	1
93412	1
27360	1
84340	1
35952	1
25242	1
94431	1
6365	1
6178	1
74405	1
20952	1
35821	1
27140	1
58008	1
74405	1
88465	1
44272	1
51716	1
44081	1
84824	1
741	1
35397	1
80535	1
23441	1
65699	1
87213	1
74405	1
74405	1
79655	1
79192	1
94163	1
97252	1
97555	1
77550	1
53223	1
54975	1
74405	1
9485	1
7737	1
15096	1
51876	1
82420	1
94028	1
5788	1
95406	1
8503	1
65915	1
63814	1
84996	1
8696	1
27412	1
69834	1
63814	1
79408	1
74405	1
53223	1
15233	1
62307	1
22899	1
31931	1
72719	1
10828	1
24348	1
74405	1
6288	1
7081	1
10691	1
12406	1
92648	1
16769	1
85212	1
48264	1
65373	1
30372	1
74405	1
51367	1
49362	1
27842	1
74363	1
69944	1
12308	1
93885	1
13730	1
40195	1
53305	1
12308	1
61730	1
99176	1
26484	1
67258	1
16518	1
84996	1
64956	1
57114	1
80997	1
63814	1
74405	1
11420	1
79337	1
61105	1
73961	1
40793	1
75452	1
40083	1
16879	1
4619	1
16769	1
63704	1
55438	1
6178	1
38061	1
89780	1
54016	1
53223	1
55324	1
19906	1
86715	1
58471	1
74405	1
16989	1
47309	1
12331	1
90804	1
57900	1
74405	1
8279	1
16879	1
85542	1
19781	1
80425	1
8067	1
74621	1
35159	1
19090	1
99382	1
77633	1
14193	1
69991	1
26127	1
20433	1
95807	1
93011	1
74405	1
19781	1
92571	1
17755	1
74405	1
63814	1
39184	1
63814	1
47693	1
36392	1
51139	1
74405	1
80971	1
88000	1
27360	1
84996	1
16769	1
2896	1
77643	1
66457	1
28654	1
81355	1
74405	1
16879	1
51554	1
54081	1
27974	1
74405	1
10062	1
94028	1
27470	1
35159	1
72846	1
16769	1
53223	1
12088	1
16769	1
74405	1
97472	1
83653	1
3602	1
3382	1
74405	1
74708	1
97472	1
84288	1
18004	1
53439	1
78930	1
48978	1
89787	1
9805	1
65386	1
20759	1
53223	1
95587	1
89037	1
74081	1
33816	1
12771	1
86555	1
69944	1
57464	1
40963	1
57684	1
63814	1
99878	1
16879	1
65033	1
53223	1
51660	1
4945	1
13670	1
57447	1
75964	1
19781	1
61541	1
68601	1
53765	1
4475	1
74405	1
36778	1
74405	1
59679	1
27470	1
78096	1
30372	1
45287	1
84996	1
21552	1
26045	1
48652	1
13601	1
38061	1
74405	1
72736	1
48652	1
50622	1
92926	1
88115	1
74405	1
72239	1
39099	1
64246	1
621	1
26969	1
74405	1
99938	1
60894	1
84996	1
67445	1
78297	1
74405	1
84451	1
71503	1
57240	1
95807	1
95587	1
30443	1
80465	1
30372	1
89272	1
84996	1
99494	1
54782	1
91126	1
50236	1
13967	1
2259	1
37097	1
74520	1
33710	1
26729	1
17099	1
68022	1
49194	1
51020	1
27470	1
5667	1
84996	1
43971	1
74405	1
2616	1
56941	1
76290	1
62184	1
36718	1
84996	1
72241	1
91489	1
29106	1
71613	1
72531	1
63814	1
53854	1
40930	1
84118	1
38603	1
7737	1
33742	1
53223	1
72250	1
27360	1
94570	1
84996	1
95367	1
39232	1
84996	1
12308	1
80535	1
53223	1
97256	1
20217	1
53223	1
37374	1
73361	1
29469	1
97472	1
6178	1
26704	1
16769	1
24379	1
74405	1
4945	1
15470	1
6178	1
11899	1
57680	1
44081	1
29249	1
17515	1
53223	1
21340	1
20078	1
26323	1
27360	1
56478	1
26453	1
79875	1
96717	1
53835	1
41949	1
84996	1
2281	1
6178	1
29367	1
82983	1
96353	1
55016	1
10749	1
76407	1
23115	1
74405	1
44081	1
63814	1
14330	1
85299	1
74405	1
68275	1
36392	1
9694	1
38991	1
18002	1
18438	1
95587	1
39836	1
53765	1
3168	1
84996	1
27360	1
46983	1
53223	1
84996	1
89783	1
98159	1
22899	1
94506	1
3461	1
53223	1
81968	1
44623	1
50757	1
1717	1
91016	1
85785	1
97939	1
27360	1
41505	1
1273	1
10089	1
89567	1
37273	1
75964	1
2803	1
6178	1
96525	1
65373	1
39306	1
15210	1
40147	1
2043	1
85212	1
75964	1
74405	1
64437	1
61811	1
48652	1
63814	1
6288	1
12831	1
88440	1
31007	1
78894	1
65418	1
47479	1
99577	1
35375	1
65361	1
60912	1
95587	1
57348	1
98832	1
8640	1
13779	1
78866	1
24387	1
29355	1
82424	1
64356	1
48459	1
92270	1
4619	1
51554	1
17452	1
91164	1
27360	1
64026	1
53223	1
10145	1
74405	1
94028	1
27360	1
57489	1
32666	1
74405	1
74208	1
4945	1
27360	1
80425	1
65373	1
74405	1
91126	1
77143	1
95587	1
95587	1
78069	1
81658	1
90553	1
74405	1
81133	1
17751	1
26084	1
63814	1
66243	1
91016	1
62004	1
59926	1
6178	1
95174	1
10454	1
6500	1
4414	1
74405	1
4482	1
48652	1
6925	1
88197	1
16769	1
31867	1
61705	1
48652	1
73062	1
3658	1
6504	1
64640	1
74405	1
30368	1
84996	1
31931	1
51554	1
63044	1
54423	1
5574	1
2459	1
6178	1
84581	1
57464	1
23225	1
69944	1
48652	1
74405	1
20923	1
30847	1
20543	1
79002	1
62691	1
91016	1
4914	1
23225	1
90003	1
30372	1
6178	1
55637	1
16879	1
77955	1
84996	1
93808	1
57373	1
45636	1
75221	1
73529	1
26208	1
21340	1
7737	1
17311	1
35159	1
65670	1
50757	1
31472	1
74405	1
30777	1
94354	1
50537	1
74405	1
27329	1
48652	1
91016	1
69724	1
65699	1
34599	1
237	1
10329	1
44191	1
88440	1
53223	1
88367	1
40398	1
97588	1
52273	1
158	1
27470	1
27682	1
95534	1
16769	1
84996	1
35294	1
48767	1
74405	1
9128	1
83979	1
25911	1
78843	1
74405	1
53439	1
16769	1
52001	1
95587	1
14934	1
6288	1
65128	1
62687	1
27360	1
86988	1
33546	1
63810	1
6178	1
39884	1
90360	1
63814	1
46076	1
63814	1
51580	1
61365	1
78835	1
76867	1
5138	1
83653	1
20460	1
94601	1
81957	1
72823	1
82173	1
38061	1
33600	1
36934	1
6064	1
60802	1
70081	1
32808	1
16879	1
50321	1
21886	1
40421	1
30372	1
8067	1
6772	1
27470	1
48978	1
38061	1
21653	1
74405	1
56688	1
97036	1
55351	1
54319	1
53223	1
74405	1
96090	1
19669	1
74405	1
83653	1
6178	1
53223	1
63814	1
57327	1
9638	1
57684	1
16879	1
3114	1
63814	1
87977	1
74405	1
95587	1
61651	1
63814	1
92905	1
59243	1
27530	1
74405	1
53223	1
65373	1
7556	1
32257	1
56725	1
95830	1
22274	1
80425	1
27418	1
74405	1
84784	1
60005	1
70384	1
74405	1
87118	1
65373	1
70160	1
9732	1
84996	1
63814	1
50211	1
59243	1
13536	1
84996	1
14519	1
27360	1
55249	1
82530	1
74405	1
27360	1
84996	1
31377	1
81172	1
93492	1
13940	1
31931	1
158	1
53223	1
74405	1
62799	1
6178	1
57076	1
86555	1
84996	1
75964	1
48652	1
74405	1
56781	1
53223	1
25801	1
46983	1
18324	1
80008	1
33679	1
10388	1
38928	1
89457	1
374	1
63814	1
41289	1
87101	1
91016	1
26756	1
38061	1
96270	1
20190	1
53223	1
53223	1
95587	1
26127	1
62031	1
54144	1
13867	1
74405	1
74405	1
918	1
94570	1
48652	1
74405	1
27331	1
84996	1
64742	1
39923	1
24348	1
68506	1
75964	1
95587	1
16902	1
17342	1
56935	1
75964	1
95587	1
6178	1
27470	1
143	1
67693	1
60148	1
80535	1
27360	1
66328	1
55795	1
70545	1
37158	1
49198	1
27360	1
74405	1
6830	1
94180	1
41289	1
71840	1
48652	1
84190	1
36547	1
74405	1
73913	1
16879	1
26343	1
20242	1
38061	1
92685	1
76290	1
53223	1
48652	1
90827	1
67862	1
33816	1
29803	1
28070	1
43450	1
22899	1
6178	1
58541	1
58500	1
86225	1
53223	1
84996	1
89457	1
40963	1
53223	1
72736	1
56690	1
17	1
84996	1
84996	1
2763	1
81874	1
40092	1
74405	1
27360	1
27360	1
19997	1
74405	1
84996	1
63814	1
85189	1
27663	1
84996	1
74405	1
17095	1
80425	1
10305	1
74405	1
38061	1
22899	1
44191	1
13427	1
74405	1
91016	1
87097	1
31217	1
1720	1
52947	1
27360	1
74405	1
38061	1
1717	1
71244	1
53163	1
6178	1
58230	1
25911	1
1846	1
53223	1
48652	1
81187	1
58280	1
74405	1
91975	1
14197	1
1717	1
10776	1
27360	1
32693	1
27360	1
47309	1
9406	1
23665	1
53223	1
69504	1
73986	1
11152	1
95587	1
36934	1
60802	1
64030	1
5958	1
48185	1
16769	1
86597	1
77277	1
14781	1
74405	1
38823	1
96569	1
99035	1
56997	1
68275	1
24784	1
91715	1
89999	1
49076	1
85809	1
16658	1
10185	1
35154	1
80425	1
15260	1
53223	1
84996	1
84996	1
21340	1
23142	1
39836	1
59798	1
51554	1
14797	1
68734	1
24304	1
74405	1
38061	1
66519	1
968	1
16769	1
16769	1
5817	1
53223	1
30335	1
56576	1
68491	1
21567	1
84996	1
31354	1
47500	1
16769	1
12391	1
2730	1
54703	1
16769	1
74405	1
53199	1
62523	1
80425	1
37434	1
89181	1
43068	1
53223	1
18910	1
88228	1
55434	1
70390	1
98788	1
21403	1
63814	1
48652	1
74405	1
87648	1
24728	1
63810	1
19231	1
84996	1
50537	1
36585	1
11382	1
74405	1
75964	1
20209	1
97688	1
74405	1
82094	1
48652	1
22899	1
67395	1
74405	1
91919	1
46983	1
47029	1
16769	1
72626	1
7706	1
57442	1
45254	1
28562	1
58109	1
12308	1
13977	1
63814	1
84996	1
97146	1
23545	1
58803	1
22899	1
36392	1
30914	1
1333	1
27470	1
53223	1
57707	1
65373	1
84996	1
38061	1
44407	1
74405	1
65211	1
68111	1
28056	1
91668	1
30760	1
35898	1
84363	1
31948	1
69170	1
84996	1
33490	1
80425	1
22322	1
53223	1
84996	1
53923	1
46983	1
16769	1
54095	1
40963	1
87917	1
95587	1
61477	1
29932	1
1677	1
6252	1
74405	1
27470	1
38134	1
52096	1
42177	1
6288	1
83653	1
6288	1
47697	1
19781	1
16963	1
5102	1
91016	1
25504	1
86555	1
10749	1
49555	1
63814	1
52563	1
33600	1
85210	1
53223	1
39946	1
91342	1
38281	1
63814	1
66982	1
21639	1
9734	1
26761	1
2400	1
42310	1
84996	1
15073	1
45750	1
74405	1
17082	1
37787	1
12308	1
66772	1
99251	1
49194	1
53223	1
63897	1
49223	1
74405	1
93018	1
65809	1
71393	1
38800	1
84996	1
59096	1
99176	1
35155	1
1855	1
42507	1
84996	1
91016	1
7847	1
80091	1
12871	1
4482	1
30777	1
74405	1
27360	1
11274	1
69178	1
90109	1
93505	1
84172	1
40411	1
8200	1
50431	1
1717	1
44671	1
27470	1
41540	1
58137	1
23202	1
63814	1
74405	1
53223	1
76407	1
84996	1
47610	1
538	1
6178	1
53223	1
44081	1
13034	1
53443	1
57684	1
54782	1
63814	1
81531	1
47996	1
30092	1
89926	1
42358	1
33729	1
54261	1
78275	1
94028	1
64466	1
15426	1
45314	1
82397	1
74405	1
12308	1
18218	1
74405	1
19997	1
63814	1
16769	1
35269	1
74405	1
74405	1
94244	1
17641	1
96982	1
76068	1
98728	1
47614	1
60692	1
86555	1
74405	1
158	1
91043	1
69834	1
16769	1
74405	1
40939	1
78393	1
76867	1
27360	1
15640	1
95913	1
33737	1
15210	1
6425	1
12308	1
32776	1
74405	1
31275	1
94491	1
16769	1
16532	1
38061	1
96812	1
74405	1
91919	1
95803	1
74405	1
77577	1
74405	1
51908	1
6178	1
81658	1
55108	1
40914	1
22899	1
53223	1
16769	1
15426	1
17680	1
26343	1
15096	1
50537	1
8090	1
42522	1
38061	1
6178	1
68817	1
63814	1
48625	1
74405	1
21556	1
84992	1
22594	1
32121	1
13730	1
48405	1
2643	1
49634	1
21446	1
25801	1
4619	1
36498	1
53655	1
23115	1
19042	1
84996	1
64003	1
27360	1
74405	1
6830	1
42138	1
30551	1
95226	1
74405	1
48652	1
63453	1
9485	1
93808	1
57900	1
4843	1
4509	1
99579	1
95587	1
69834	1
54693	1
16769	1
69174	1
16769	1
42107	1
52178	1
75088	1
53223	1
9190	1
50977	1
59212	1
83653	1
95587	1
74405	1
71719	1
53223	1
74405	1
45636	1
74405	1
97472	1
84996	1
9813	1
51880	1
72130	1
41179	1
68618	1
8520	1
69070	1
12308	1
88237	1
45550	1
39396	1
59785	1
6178	1
26430	1
84996	1
11565	1
93447	1
71802	1
19202	1
74405	1
16769	1
34947	1
7737	1
91562	1
11918	1
37532	1
79262	1
83312	1
94008	1
95614	1
53223	1
83437	1
38781	1
75964	1
75964	1
18324	1
23418	1
32321	1
10745	1
74405	1
90219	1
63814	1
97801	1
18658	1
84996	1
38744	1
53223	1
49171	1
5165	1
74405	1
63814	1
16769	1
68275	1
82310	1
66932	1
56777	1
52100	1
14061	1
44108	1
74405	1
74405	1
66465	1
82090	1
4619	1
52540	1
67538	1
58226	1
20680	1
55519	1
84996	1
12308	1
63814	1
95587	1
69834	1
14193	1
71613	1
92699	1
16879	1
21886	1
53223	1
38312	1
4835	1
33593	1
91942	1
15426	1
51413	1
71459	1
74405	1
57199	1
21340	1
66496	1
19781	1
77633	1
75590	1
84996	1
16769	1
14745	1
95587	1
21147	1
74405	1
63814	1
75275	1
74405	1
74405	1
36334	1
16769	1
45287	1
80755	1
1717	1
51509	1
27360	1
74405	1
69770	1
15536	1
82094	1
16769	1
41941	1
41445	1
74405	1
50649	1
2043	1
83109	1
85214	1
81501	1
3519	1
80425	1
30003	1
4835	1
8860	1
84267	1
71835	1
53223	1
94354	1
43940	1
45966	1
14739	1
94354	1
80425	1
74405	1
84996	1
43664	1
57184	1
49555	1
95587	1
88581	1
98375	1
30972	1
54404	1
33953	1
66355	1
74405	1
85243	1
40606	1
73282	1
45750	1
66000	1
54782	1
94354	1
69834	1
40963	1
23335	1
32834	1
66297	1
49775	1
36502	1
63814	1
97968	1
53659	1
40963	1
42302	1
63814	1
80535	1
74405	1
5605	1
16879	1
38061	1
86555	1
61533	1
2479	1
602	1
68437	1
35296	1
78042	1
45750	1
16879	1
65915	1
13977	1
74405	1
6062	1
74405	1
48652	1
95587	1
99678	1
74405	1
25801	1
21120	1
66492	1
34615	1
84996	1
61140	1
69834	1
95587	1
33490	1
25801	1
72736	1
63783	1
74405	1
72736	1
74405	1
6485	1
74405	1
25801	1
36392	1
13184	1
6806	1
53223	1
30694	1
69834	1
53223	1
16989	1
74405	1
87757	1
36392	1
47093	1
96517	1
71196	1
88577	1
38061	1
69834	1
91016	1
25911	1
48052	1
37220	1
46406	1
40387	1
82310	1
89457	1
22542	1
53439	1
84996	1
36334	1
82856	1
12308	1
86667	1
74405	1
63814	1
70843	1
45275	1
6178	1
84996	1
83956	1
922	1
53057	1
62355	1
94574	1
30476	1
16879	1
83653	1
27360	1
74405	1
4619	1
99251	1
61626	1
84996	1
76917	1
74405	1
9190	1
27140	1
84996	1
9732	1
84996	1
3382	1
33816	1
37158	1
5714	1
9190	1
1717	1
8667	1
45957	1
54568	1
17056	1
74405	1
63814	1
69126	1
68341	1
22652	1
44623	1
43334	1
82314	1
27470	1
77934	1
77849	1
72736	1
17095	1
29355	1
5194	1
44600	1
31794	1
16879	1
74405	1
60225	1
88199	1
88932	1
69834	1
49497	1
80064	1
53443	1
4646	1
2616	1
60635	1
35439	1
98925	1
84996	1
63814	1
63434	1
74405	1
84996	1
82451	1
61157	1
16769	1
9190	1
23225	1
50942	1
89123	1
91016	1
73309	1
60366	1
99324	1
27686	1
3822	1
74405	1
65466	1
35921	1
83377	1
49748	1
1717	1
91016	1
51770	1
53624	1
58043	1
13404	1
25801	1
32367	1
6178	1
21340	1
51585	1
99031	1
79192	1
70380	1
62471	1
48025	1
16769	1
76865	1
74561	1
59679	1
75198	1
32847	1
84047	1
74405	1
74405	1
6178	1
84996	1
7023	1
52079	1
53223	1
55002	1
86281	1
93356	1
68601	1
95587	1
54701	1
43570	1
74405	1
89787	1
39400	1
74405	1
54881	1
74405	1
9190	1
87074	1
3051	1
21639	1
74405	1
41793	1
74405	1
16769	1
6178	1
35512	1
97414	1
74734	1
48212	1
50211	1
800	1
90717	1
86555	1
21855	1
65942	1
94727	1
48652	1
74405	1
55870	1
75964	1
84996	1
96789	1
87095	1
25331	1
53223	1
72790	1
22538	1
79559	1
76290	1
53223	1
53223	1
14770	1
27360	1
74405	1
80535	1
25801	1
63484	1
24622	1
84996	1
16769	1
36913	1
41392	1
38061	1
44984	1
95450	1
25031	1
63814	1
90549	1
59243	1
99652	1
95913	1
21440	1
69477	1
16769	1
9186	1
27470	1
84996	1
158	1
27470	1
74405	1
25911	1
58010	1
63453	1
16879	1
26471	1
75748	1
39193	1
74405	1
55324	1
59243	1
53223	1
7737	1
80425	1
96710	1
10965	1
42192	1
37025	1
66876	1
89067	1
84996	1
27360	1
18764	1
23036	1
1717	1
63814	1
17067	1
45530	1
36818	1
79082	1
74405	1
21006	1
89889	1
23030	1
35541	1
7737	1
91016	1
1937	1
74405	1
65373	1
60110	1
845	1
21834	1
74405	1
84996	1
43969	1
16769	1
99048	1
31271	1
78646	1
89999	1
59785	1
84996	1
74405	1
44567	1
47253	1
75007	1
86555	1
67922	1
75717	1
74405	1
16769	1
42601	1
158	1
83869	1
16769	1
74405	1
27470	1
72736	1
16769	1
80425	1
74405	1
92681	1
92760	1
74405	1
55944	1
15889	1
44081	1
66739	1
63814	1
82090	1
95587	1
13765	1
29712	1
87595	1
78226	1
49634	1
94032	1
47309	1
55569	1
84996	1
24448	1
74405	1
60163	1
235	1
97146	1
42190	1
57399	1
56864	1
23881	1
96519	1
93011	1
29488	1
79192	1
84996	1
65373	1
8663	1
52289	1
65504	1
33490	1
63150	1
80751	1
64356	1
4966	1
21446	1
71119	1
53223	1
44699	1
72736	1
56592	1
58450	1
39180	1
74405	1
57684	1
26347	1
33380	1
36554	1
74405	1
7544	1
8887	1
63814	1
75612	1
39299	1
71719	1
47309	1
44081	1
49279	1
94545	1
91998	1
72813	1
53223	1
74405	1
91122	1
74405	1
24026	1
44627	1
44055	1
53223	1
2869	1
80095	1
74405	1
87653	1
74405	1
69834	1
4150	1
74405	1
74349	1
74405	1
73834	1
74405	1
46352	1
84996	1
72155	1
57784	1
69423	1
65915	1
58446	1
35296	1
29376	1
47093	1
52756	1
10749	1
53223	1
5055	1
27769	1
89567	1
84996	1
36743	1
73062	1
3955	1
83759	1
62687	1
2962	1
58433	1
27250	1
53223	1
74405	1
6178	1
36392	1
33600	1
73278	1
79861	1
63814	1
42464	1
93447	1
74405	1
3307	1
74405	1
15210	1
44733	1
63814	1
85449	1
95587	1
91126	1
86839	1
27574	1
79736	1
51854	1
95587	1
31414	1
35429	1
71935	1
84996	1
61894	1
22775	1
37847	1
63814	1
74405	1
57684	1
85515	1
76526	1
82739	1
90296	1
53223	1
4619	1
77685	1
53223	1
48652	1
46105	1
12308	1
5807	1
33490	1
47309	1
63810	1
35022	1
23142	1
59569	1
7843	1
78517	1
44644	1
68711	1
51880	1
82873	1
28012	1
53956	1
73278	1
11405	1
27360	1
54562	1
92822	1
71719	1
84996	1
30372	1
6178	1
15731	1
14087	1
53223	1
6178	1
54724	1
55982	1
62064	1
71439	1
56478	1
27140	1
22899	1
63814	1
48708	1
74405	1
37366	1
69834	1
35049	1
17861	1
94896	1
53223	1
74405	1
50336	1
35159	1
36206	1
20240	1
65809	1
50977	1
46983	1
60385	1
94410	1
74405	1
37841	1
57301	1
74405	1
87894	1
94931	1
27470	1
83217	1
32788	1
74405	1
47093	1
91016	1
20213	1
74405	1
74405	1
27360	1
23005	1
27360	1
13753	1
50211	1
72846	1
51770	1
16879	1
58691	1
54699	1
3276	1
16769	1
74405	1
84996	1
41919	1
17315	1
16165	1
16769	1
87989	1
74405	1
93912	1
75501	1
25874	1
67843	1
63814	1
63814	1
77633	1
46983	1
71723	1
99378	1
84718	1
87321	1
48652	1
39643	1
81822	1
68823	1
75964	1
6500	1
70160	1
80535	1
28506	1
66712	1
96542	1
22899	1
7837	1
63814	1
85762	1
91126	1
53223	1
54782	1
84996	1
27250	1
62907	1
75964	1
44104	1
72159	1
45966	1
370	1
10965	1
85536	1
57651	1
81681	1
48652	1
90109	1
79192	1
27360	1
11895	1
13238	1
32477	1
31304	1
60692	1
91016	1
98925	1
74405	1
80425	1
44191	1
20213	1
63814	1
131	1
46983	1
48758	1
84996	1
19638	1
36135	1
42163	1
48652	1
78866	1
20323	1
59459	1
44197	1
9190	1
74405	1
16769	1
83282	1
98871	1
74405	1
77633	1
63396	1
53223	1
74405	1
79082	1
83437	1
64850	1
84996	1
78866	1
53223	1
38823	1
1520	1
74405	1
27686	1
36392	1
94354	1
63814	1
2047	1
80535	1
43008	1
20157	1
94140	1
46994	1
23582	1
53223	1
41588	1
54757	1
45204	1
84996	1
99938	1
5578	1
50977	1
74405	1
13730	1
65099	1
1852	1
72321	1
40374	1
20433	1
74262	1
91126	1
51492	1
40010	1
91126	1
3602	1
84996	1
69944	1
46024	1
87541	1
74405	1
84996	1
74405	1
74405	1
67526	1
74405	1
98704	1
7164	1
85212	1
3521	1
25872	1
47996	1
48432	1
74405	1
36418	1
25911	1
78866	1
86744	1
6961	1
44733	1
74405	1
58926	1
6982	1
2539	1
20617	1
58064	1
69834	1
94354	1
64929	1
13227	1
68900	1
53223	1
75005	1
48648	1
81982	1
53223	1
85212	1
69834	1
27360	1
32147	1
20217	1
84996	1
70951	1
64470	1
68870	1
4835	1
53223	1
67069	1
64356	1
97414	1
89999	1
54782	1
82094	1
16879	1
84996	1
44081	1
17855	1
65373	1
48652	1
59243	1
53223	1
74405	1
53223	1
11336	1
53223	1
6178	1
84996	1
46846	1
10033	1
56557	1
74405	1
74405	1
38281	1
65226	1
79188	1
6178	1
84996	1
39373	1
85212	1
44081	1
33490	1
27470	1
59459	1
53439	1
86775	1
48847	1
23526	1
58230	1
31931	1
12308	1
84996	1
74302	1
6178	1
84996	1
73745	1
62057	1
16769	1
84992	1
34148	1
25550	1
47471	1
29465	1
6178	1
84996	1
6178	1
17421	1
30750	1
96785	1
64329	1
53223	1
4835	1
53082	1
60454	1
72736	1
19781	1
84996	1
63814	1
99938	1
27790	1
81537	1
22102	1
69944	1
45173	1
53223	1
6178	1
85243	1
8883	1
38986	1
74405	1
74405	1
53223	1
91016	1
35952	1
19781	1
71503	1
70486	1
97093	1
27360	1
40963	1
95587	1
71503	1
53223	1
84996	1
19252	1
27360	1
76946	1
63814	1
38061	1
80425	1
84996	1
25911	1
54782	1
96449	1
70500	1
28726	1
71499	1
38277	1
96901	1
81658	1
3523	1
97225	1
16769	1
74262	1
22899	1
52430	1
54782	1
63814	1
79028	1
53223	1
16769	1
63814	1
95587	1
90360	1
53223	1
63814	1
3463	1
1800	1
91016	1
97005	1
53223	1
38061	1
59160	1
57067	1
96195	1
6178	1
56294	1
5001	1
65373	1
96023	1
16769	1
69834	1
88224	1
14143	1
74405	1
16879	1
52293	1
65699	1
81359	1
74405	1
2736	1
70540	1
84996	1
27360	1
84996	1
45750	1
32693	1
10637	1
33953	1
72869	1
74405	1
89513	1
84996	1
32087	1
47309	1
52783	1
74405	1
29029	1
74405	1
59243	1
36035	1
95587	1
51554	1
76089	1
7737	1
86775	1
17396	1
35049	1
63193	1
63814	1
53223	1
27360	1
51880	1
45854	1
71431	1
64167	1
84996	1
76232	1
2846	1
74405	1
17795	1
62687	1
44407	1
84996	1
68192	1
8970	1
54778	1
16769	1
8860	1
31910	1
96023	1
4835	1
48652	1
21666	1
47525	1
99938	1
12308	1
49146	1
4015	1
74405	1
34557	1
2278	1
6178	1
16415	1
63814	1
44104	1
20543	1
12308	1
56553	1
56887	1
30071	1
16769	1
10460	1
53223	1
39919	1
3399	1
16879	1
44434	1
27582	1
54645	1
84996	1
42273	1
47745	1
74405	1
43232	1
53223	1
84996	1
21564	1
42848	1
53443	1
49748	1
53223	1
64794	1
45181	1
5134	1
74405	1
65228	1
75952	1
3903	1
40083	1
84996	1
63814	1
96569	1
91016	1
74405	1
74405	1
74405	1
91126	1
71499	1
84996	1
6178	1
28616	1
80564	1
13817	1
43579	1
94244	1
27360	1
70544	1
93254	1
54998	1
21141	1
33490	1
45750	1
97472	1
12668	1
12682	1
40355	1
25581	1
57080	1
30372	1
88554	1
91126	1
47828	1
82420	1
95587	1
85376	1
1959	1
67258	1
48650	1
79628	1
64030	1
22899	1
63814	1
51554	1
47749	1
85019	1
28176	1
53223	1
4215	1
8146	1
95587	1
12745	1
53223	1
16769	1
4835	1
84996	1
63031	1
27470	1
10896	1
83669	1
39303	1
35815	1
6178	1
64246	1
53223	1
74405	1
95226	1
82210	1
86555	1
16769	1
53223	1
95587	1
3523	1
10409	1
27360	1
82420	1
74405	1
74405	1
65176	1
20786	1
70720	1
40721	1
69834	1
81407	1
53223	1
90709	1
31931	1
82887	1
48652	1
27686	1
16769	1
19781	1
25818	1
95587	1
84996	1
87265	1
88577	1
91016	1
96569	1
87632	1
79525	1
85212	1
48652	1
51322	1
74405	1
61128	1
62764	1
19781	1
99172	1
44187	1
69834	1
50180	1
7737	1
95930	1
12308	1
63814	1
82613	1
15206	1
74405	1
35636	1
8146	1
2180	1
45750	1
34032	1
51533	1
93808	1
46192	1
63814	1
74405	1
52513	1
74428	1
59243	1
51880	1
79055	1
83657	1
3382	1
95587	1
95587	1
27360	1
19781	1
73334	1
74405	1
55054	1
32940	1
68271	1
90329	1
27146	1
6178	1
53223	1
46709	1
79082	1
27360	1
33798	1
80726	1
48735	1
41179	1
63814	1
84996	1
47309	1
80751	1
63814	1
76867	1
54782	1
53223	1
40465	1
74405	1
67343	1
79694	1
53223	1
27360	1
33490	1
67468	1
62145	1
97688	1
83790	1
78866	1
67464	1
16879	1
26704	1
53223	1
6245	1
91809	1
74405	1
34582	1
60312	1
27470	1
54398	1
13977	1
74405	1
91016	1
89457	1
91016	1
1717	1
36392	1
67427	1
53223	1
97472	1
89457	1
17311	1
47549	1
5983	1
73062	1
53223	1
68601	1
18521	1
28329	1
69944	1
74405	1
14592	1
53522	1
84996	1
39420	1
27470	1
49858	1
94028	1
57149	1
71337	1
84996	1
74405	1
91122	1
33845	1
33490	1
60553	1
74405	1
53223	1
16769	1
63814	1
11841	1
27360	1
8611	1
29355	1
1717	1
77633	1
48	1
20159	1
53001	1
38061	1
700	1
12304	1
63814	1
91778	1
80346	1
42383	1
97688	1
84996	1
63814	1
83437	1
35379	1
76565	1
84996	1
48652	1
63118	1
53223	1
57447	1
40602	1
93011	1
85676	1
63704	1
94570	1
74405	1
63814	1
74405	1
78293	1
33909	1
38061	1
52999	1
41146	1
38061	1
69724	1
51920	1
74405	1
64468	1
40963	1
53223	1
61824	1
74405	1
97005	1
88114	1
53223	1
31931	1
89783	1
74405	1
74405	1
84996	1
84996	1
69257	1
15210	1
53223	1
44984	1
15536	1
44191	1
81654	1
74405	1
3135	1
36824	1
74405	1
49472	1
74405	1
51378	1
46734	1
59785	1
63814	1
70652	1
25801	1
43097	1
84996	1
57460	1
4395	1
69284	1
74405	1
79331	1
61252	1
54668	1
95587	1
64237	1
83350	1
75964	1
84336	1
30372	1
74405	1
24022	1
1171	1
84996	1
84996	1
55483	1
7627	1
13165	1
32230	1
74405	1
65373	1
84996	1
20165	1
22899	1
94028	1
7737	1
34636	1
83437	1
62145	1
83437	1
74405	1
1493	1
55669	1
3342	1
40880	1
96424	1
74405	1
96156	1
53223	1
84996	1
48868	1
91016	1
84996	1
44623	1
74405	1
49741	1
10691	1
6288	1
3056	1
62934	1
95882	1
11044	1
38899	1
38852	1
80936	1
32156	1
3276	1
37912	1
80425	1
86927	1
88114	1
85538	1
8970	1
69834	1
40963	1
20072	1
18513	1
84996	1
77849	1
64850	1
37920	1
38404	1
38061	1
11974	1
95373	1
23115	1
63814	1
46983	1
93862	1
95587	1
63814	1
48	1
53223	1
74405	1
53223	1
56341	1
91126	1
44764	1
65271	1
91126	1
41399	1
84996	1
89999	1
23425	1
71203	1
74405	1
63814	1
28290	1
18542	1
74405	1
84996	1
67831	1
69062	1
16879	1
56673	1
95587	1
54782	1
44191	1
16879	1
77633	1
48652	1
53223	1
74405	1
94026	1
44081	1
23418	1
6288	1
28225	1
48121	1
96672	1
74405	1
91126	1
67417	1
16879	1
8033	1
75964	1
51081	1
91126	1
7760	1
47677	1
27360	1
12308	1
16769	1
53223	1
2043	1
27466	1
57624	1
80535	1
43281	1
2983	1
10787	1
67343	1
41065	1
74405	1
94300	1
11324	1
33127	1
20433	1
62035	1
24128	1
74405	1
9622	1
12524	1
74405	1
33490	1
6288	1
7853	1
6897	1
74405	1
84996	1
16879	1
48652	1
50734	1
23420	1
18438	1
16879	1
25801	1
63814	1
76363	1
90223	1
74405	1
74621	1
19451	1
55463	1
92901	1
55611	1
18026	1
84996	1
37996	1
36392	1
45393	1
19692	1
32971	1
53223	1
52100	1
27360	1
69834	1
74405	1
53223	1
72736	1
77523	1
79296	1
46983	1
87247	1
41945	1
74405	1
38497	1
90277	1
27360	1
29355	1
54421	1
90167	1
76506	1
85596	1
91126	1
96839	1
63814	1
3272	1
33490	1
70133	1
11846	1
81957	1
58226	1
93011	1
54398	1
63814	1
73600	1
63814	1
23849	1
86881	1
6178	1
4619	1
9732	1
24784	1
71965	1
16769	1
31684	1
95587	1
72846	1
53223	1
39184	1
12308	1
57900	1
69944	1
63453	1
84996	1
62255	1
81847	1
62255	1
33963	1
24564	1
47803	1
33333	1
81297	1
60005	1
91236	1
47093	1
93775	1
44156	1
44191	1
15536	1
44191	1
37374	1
80931	1
41509	1
74405	1
1717	1
84247	1
17311	1
38607	1
74405	1
16103	1
30588	1
18791	1
4619	1
4010	1
1717	1
25417	1
38061	1
26704	1
16769	1
63814	1
27360	1
7737	1
74405	1
24784	1
43228	1
2774	1
39261	1
91369	1
74405	1
63814	1
18438	1
47496	1
38061	1
40963	1
59243	1
60688	1
31848	1
47093	1
44519	1
11565	1
17083	1
44081	1
32286	1
74158	1
59243	1
70008	1
5705	1
38603	1
37721	1
39771	1
53223	1
4835	1
5458	1
33897	1
9346	1
98348	1
80425	1
86949	1
51031	1
21355	1
61101	1
15536	1
27331	1
19038	1
38387	1
70488	1
90329	1
97422	1
53223	1
83437	1
55926	1
68261	1
45393	1
48652	1
69504	1
32693	1
15536	1
5441	1
60366	1
16769	1
79192	1
20024	1
84996	1
69834	1
74405	1
7847	1
76338	1
82612	1
11841	1
63814	1
63704	1
8325	1
91016	1
71879	1
53223	1
24105	1
22899	1
95587	1
84352	1
91016	1
16628	1
80284	1
26019	1
94435	1
76180	1
93694	1
91865	1
74405	1
84996	1
74405	1
63814	1
74405	1
63814	1
98176	1
65373	1
80147	1
84996	1
42883	1
8354	1
35159	1
5094	1
53084	1
16288	1
74405	1
63814	1
38769	1
12308	1
71719	1
24348	1
53223	1
95587	1
56447	1
22899	1
17342	1
56777	1
84996	1
58010	1
69664	1
16769	1
75547	1
55089	1
36990	1
25801	1
16769	1
6288	1
16439	1
63814	1
5515	1
18438	1
74405	1
38034	1
82890	1
24074	1
89567	1
69834	1
74405	1
44191	1
96154	1
23825	1
82644	1
60143	1
77438	1
62004	1
17255	1
86225	1
70567	1
97715	1
14990	1
42192	1
16879	1
85243	1
6178	1
84996	1
84996	1
14197	1
41205	1
46983	1
33285	1
45393	1
5630	1
374	1
75497	1
99849	1
31931	1
65666	1
84996	1
52783	1
74405	1
16769	1
71613	1
80967	1
1717	1
74405	1
3743	1
84996	1
42540	1
74405	1
74405	1
59841	1
84774	1
63814	1
89457	1
74405	1
76128	1
38717	1
16439	1
84996	1
27686	1
84996	1
36934	1
45283	1
53902	1
51822	1
53223	1
53223	1
51849	1
72516	1
33988	1
16879	1
67694	1
84996	1
11837	1
98922	1
12308	1
5078	1
74405	1
24407	1
23777	1
74405	1
34142	1
84696	1
53846	1
21635	1
53223	1
47855	1
38061	1
34036	1
88884	1
44081	1
9163	1
6178	1
25801	1
85102	1
5299	1
53223	1
19781	1
97688	1
38061	1
59243	1
16769	1
74405	1
33702	1
76427	1
74405	1
95587	1
48675	1
74405	1
51154	1
69834	1
74405	1
47137	1
25905	1
84996	1
58363	1
74621	1
56341	1
15536	1
74405	1
84996	1
63814	1
80967	1
36502	1
84996	1
81982	1
35489	1
27360	1
14700	1
28113	1
53113	1
38061	1
16134	1
81818	1
48652	1
77847	1
29332	1
48185	1
374	1
51770	1
83790	1
63704	1
36398	1
7714	1
11320	1
4835	1
78866	1
55434	1
53223	1
34150	1
25299	1
90140	1
52605	1
74405	1
1520	1
38061	1
63814	1
69944	1
27360	1
83064	1
58104	1
96133	1
84996	1
60090	1
53223	1
61934	1
9429	1
58446	1
46505	1
77633	1
65493	1
2153	1
158	1
77303	1
84996	1
9433	1
79192	1
7407	1
84996	1
38607	1
90003	1
63814	1
84996	1
29739	1
65915	1
74405	1
43397	1
91122	1
32147	1
74405	1
54782	1
18579	1
27190	1
53223	1
12308	1
25168	1
86423	1
8063	1
49322	1
74405	1
16769	1
33490	1
65699	1
634	1
27360	1
53223	1
39591	1
19094	1
76620	1
63814	1
69944	1
9929	1
38061	1
76611	1
24773	1
61452	1
13723	1
58010	1
37944	1
98288	1
10357	1
74405	1
27360	1
83321	1
28892	1
88120	1
82420	1
94244	1
8970	1
26744	1
16769	1
51554	1
36392	1
72622	1
84708	1
70224	1
2975	1
16769	1
63814	1
18729	1
30671	1
74405	1
74405	1
5358	1
45966	1
36392	1
53223	1
71362	1
74405	1
95504	1
16518	1
1304	1
18878	1
53223	1
94244	1
79082	1
53223	1
72371	1
51554	1
77446	1
74405	1
18764	1
33710	1
84996	1
84996	1
78808	1
63814	1
60241	1
95199	1
74293	1
98395	1
6448	1
74405	1
34669	1
73535	1
66483	1
74405	1
38061	1
16769	1
54998	1
1049	1
21859	1
59625	1
20676	1
30372	1
12308	1
74405	1
75964	1
63814	1
38603	1
74405	1
48652	1
27470	1
74405	1
36392	1
24458	1
81077	1
57491	1
64690	1
65373	1
78870	1
88435	1
53223	1
73184	1
76768	1
43386	1
75964	1
21340	1
65809	1
18544	1
94190	1
53111	1
95587	1
3860	1
83361	1
89999	1
64553	1
53866	1
36392	1
68491	1
74405	1
30887	1
60331	1
74405	1
1717	1
30421	1
16769	1
46983	1
96569	1
748	1
3211	1
20132	1
27360	1
158	1
84996	1
6500	1
93887	1
84996	1
79543	1
70596	1
68491	1
48432	1
2263	1
59459	1
63814	1
52420	1
73046	1
74405	1
31931	1
42085	1
4258	1
70023	1
16769	1
15177	1
48652	1
29899	1
77409	1
42667	1
48652	1
51554	1
44191	1
6288	1
14193	1
57391	1
77768	1
24317	1
74405	1
57984	1
16769	1
2263	1
31711	1
4538	1
11864	1
53223	1
18986	1
36392	1
74582	1
7845	1
84996	1
54782	1
72375	1
8193	1
24458	1
36502	1
8146	1
79150	1
29029	1
30372	1
48652	1
45173	1
3735	1
53223	1
84996	1
47388	1
53180	1
28971	1
46666	1
30590	1
74405	1
44148	1
9190	1
27582	1
26426	1
54365	1
27360	1
78866	1
2259	1
74405	1
84996	1
40351	1
51573	1
22758	1
34576	1
6288	1
92702	1
74405	1
53223	1
55324	1
61923	1
74405	1
16375	1
84996	1
84996	1
6178	1
48428	1
53223	1
25052	1
26127	1
35159	1
97146	1
52065	1
92602	1
91016	1
99145	1
42271	1
2813	1
3436	1
74405	1
16879	1
12414	1
25047	1
21120	1
32367	1
99878	1
57900	1
74405	1
68821	1
84996	1
12308	1
70770	1
68275	1
53223	1
46386	1
63814	1
49157	1
1661	1
74405	1
38484	1
71038	1
65373	1
88554	1
27360	1
74405	1
65373	1
374	1
48652	1
76387	1
15096	1
54778	1
11185	1
9074	1
32070	1
48652	1
74405	1
12400	1
54168	1
39836	1
158	1
53223	1
74405	1
28809	1
74405	1
84996	1
27360	1
16769	1
38061	1
21882	1
14442	1
31931	1
54742	1
85538	1
74405	1
16769	1
57061	1
77633	1
33349	1
91016	1
47556	1
26563	1
59243	1
17421	1
20559	1
63814	1
62145	1
29239	1
68711	1
91182	1
7737	1
64030	1
83437	1
74405	1
84996	1
18303	1
19781	1
74405	1
85861	1
16769	1
71495	1
27250	1
16769	1
44381	1
78073	1
27360	1
96046	1
51550	1
5080	1
27470	1
611	1
80535	1
66863	1
12908	1
49279	1
51149	1
74405	1
70656	1
74405	1
16879	1
31931	1
63814	1
32390	1
85538	1
36280	1
48648	1
47093	1
85455	1
74405	1
26127	1
13917	1
29245	1
27360	1
74405	1
1717	1
54778	1
26127	1
91519	1
33641	1
74405	1
71249	1
74405	1
27360	1
93390	1
77849	1
86404	1
63704	1
57132	1
71499	1
53223	1
68906	1
38326	1
20415	1
24537	1
11625	1
74405	1
57684	1
16879	1
16769	1
63814	1
15152	1
84996	1
80535	1
88473	1
56802	1
77882	1
40986	1
85322	1
13867	1
20022	1
74405	1
44953	1
96816	1
53223	1
42390	1
94570	1
74405	1
68138	1
27360	1
1717	1
84996	1
9401	1
69834	1
97146	1
21803	1
84089	1
2043	1
94570	1
72815	1
6178	1
16769	1
69944	1
69973	1
14633	1
84996	1
1456	1
6425	1
53223	1
84772	1
46707	1
96376	1
39919	1
15501	1
99031	1
17421	1
88224	1
33899	1
27360	1
7048	1
98159	1
96812	1
82649	1
74790	1
1643	1
44081	1
74405	1
29278	1
55324	1
67590	1
83653	1
74405	1
98931	1
38028	1
75198	1
69614	1
95587	1
5036	1
65593	1
62627	1
16769	1
9165	1
84996	1
89898	1
84772	1
74405	1
63814	1
21340	1
10988	1
30108	1
64470	1
74405	1
75964	1
40963	1
41422	1
61128	1
72290	1
44081	1
57927	1
44687	1
7373	1
27360	1
86754	1
63814	1
55301	1
17095	1
17284	1
74405	1
99463	1
75964	1
45958	1
95587	1
56588	1
2097	1
15210	1
1717	1
32477	1
79385	1
42652	1
49115	1
7737	1
71679	1
47855	1
27432	1
10749	1
49206	1
55297	1
16769	1
81280	1
16655	1
85785	1
32147	1
44218	1
74405	1
2043	1
58010	1
79188	1
64108	1
74405	1
33490	1
30372	1
54782	1
59785	1
24113	1
97252	1
91016	1
73442	1
38061	1
53223	1
27360	1
16769	1
15210	1
59243	1
70376	1
47158	1
590	1
53223	1
61254	1
91016	1
84996	1
74405	1
84996	1
74405	1
91016	1
53223	1
74405	1
41478	1
74405	1
76020	1
43488	1
19858	1
29010	1
50898	1
51959	1
53196	1
15924	1
77436	1
83404	1
27470	1
90541	1
48652	1
2209	1
73149	1
63814	1
72846	1
10749	1
68531	1
48868	1
27360	1
16769	1
36286	1
12308	1
12308	1
21120	1
65180	1
57603	1
50454	1
53223	1
73278	1
64441	1
74174	1
29746	1
80425	1
36095	1
97366	1
7737	1
63814	1
74405	1
50965	1
74405	1
80425	1
82310	1
6178	1
38061	1
93453	1
19070	1
33710	1
84996	1
99596	1
81161	1
53223	1
90906	1
91016	1
31579	1
69944	1
84996	1
44191	1
39081	1
80535	1
74405	1
50027	1
29712	1
33490	1
53223	1
97715	1
53439	1
62255	1
34530	1
74405	1
15426	1
84996	1
80091	1
74405	1
80535	1
27686	1
38061	1
88114	1
89783	1
63814	1
73062	1
78316	1
62471	1
53223	1
1717	1
6641	1
72846	1
19781	1
63814	1
85914	1
48772	1
33490	1
40540	1
78837	1
12723	1
74405	1
48868	1
35952	1
16879	1
74405	1
86555	1
22243	1
1493	1
63814	1
85298	1
16879	1
74405	1
74405	1
74405	1
53223	1
6178	1
67287	1
34049	1
22899	1
98015	1
44898	1
65699	1
17548	1
7984	1
73285	1
8499	1
69095	1
88674	1
26638	1
91309	1
77847	1
51880	1
94495	1
63814	1
91016	1
1464	1
92685	1
37976	1
53223	1
26127	1
6178	1
63814	1
69444	1
85212	1
40367	1
74405	1
83851	1
57460	1
28278	1
74405	1
67623	1
22926	1
52212	1
54259	1
27989	1
46983	1
557	1
62907	1
59243	1
48652	1
57900	1
93982	1
5983	1
56580	1
53659	1
22767	1
63814	1
91016	1
19640	1
84996	1
72601	1
59459	1
20786	1
36392	1
74405	1
93804	1
53223	1
36392	1
74405	1
96349	1
84913	1
77766	1
53223	1
89567	1
63814	1
86555	1
79915	1
12771	1
61128	1
81077	1
74405	1
50321	1
73110	1
17996	1
92245	1
95587	1
50211	1
84996	1
41009	1
6178	1
99685	1
53462	1
51876	1
16769	1
68275	1
63814	1
68396	1
38061	1
84996	1
25444	1
18438	1
52783	1
47534	1
14822	1
74405	1
6178	1
93968	1
48479	1
56667	1
43751	1
63814	1
76946	1
82420	1
59569	1
82275	1
32473	1
12275	1
75964	1
74405	1
97389	1
71503	1
16628	1
86555	1
63814	1
27470	1
8673	1
13097	1
16879	1
62255	1
53223	1
76180	1
96494	1
73706	1
3276	1
78426	1
27360	1
60402	1
74405	1
16769	1
27360	1
53223	1
62855	1
94462	1
3822	1
72593	1
28149	1
3382	1
33100	1
84996	1
46983	1
18002	1
53113	1
25112	1
98653	1
94244	1
53223	1
91558	1
6178	1
63814	1
64783	1
21666	1
68933	1
20213	1
83842	1
98385	1
62145	1
53223	1
1030	1
90925	1
95363	1
75964	1
7444	1
90055	1
90030	1
3276	1
27360	1
16769	1
53439	1
33600	1
31846	1
48991	1
91016	1
37868	1
41949	1
74405	1
52098	1
24458	1
53223	1
85212	1
63814	1
8499	1
15347	1
62145	1
98925	1
57923	1
74405	1
27470	1
38061	1
97688	1
47093	1
15210	1
80967	1
22344	1
9618	1
13368	1
44175	1
57900	1
74405	1
15210	1
11563	1
54834	1
25330	1
84996	1
90360	1
86335	1
79082	1
91016	1
44081	1
8860	1
84996	1
28892	1
88851	1
84772	1
71833	1
75497	1
49690	1
31794	1
48999	1
78866	1
6178	1
42848	1
52831	1
6178	1
80425	1
20796	1
73062	1
98051	1
89567	1
59243	1
8283	1
20115	1
99035	1
374	1
38360	1
16769	1
42522	1
85538	1
40984	1
27360	1
57103	1
71516	1
44081	1
60912	1
12933	1
62255	1
91126	1
3299	1
70115	1
50321	1
64030	1
2485	1
91861	1
74405	1
40739	1
33490	1
27360	1
35961	1
74405	1
96569	1
5161	1
27360	1
83541	1
91919	1
9022	1
30372	1
53223	1
39157	1
47093	1
53659	1
74405	1
30067	1
55878	1
64246	1
27360	1
74405	1
25712	1
27470	1
6178	1
46609	1
16879	1
74405	1
74405	1
74405	1
6178	1
68534	1
84996	1
19165	1
12308	1
5821	1
58797	1
74405	1
76290	1
31445	1
95763	1
18957	1
74405	1
27360	1
84996	1
29986	1
17477	1
78646	1
75964	1
74405	1
42428	1
74405	1
1744	1
53223	1
18764	1
27470	1
8970	1
97032	1
80425	1
54782	1
40440	1
63814	1
22955	1
50211	1
38061	1
25911	1
27360	1
65593	1
2730	1
1717	1
74405	1
53223	1
9219	1
17691	1
88004	1
63814	1
80535	1
97632	1
13977	1
27360	1
26494	1
55324	1
25960	1
80425	1
27360	1
75964	1
81737	1
12252	1
50176	1
1013	1
53223	1
38061	1
52096	1
99388	1
22980	1
33490	1
58500	1
53223	1
52005	1
5161	1
27445	1
27470	1
90607	1
91126	1
63814	1
96486	1
22	1
55488	1
6178	1
20883	1
81131	1
7847	1
95587	1
73062	1
90522	1
97993	1
60142	1
92822	1
27360	1
2493	1
64690	1
12084	1
80425	1
42161	1
37044	1
95181	1
76730	1
9406	1
89567	1
47093	1
79648	1
86555	1
2561	1
84996	1
53223	1
74405	1
74405	1
74405	1
80535	1
91247	1
89999	1
19094	1
79192	1
89999	1
6178	1
53223	1
36718	1
78866	1
29905	1
95587	1
93341	1
54985	1
33490	1
67372	1
14026	1
374	1
38061	1
8640	1
74405	1
91126	1
74405	1
80425	1
78972	1
52899	1
38061	1
58064	1
51033	1
92860	1
5273	1
62996	1
72155	1
80255	1
32498	1
74405	1
31931	1
1497	1
3602	1
74405	1
69891	1
24344	1
74405	1
50180	1
74405	1
37210	1
13074	1
48652	1
84996	1
565	1
30372	1
27360	1
62255	1
26127	1
74405	1
53223	1
25911	1
84996	1
74405	1
54782	1
75964	1
64549	1
80425	1
93671	1
95587	1
94020	1
29249	1
6178	1
56557	1
80425	1
45856	1
59818	1
77119	1
87018	1
7737	1
37704	1
74405	1
74405	1
70926	1
3521	1
80967	1
30015	1
95587	1
67799	1
36282	1
6068	1
86858	1
34362	1
70984	1
4619	1
6178	1
91126	1
74405	1
74405	1
74405	1
61203	1
62264	1
86555	1
53223	1
52336	1
91126	1
49194	1
38061	1
71723	1
16769	1
74947	1
62471	1
97256	1
24348	1
51558	1
14932	1
48652	1
57576	1
42165	1
95834	1
69834	1
72736	1
80535	1
3276	1
6367	1
89237	1
39836	1
87014	1
48447	1
23061	1
53223	1
27360	1
16769	1
44984	1
2213	1
3726	1
69944	1
57684	1
45750	1
25030	1
53621	1
72182	1
6178	1
53607	1
51770	1
44191	1
30646	1
8648	1
5408	1
37295	1
6830	1
3739	1
93088	1
35811	1
5830	1
92461	1
84996	1
69834	1
63814	1
12308	1
75198	1
63814	1
158	1
74405	1
53356	1
84996	1
16769	1
74864	1
74405	1
54618	1
48652	1
84996	1
81297	1
83908	1
72846	1
68821	1
83437	1
60308	1
80535	1
75964	1
28867	1
45266	1
6554	1
76155	1
60912	1
35921	1
55656	1
74405	1
42848	1
87678	1
13537	1
25197	1
21812	1
9970	1
74405	1
60536	1
81407	1
95587	1
20790	1
96710	1
53223	1
48536	1
74405	1
82310	1
158	1
48	1
53223	1
53223	1
25801	1
72736	1
32054	1
35512	1
37474	1
23490	1
65373	1
79905	1
71663	1
79026	1
86335	1
53223	1
84996	1
87532	1
27360	1
64026	1
72846	1
77373	1
64246	1
74405	1
17535	1
84996	1
65590	1
54529	1
27360	1
99145	1
65373	1
30503	1
95203	1
96376	1
70320	1
53223	1
11696	1
21340	1
58394	1
20759	1
11088	1
16769	1
38028	1
79769	1
16769	1
80425	1
72846	1
74405	1
49661	1
91126	1
57460	1
22965	1
53223	1
90177	1
27470	1
17091	1
4619	1
36610	1
61560	1
46966	1
11825	1
22899	1
1812	1
58892	1
95587	1
65809	1
74405	1
90929	1
72666	1
45667	1
8310	1
8283	1
74405	1
25801	1
6178	1
5132	1
84996	1
53223	1
15426	1
38061	1
99287	1
4042	1
11399	1
6178	1
96857	1
7737	1
12634	1
88604	1
51770	1
38061	1
53439	1
97146	1
1890	1
78766	1
74405	1
39381	1
97588	1
44494	1
80425	1
6288	1
92399	1
44191	1
20182	1
8366	1
72516	1
40220	1
3182	1
79522	1
74405	1
81353	1
31931	1
5161	1
42208	1
35049	1
74405	1
10388	1
90709	1
51060	1
20664	1
97146	1
16769	1
80425	1
84996	1
74405	1
36278	1
45966	1
74405	1
74405	1
74405	1
30148	1
76047	1
86336	1
17531	1
34009	1
71746	1
2043	1
6178	1
74405	1
63814	1
6178	1
40166	1
36392	1
89787	1
53223	1
61477	1
27360	1
91016	1
95913	1
54340	1
63814	1
16879	1
40963	1
21681	1
59625	1
95666	1
74405	1
18654	1
27470	1
4671	1
27360	1
37295	1
49418	1
47525	1
15752	1
12308	1
25191	1
95587	1
86007	1
86555	1
56447	1
86555	1
84996	1
158	1
84996	1
9512	1
59243	1
48652	1
98642	1
89457	1
74405	1
17095	1
29422	1
30206	1
2711	1
21662	1
88224	1
43064	1
69834	1
53343	1
18118	1
16879	1
72846	1
16769	1
95147	1
16769	1
75964	1
76232	1
29923	1
76477	1
59106	1
79192	1
65373	1
66496	1
34032	1
80425	1
97256	1
91977	1
59243	1
84996	1
44843	1
90119	1
51770	1
67754	1
16879	1
455	1
51880	1
41179	1
95587	1
1717	1
83437	1
63594	1
5055	1
8826	1
59243	1
7737	1
98595	1
77274	1
82094	1
19628	1
49555	1
33409	1
74405	1
55764	1
22899	1
16516	1
86541	1
68958	1
74405	1
29355	1
84093	1
33490	1
27109	1
85317	1
79692	1
51824	1
86555	1
74405	1
70160	1
60802	1
14629	1
6178	1
14757	1
95587	1
86715	1
41289	1
84996	1
16879	1
54562	1
89783	1
43587	1
85653	1
63814	1
67040	1
40824	1
35375	1
91919	1
4945	1
19781	1
67775	1
22899	1
91178	1
3807	1
70264	1
35622	1
408	1
41179	1
92685	1
12331	1
70706	1
19781	1
22899	1
95587	1
53223	1
62963	1
20842	1
70376	1
95587	1
39010	1
97472	1
96156	1
16769	1
59058	1
84996	1
96569	1
95587	1
12422	1
47083	1
72736	1
75680	1
45204	1
44733	1
72916	1
27470	1
5753	1
2043	1
99577	1
63814	1
84996	1
74405	1
57900	1
74405	1
36392	1
84996	1
74405	1
38061	1
74405	1
53223	1
84996	1
62255	1
45750	1
88276	1
16769	1
48652	1
26127	1
79433	1
24711	1
11793	1
83437	1
75964	1
53223	1
66125	1
51554	1
62145	1
48239	1
63814	1
35180	1
27360	1
74405	1
3056	1
97472	1
60736	1
74405	1
45970	1
74405	1
1933	1
94354	1
53495	1
63814	1
72055	1
43967	1
63814	1
74405	1
16879	1
62907	1
84996	1
5138	1
25801	1
59785	1
94244	1
80535	1
7737	1
49499	1
74405	1
3527	1
25242	1
53223	1
22185	1
13946	1
31491	1
12723	1
34142	1
84996	1
84996	1
53902	1
57684	1
55324	1
63814	1
35699	1
65840	1
95587	1
42381	1
39699	1
26127	1
8146	1
94570	1
74405	1
72466	1
6857	1
60433	1
74405	1
63814	1
97921	1
74405	1
33490	1
8526	1
34225	1
38061	1
70951	1
57923	1
52990	1
48652	1
57464	1
27360	1
53113	1
62255	1
74405	1
82094	1
24107	1
79153	1
89457	1
28149	1
29968	1
96133	1
18110	1
50211	1
57970	1
60366	1
27470	1
48652	1
51581	1
71697	1
88867	1
43853	1
85418	1
29276	1
47093	1
44841	1
25911	1
77523	1
48652	1
74405	1
63814	1
95525	1
32720	1
47635	1
44660	1
53136	1
84996	1
54782	1
51677	1
26893	1
58666	1
74405	1
90219	1
53223	1
42522	1
37374	1
77801	1
69834	1
56557	1
63814	1
76506	1
49632	1
84996	1
53223	1
41179	1
72155	1
52569	1
69834	1
35811	1
56447	1
63814	1
80425	1
4619	1
74405	1
74079	1
63814	1
36392	1
80425	1
78289	1
8970	1
71503	1
28164	1
65992	1
19997	1
74405	1
89204	1
16723	1
22899	1
4619	1
27360	1
84932	1
6178	1
92965	1
16769	1
89457	1
84996	1
79759	1
55637	1
51205	1
84996	1
99733	1
68958	1
24265	1
91699	1
63814	1
88224	1
38061	1
74405	1
86555	1
3602	1
42545	1
24568	1
85000	1
26127	1
16769	1
84996	1
24128	1
53223	1
43425	1
7604	1
83437	1
79511	1
60636	1
62496	1
15096	1
27360	1
4065	1
39807	1
65373	1
67038	1
55434	1
19781	1
93781	1
84996	1
19781	1
30283	1
21081	1
30152	1
87529	1
79647	1
67096	1
7488	1
82561	1
39396	1
54016	1
84996	1
69944	1
74405	1
68539	1
8409	1
5921	1
20822	1
29903	1
69834	1
6178	1
57624	1
87602	1
34075	1
50687	1
78530	1
88608	1
13207	1
47996	1
38443	1
59702	1
95587	1
19584	1
97795	1
91016	1
33490	1
27323	1
51554	1
99251	1
85212	1
38061	1
36718	1
22807	1
6178	1
40409	1
8042	1
95778	1
95587	1
68275	1
16769	1
54753	1
84996	1
63814	1
13099	1
7737	1
23225	1
76946	1
16879	1
36502	1
10965	1
7847	1
27360	1
63814	1
16576	1
76443	1
8283	1
1717	1
89634	1
83433	1
16879	1
78985	1
33490	1
30372	1
16769	1
91016	1
36361	1
4835	1
67455	1
80452	1
74405	1
9190	1
58010	1
11274	1
90796	1
27470	1
39101	1
6178	1
45434	1
88224	1
73388	1
74405	1
84996	1
49715	1
59212	1
32147	1
88440	1
62803	1
59243	1
93505	1
51932	1
33490	1
84996	1
49794	1
84089	1
48652	1
74405	1
99035	1
29245	1
93121	1
59569	1
69944	1
97256	1
57684	1
99797	1
72736	1
88004	1
81511	1
97609	1
22196	1
53223	1
814	1
42504	1
31958	1
98427	1
2483	1
93644	1
94323	1
61558	1
95587	1
57684	1
10749	1
5208	1
57464	1
7787	1
27360	1
6178	1
91016	1
86555	1
97146	1
74405	1
14087	1
9277	1
5601	1
27360	1
2908	1
70575	1
21950	1
84828	1
31794	1
74405	1
60802	1
74405	1
1937	1
10909	1
53223	1
90547	1
74405	1
24067	1
74405	1
32805	1
84384	1
38277	1
23115	1
17620	1
5983	1
26127	1
45250	1
60229	1
74405	1
94931	1
31377	1
89343	1
53223	1
16769	1
79082	1
91126	1
23115	1
60802	1
77743	1
97775	1
74405	1
35336	1
87926	1
31959	1
97856	1
40963	1
96905	1
48652	1
53223	1
69944	1
98520	1
7745	1
3602	1
53223	1
6288	1
74405	1
3820	1
68601	1
38020	1
74920	1
27360	1
46736	1
74405	1
90207	1
19173	1
71343	1
48976	1
12308	1
74405	1
68560	1
63814	1
6178	1
45966	1
94244	1
97146	1
38061	1
68817	1
69834	1
14193	1
62633	1
39620	1
53223	1
29623	1
37136	1
67482	1
75964	1
80535	1
74405	1
14670	1
55413	1
79779	1
31739	1
72736	1
16879	1
81479	1
56341	1
10529	1
22899	1
9190	1
51554	1
95587	1
45966	1
21116	1
94850	1
35292	1
72296	1
30449	1
84996	1
79879	1
20759	1
41864	1
16769	1
41889	1
82090	1
50321	1
16769	1
56025	1
80174	1
48652	1
45314	1
53223	1
38167	1
7957	1
80041	1
91122	1
88465	1
23005	1
74405	1
61508	1
64250	1
71387	1
1532	1
84996	1
16769	1
46190	1
28012	1
92901	1
63814	1
74405	1
53223	1
10282	1
79192	1
27470	1
69944	1
59322	1
46458	1
31350	1
79586	1
93561	1
83437	1
84996	1
84996	1
50342	1
32247	1
32477	1
29465	1
40523	1
6178	1
24022	1
53223	1
63814	1
93957	1
36392	1
38061	1
85322	1
74405	1
63814	1
53223	1
66714	1
84687	1
54782	1
41399	1
78100	1
78972	1
72846	1
84996	1
47440	1
69944	1
27682	1
71719	1
83437	1
88992	1
27360	1
43221	1
10300	1
87101	1
91016	1
84996	1
8860	1
12200	1
24057	1
24008	1
74920	1
74405	1
24853	1
78285	1
78250	1
5877	1
84996	1
98255	1
55795	1
1717	1
51083	1
40770	1
43915	1
27302	1
32946	1
33490	1
90329	1
97146	1
65788	1
61815	1
45173	1
33461	1
93391	1
31244	1
71503	1
95587	1
4949	1
39535	1
73062	1
46983	1
75111	1
59243	1
2400	1
88224	1
58010	1
72043	1
32593	1
25801	1
12358	1
9333	1
48652	1
29245	1
94852	1
31416	1
22210	1
48	1
45829	1
45966	1
63814	1
53223	1
77523	1
56304	1
16769	1
64272	1
35406	1
33490	1
2593	1
88025	1
374	1
84996	1
95587	1
38061	1
65373	1
30449	1
70297	1
76427	1
53223	1
97472	1
22899	1
21660	1
95587	1
74405	1
44407	1
39279	1
16769	1
19005	1
71632	1
53113	1
84996	1
58803	1
38061	1
64807	1
84996	1
28085	1
35049	1
74405	1
97146	1
7737	1
48652	1
6288	1
42882	1
45204	1
6223	1
82094	1
22899	1
36172	1
51880	1
16769	1
12308	1
16769	1
4835	1
95587	1
74405	1
6178	1
16769	1
55450	1
36241	1
79221	1
22106	1
59789	1
16879	1
98375	1
86555	1
56777	1
74405	1
74405	1
80535	1
52898	1
7410	1
48652	1
16738	1
44081	1
76865	1
91595	1
590	1
74405	1
70376	1
48652	1
38277	1
4835	1
69473	1
26127	1
41289	1
17620	1
45634	1
7847	1
36502	1
91016	1
34467	1
4862	1
74405	1
28753	1
7737	1
2043	1
84996	1
63814	1
28068	1
63814	1
63814	1
54782	1
48432	1
6178	1
45129	1
25824	1
53223	1
24161	1
53223	1
63814	1
84996	1
53223	1
74405	1
68107	1
81492	1
96401	1
53223	1
74405	1
25557	1
74405	1
16879	1
79435	1
33490	1
93299	1
54782	1
74405	1
42522	1
37261	1
53223	1
39620	1
86881	1
41629	1
10749	1
63814	1
59482	1
29355	1
65365	1
74405	1
74405	1
94790	1
61128	1
38061	1
8167	1
38603	1
91668	1
48073	1
39651	1
93507	1
3276	1
374	1
67452	1
37179	1
91562	1
46709	1
24238	1
41289	1
44191	1
77990	1
74405	1
63814	1
3087	1
12524	1
37044	1
48731	1
33816	1
95587	1
6886	1
90619	1
23688	1
158	1
23829	1
49582	1
73932	1
96322	1
64929	1
27360	1
63814	1
9763	1
22899	1
74405	1
84996	1
29457	1
16435	1
65229	1
76871	1
86555	1
48866	1
12634	1
74405	1
18957	1
95913	1
74405	1
6288	1
74405	1
40739	1
75964	1
700	1
74405	1
74966	1
84996	1
74405	1
17477	1
94611	1
15669	1
88004	1
94028	1
15426	1
3735	1
1717	1
70820	1
38061	1
89563	1
99795	1
17311	1
73062	1
53223	1
52737	1
56557	1
2153	1
38061	1
70376	1
74405	1
74322	1
16439	1
47093	1
71613	1
98815	1
79082	1
77838	1
77710	1
74804	1
84996	1
71119	1
32641	1
64937	1
1717	1
84996	1
21574	1
43392	1
53223	1
63814	1
38068	1
63893	1
40529	1
6178	1
60009	1
50115	1
72510	1
2633	1
39164	1
83790	1
82885	1
1744	1
45393	1
27360	1
81077	1
53223	1
3955	1
48349	1
81075	1
53223	1
27470	1
27470	1
74405	1
48648	1
91016	1
86231	1
98184	1
74405	1
74405	1
45829	1
53223	1
90906	1
89567	1
65373	1
27360	1
23714	1
70579	1
95587	1
46580	1
53223	1
18438	1
53223	1
69944	1
1055	1
95587	1
84996	1
6178	1
92214	1
73501	1
14234	1
12304	1
15150	1
16769	1
8063	1
50593	1
27360	1
99851	1
84996	1
72181	1
74405	1
74405	1
84996	1
48652	1
67286	1
83653	1
84313	1
64026	1
54782	1
46846	1
71393	1
65373	1
78289	1
6298	1
74405	1
53223	1
15210	1
49171	1
76211	1
32671	1
40299	1
53223	1
45746	1
74405	1
15532	1
51179	1
15536	1
94028	1
26507	1
48652	1
84996	1
99114	1
3276	1
4945	1
23418	1
25466	1
16769	1
16715	1
48652	1
80425	1
27470	1
74405	1
97775	1
53223	1
99031	1
78866	1
5630	1
49882	1
15866	1
95587	1
17751	1
51770	1
68717	1
32749	1
8223	1
48652	1
84996	1
26364	1
84199	1
90275	1
32147	1
9764	1
73996	1
64030	1
30372	1
74405	1
91016	1
56341	1
91016	1
1717	1
65123	1
74405	1
71939	1
50321	1
35269	1
50757	1
63814	1
13026	1
34337	1
75198	1
15206	1
63814	1
53223	1
17288	1
33490	1
65012	1
18986	1
7264	1
36581	1
73062	1
16769	1
94953	1
84996	1
90232	1
87564	1
86555	1
51880	1
16879	1
84996	1
43971	1
53223	1
17803	1
53223	1
1333	1
44191	1
22241	1
71393	1
54782	1
21556	1
63814	1
12887	1
74405	1
35269	1
80504	1
15210	1
89567	1
2176	1
19094	1
10635	1
44191	1
40739	1
15756	1
74405	1
27470	1
84996	1
49740	1
84996	1
7220	1
93397	1
19474	1
62579	1
86555	1
88114	1
74405	1
36141	1
13867	1
15752	1
77523	1
40959	1
94570	1
74405	1
74405	1
31931	1
69834	1
40116	1
40963	1
91016	1
1823	1
5890	1
73829	1
75904	1
69724	1
99031	1
55158	1
39643	1
10388	1
4945	1
74405	1
80425	1
91919	1
63814	1
33212	1
74405	1
15972	1
48868	1
30856	1
67611	1
6583	1
45426	1
53223	1
84996	1
6178	1
74405	1
47992	1
1796	1
17421	1
56312	1
59243	1
74405	1
4399	1
24390	1
51307	1
54782	1
37115	1
44726	1
25990	1
76946	1
80535	1
68491	1
95587	1
16769	1
22019	1
71420	1
65589	1
89787	1
74405	1
31958	1
48845	1
16769	1
12308	1
24797	1
158	1
86119	1
63814	1
12308	1
78289	1
92249	1
91541	1
1107	1
27470	1
87894	1
74405	1
57931	1
60661	1
59243	1
10041	1
53223	1
54126	1
80535	1
78150	1
74405	1
16769	1
74405	1
80535	1
75528	1
48697	1
16769	1
59688	1
31689	1
6178	1
95587	1
53223	1
84996	1
12308	1
16769	1
39620	1
63567	1
97632	1
16769	1
22081	1
36195	1
83437	1
74405	1
41505	1
74405	1
44191	1
95587	1
93175	1
83522	1
33270	1
76674	1
67947	1
58294	1
43890	1
22899	1
36338	1
93976	1
74405	1
30143	1
31541	1
6504	1
99583	1
1717	1
81274	1
96943	1
79788	1
74405	1
53223	1
16769	1
50479	1
73718	1
71719	1
67372	1
16769	1
54782	1
51942	1
41289	1
27470	1
88604	1
6697	1
82094	1
74405	1
29355	1
1717	1
25388	1
56041	1
38796	1
74405	1
74405	1
5055	1
62139	1
54782	1
4418	1
12607	1
84996	1
98815	1
22899	1
74405	1
23065	1
25375	1
74405	1
74405	1
6288	1
85113	1
29928	1
53223	1
41505	1
70353	1
27140	1
36718	1
57900	1
30588	1
65809	1
27360	1
42771	1
48868	1
10613	1
11505	1
73268	1
33816	1
26605	1
74405	1
84996	1
47749	1
39184	1
52540	1
4132	1
95547	1
8394	1
27360	1
69720	1
15536	1
53915	1
52563	1
48652	1
73748	1
16769	1
68498	1
84996	1
86526	1
6504	1
84996	1
43539	1
40546	1
38387	1
53223	1
74405	1
47303	1
74405	1
82632	1
84996	1
12877	1
74405	1
73378	1
51770	1
12524	1
74405	1
71499	1
74621	1
74405	1
35159	1
16879	1
22899	1
74405	1
81228	1
54782	1
89783	1
74947	1
53223	1
61765	1
23065	1
14633	1
16769	1
19777	1
69944	1
13480	1
23582	1
33490	1
24344	1
27825	1
90551	1
43917	1
94028	1
10749	1
27470	1
78073	1
91782	1
46070	1
30554	1
40761	1
44345	1
49771	1
23860	1
53223	1
60005	1
67395	1
64150	1
53223	1
95587	1
3654	1
38061	1
19781	1
27360	1
1327	1
39872	1
74405	1
84996	1
33073	1
23202	1
77633	1
83874	1
74405	1
36172	1
67258	1
35049	1
15069	1
69602	1
24218	1
63074	1
7847	1
44081	1
38061	1
29272	1
53169	1
72846	1
41509	1
179	1
31022	1
34354	1
74405	1
80425	1
45750	1
22322	1
84996	1
24444	1
32341	1
79522	1
39564	1
43664	1
53223	1
63545	1
25911	1
80718	1
98530	1
46763	1
6178	1
5161	1
16879	1
65180	1
87678	1
47965	1
48	1
53113	1
39620	1
67918	1
5684	1
41578	1
51554	1
39620	1
68601	1
74405	1
26127	1
52783	1
86621	1
33654	1
14193	1
59243	1
21340	1
74405	1
95587	1
79717	1
53223	1
53223	1
8891	1
63814	1
36502	1
33600	1
95587	1
25911	1
79055	1
18654	1
40641	1
59459	1
74405	1
18658	1
94318	1
35379	1
39616	1
63814	1
22899	1
37650	1
13977	1
92896	1
18714	1
73990	1
72626	1
79408	1
27360	1
6178	1
57856	1
65508	1
65589	1
71393	1
56713	1
41478	1
76867	1
2840	1
8719	1
43064	1
8860	1
16769	1
35159	1
33490	1
89787	1
55417	1
75964	1
38511	1
5414	1
15328	1
60661	1
60488	1
28263	1
51222	1
91178	1
84996	1
74405	1
16769	1
95587	1
95587	1
19781	1
1954	1
77633	1
35595	1
74405	1
73291	1
59243	1
97609	1
53223	1
16769	1
54072	1
64246	1
3056	1
74405	1
22899	1
27225	1
90109	1
16769	1
374	1
94244	1
6178	1
22801	1
16300	1
64381	1
15659	1
20076	1
78972	1
8526	1
68276	1
75964	1
4945	1
95587	1
36392	1
84529	1
82530	1
63845	1
50622	1
83437	1
26343	1
12308	1
22899	1
27360	1
4619	1
63453	1
63814	1
74405	1
70160	1
84033	1
59785	1
62145	1
61128	1
93200	1
41941	1
84996	1
74405	1
84996	1
42987	1
38497	1
84996	1
18764	1
91016	1
51880	1
22675	1
7940	1
27686	1
59918	1
91068	1
83653	1
16769	1
38943	1
38061	1
74405	1
53223	1
26704	1
74405	1
84996	1
95807	1
89999	1
32147	1
7847	1
63814	1
82216	1
44301	1
56887	1
30231	1
9855	1
2452	1
51081	1
49055	1
35159	1
6178	1
48652	1
48443	1
92822	1
86555	1
53223	1
55681	1
27360	1
80425	1
57574	1
48953	1
15210	1
53223	1
40826	1
30752	1
77743	1
74405	1
26893	1
44081	1
74258	1
85752	1
53223	1
80425	1
45605	1
38061	1
18218	1
74405	1
86638	1
53223	1
65591	1
74405	1
84996	1
80041	1
74405	1
59733	1
4987	1
53223	1
41968	1
61128	1
79192	1
38555	1
84996	1
77386	1
13730	1
27360	1
84996	1
74405	1
32367	1
53223	1
4619	1
84996	1
17138	1
7737	1
57684	1
30962	1
38788	1
91016	1
78866	1
90050	1
95803	1
56557	1
79225	1
10305	1
15316	1
28593	1
30800	1
74405	1
17672	1
31931	1
89920	1
53223	1
12664	1
27470	1
97146	1
50243	1
15210	1
76865	1
58598	1
53223	1
6178	1
84996	1
13977	1
94028	1
59243	1
25243	1
80755	1
34719	1
2703	1
84996	1
6448	1
12308	1
74405	1
16769	1
1717	1
55478	1
23964	1
18222	1
74405	1
11511	1
74405	1
95473	1
91342	1
76070	1
52920	1
57684	1
73278	1
9190	1
74405	1
99048	1
86555	1
84996	1
74405	1
82941	1
4829	1
80155	1
25902	1
74405	1
27360	1
71860	1
66056	1
56997	1
63814	1
81316	1
74405	1
42848	1
16879	1
74073	1
53659	1
67413	1
16769	1
15102	1
16769	1
61128	1
80535	1
41972	1
38061	1
92822	1
25876	1
46091	1
34013	1
74625	1
75964	1
40726	1
84996	1
84996	1
85762	1
45335	1
74405	1
9242	1
74405	1
57900	1
79537	1
56557	1
84996	1
82314	1
40083	1
13697	1
6425	1
57684	1
53875	1
97036	1
63716	1
26399	1
23979	1
45837	1
63810	1
20495	1
25801	1
16852	1
72736	1
4945	1
67033	1
24541	1
15229	1
74405	1
63814	1
374	1
38277	1
84996	1
42637	1
27250	1
48349	1
41777	1
84996	1
67123	1
61045	1
77409	1
4945	1
46786	1
715	1
59459	1
5549	1
63814	1
74405	1
30395	1
36502	1
76829	1
66359	1
27360	1
69041	1
58225	1
74405	1
80425	1
25911	1
84996	1
69834	1
84996	1
83493	1
84996	1
45856	1
80016	1
53223	1
15345	1
11071	1
51656	1
30484	1
79271	1
63814	1
95967	1
64713	1
97146	1
48652	1
84996	1
63814	1
36052	1
51197	1
42937	1
74405	1
15536	1
43064	1
91016	1
31338	1
92272	1
53113	1
1717	1
36392	1
27470	1
20950	1
73278	1
78866	1
48652	1
86555	1
98815	1
27360	1
72514	1
63814	1
86231	1
814	1
58666	1
27470	1
42522	1
19781	1
27360	1
15210	1
24348	1
2259	1
91006	1
15206	1
57244	1
74405	1
67258	1
84996	1
58363	1
53223	1
14359	1
700	1
81297	1
63704	1
496	1
14853	1
8202	1
27360	1
17315	1
78972	1
79852	1
76699	1
63814	1
94327	1
15414	1
20657	1
80425	1
26343	1
39184	1
2687	1
84162	1
92961	1
54782	1
1717	1
62255	1
9190	1
50178	1
50973	1
44191	1
14386	1
26343	1
16769	1
96023	1
30372	1
48377	1
86555	1
27211	1
74405	1
23300	1
21340	1
74621	1
52806	1
84996	1
74405	1
74405	1
41505	1
4283	1
72168	1
34032	1
5024	1
52476	1
98512	1
31051	1
24458	1
84996	1
91678	1
74405	1
74405	1
28892	1
42217	1
16879	1
91699	1
33490	1
32745	1
34476	1
61761	1
65373	1
13836	1
38493	1
91205	1
68821	1
39760	1
96270	1
93231	1
41179	1
98944	1
62143	1
16879	1
70629	1
94244	1
53223	1
94028	1
84996	1
72950	1
45750	1
15426	1
69112	1
93011	1
44081	1
79800	1
72306	1
8594	1
46983	1
75281	1
55465	1
74405	1
98591	1
47093	1
40963	1
16769	1
3259	1
1717	1
52862	1
25181	1
13977	1
84996	1
96378	1
6288	1
16879	1
35269	1
86634	1
81517	1
17846	1
14633	1
74405	1
39373	1
5161	1
97146	1
77029	1
21120	1
81654	1
78405	1
43751	1
50211	1
6500	1
53223	1
3739	1
78760	1
21340	1
59625	1
84996	1
43120	1
99907	1
53113	1
5601	1
72769	1
53223	1
13371	1
74405	1
13514	1
63484	1
54016	1
91122	1
40799	1
79302	1
56432	1
41725	1
46983	1
95587	1
25778	1
27470	1
72736	1
66635	1
83979	1
74405	1
16769	1
55031	1
42848	1
82233	1
59243	1
82310	1
16769	1
30395	1
65373	1
33432	1
13047	1
74405	1
80425	1
9406	1
21967	1
56561	1
53003	1
59569	1
91554	1
37241	1
67648	1
79082	1
66254	1
95394	1
74405	1
74405	1
69724	1
34868	1
59243	1
74405	1
53389	1
85542	1
54782	1
57103	1
56557	1
16265	1
23119	1
79082	1
31665	1
28091	1
74405	1
41482	1
84996	1
17282	1
54645	1
14714	1
38061	1
91593	1
3687	1
26582	1
84776	1
53223	1
48868	1
23445	1
44407	1
36797	1
45613	1
85104	1
72485	1
89343	1
20639	1
66229	1
33490	1
84996	1
36194	1
74405	1
18924	1
93341	1
42169	1
54782	1
29172	1
98384	1
39066	1
57680	1
80425	1
42842	1
50213	1
35566	1
16408	1
16769	1
74621	1
48652	1
41833	1
99708	1
16769	1
16879	1
84996	1
74405	1
65699	1
78866	1
88224	1
16196	1
53223	1
53223	1
74405	1
56366	1
95587	1
70054	1
49246	1
53159	1
13211	1
63814	1
74405	1
74405	1
2587	1
58010	1
87595	1
16769	1
73475	1
85762	1
84996	1
74405	1
84996	1
11401	1
74405	1
11291	1
59522	1
6288	1
4835	1
58222	1
74841	1
95340	1
84996	1
54782	1
47309	1
29029	1
53223	1
45167	1
75964	1
34416	1
6644	1
27360	1
95587	1
87973	1
51770	1
41343	1
35049	1
50195	1
54998	1
38895	1
95967	1
53223	1
700	1
35155	1
20503	1
74405	1
89787	1
65151	1
21556	1
28199	1
27470	1
15656	1
84996	1
76917	1
44191	1
81243	1
89567	1
50070	1
93700	1
74405	1
74405	1
22899	1
27470	1
35049	1
80425	1
9622	1
33820	1
9938	1
95587	1
27360	1
59243	1
63318	1
62556	1
38277	1
20460	1
46790	1
80535	1
75630	1
7507	1
20323	1
1717	1
44081	1
74405	1
35597	1
79655	1
65809	1
2213	1
6178	1
74405	1
88075	1
48652	1
5354	1
15453	1
74405	1
63814	1
93159	1
15210	1
50757	1
36502	1
44733	1
21556	1
2730	1
67455	1
53223	1
69834	1
11898	1
24826	1
9373	1
53223	1
8711	1
16769	1
87678	1
2352	1
45856	1
55793	1
21345	1
29465	1
74503	1
82586	1
63814	1
45613	1
85102	1
37293	1
9842	1
74405	1
6178	1
81407	1
53113	1
52343	1
80751	1
69944	1
76306	1
75771	1
74405	1
90998	1
25911	1
15051	1
40873	1
37639	1
18741	1
95587	1
44191	1
25801	1
92249	1
87622	1
74405	1
16879	1
36172	1
74405	1
74405	1
4835	1
27470	1
79082	1
26928	1
74405	1
39233	1
71350	1
89767	1
97036	1
15999	1
78073	1
85276	1
41399	1
74405	1
13074	1
74405	1
43808	1
82970	1
48652	1
3436	1
48	1
36392	1
37034	1
40963	1
80425	1
39620	1
69093	1
57163	1
50817	1
28012	1
16879	1
12308	1
25467	1
39680	1
72736	1
95587	1
11432	1
4835	1
36797	1
16356	1
49150	1
15536	1
95587	1
17423	1
47309	1
30574	1
59243	1
27682	1
26127	1
44928	1
93104	1
19147	1
18704	1
48318	1
4048	1
74405	1
49051	1
68711	1
97146	1
32147	1
44870	1
4835	1
44081	1
10166	1
27360	1
62382	1
59243	1
20680	1
60599	1
87097	1
25471	1
60088	1
77870	1
62829	1
38497	1
69944	1
94356	1
84996	1
26453	1
81909	1
83153	1
91705	1
84996	1
31931	1
35209	1
89567	1
81187	1
74405	1
74405	1
48652	1
21556	1
85245	1
51325	1
57684	1
53223	1
7847	1
95155	1
65942	1
74405	1
8499	1
16879	1
86881	1
69112	1
73961	1
77940	1
4835	1
91122	1
1717	1
91126	1
57684	1
63814	1
53223	1
37949	1
23065	1
40299	1
2811	1
62255	1
36392	1
21207	1
18353	1
65373	1
68931	1
41729	1
58610	1
32909	1
22702	1
70376	1
3276	1
77633	1
27360	1
12731	1
28369	1
86555	1
48101	1
53223	1
4395	1
74405	1
74405	1
63814	1
83437	1
66477	1
23913	1
69834	1
59679	1
47309	1
9190	1
31531	1
80425	1
65373	1
74405	1
63569	1
590	1
3602	1
95587	1
27360	1
81187	1
87234	1
15646	1
23544	1
53443	1
84996	1
47415	1
40963	1
55575	1
38061	1
74405	1
25440	1
29791	1
6178	1
9302	1
94844	1
74405	1
57168	1
84996	1
91016	1
98595	1
12634	1
74405	1
27360	1
84996	1
27470	1
36502	1
69261	1
15741	1
41729	1
84996	1
53854	1
62035	1
62692	1
69834	1
23225	1
74405	1
34767	1
89513	1
65373	1
83493	1
74405	1
33087	1
80535	1
53223	1
93424	1
32477	1
80535	1
74405	1
37538	1
51139	1
95587	1
54562	1
9190	1
41179	1
74405	1
3276	1
49717	1
84996	1
92905	1
15976	1
51770	1
57900	1
91126	1
21203	1
49634	1
52467	1
6178	1
65373	1
84996	1
73774	1
91016	1
90464	1
71719	1
98728	1
12524	1
70160	1
74405	1
27470	1
30611	1
82061	1
65211	1
39396	1
72523	1
79408	1
25982	1
74841	1
38061	1
27360	1
84996	1
82420	1
63814	1
3018	1
98925	1
42628	1
67067	1
84996	1
16769	1
16769	1
46981	1
5055	1
18602	1
93170	1
10612	1
52920	1
74405	1
74405	1
44191	1
83437	1
23549	1
86298	1
24775	1
84996	1
95587	1
44627	1
88224	1
48596	1
94570	1
48251	1
38056	1
74405	1
74405	1
54041	1
86439	1
74405	1
62033	1
45314	1
44984	1
81864	1
51550	1
19781	1
53455	1
74405	1
74405	1
45947	1
36392	1
84996	1
41808	1
90140	1
53192	1
12850	1
48652	1
22185	1
74405	1
63814	1
73502	1
64246	1
63814	1
24921	1
74405	1
70380	1
84996	1
74405	1
35599	1
78946	1
7500	1
37868	1
44843	1
49634	1
39472	1
52480	1
63594	1
98431	1
53231	1
1933	1
41289	1
11675	1
60912	1
74405	1
65381	1
42522	1
49975	1
22650	1
32402	1
6178	1
38916	1
82341	1
74405	1
6178	1
77278	1
20900	1
40963	1
42522	1
81594	1
13427	1
84996	1
45750	1
95587	1
42937	1
14417	1
51440	1
82445	1
96243	1
69834	1
92488	1
41173	1
44191	1
74405	1
94186	1
34032	1
44081	1
28342	1
53223	1
54502	1
76867	1
95587	1
65373	1
68875	1
92681	1
74405	1
74405	1
74405	1
53408	1
80425	1
34472	1
77602	1
87541	1
74405	1
84996	1
16769	1
17641	1
47996	1
60912	1
80425	1
25197	1
74405	1
64088	1
63814	1
45945	1
91016	1
72607	1
41289	1
67335	1
53223	1
30372	1
53223	1
79599	1
75180	1
96129	1
28282	1
84996	1
48652	1
81023	1
39184	1
74405	1
37333	1
16879	1
27470	1
84996	1
74405	1
24711	1
35456	1
38061	1
93864	1
94024	1
31408	1
69998	1
17674	1
39479	1
85368	1
48	1
15536	1
80425	1
6284	1
38061	1
1933	1
74405	1
8640	1
86555	1
97146	1
19993	1
48235	1
54253	1
63814	1
77633	1
18251	1
41729	1
65373	1
65699	1
44984	1
11212	1
43051	1
78866	1
71860	1
17531	1
68275	1
10170	1
1580	1
93093	1
95587	1
7847	1
54205	1
74405	1
30372	1
53223	1
74405	1
93976	1
51880	1
84996	1
51770	1
16769	1
44067	1
10749	1
54782	1
84996	1
16879	1
65373	1
74405	1
40299	1
29637	1
95002	1
63814	1
27360	1
44081	1
6178	1
16769	1
2153	1
55901	1
69944	1
29710	1
341	1
84996	1
97146	1
91126	1
74405	1
75497	1
74405	1
53223	1
96482	1
74405	1
46983	1
88220	1
16769	1
53223	1
16769	1
78769	1
84776	1
63814	1
95890	1
8391	1
97472	1
22243	1
17095	1
46840	1
2153	1
52304	1
95587	1
5667	1
63814	1
91126	1
2782	1
84996	1
74405	1
36008	1
51280	1
46710	1
6178	1
54998	1
55658	1
53223	1
74405	1
77602	1
79329	1
54214	1
99251	1
27470	1
75520	1
20086	1
80425	1
41505	1
69834	1
59459	1
78623	1
99984	1
62907	1
15086	1
74405	1
74405	1
6178	1
82310	1
21882	1
55054	1
48978	1
80967	1
62035	1
16879	1
74405	1
74405	1
25801	1
41013	1
53223	1
6477	1
6917	1
62471	1
15210	1
56588	1
84996	1
47749	1
74405	1
24222	1
38061	1
40963	1
4459	1
91406	1
51554	1
69664	1
74405	1
45266	1
44191	1
91016	1
81540	1
53223	1
95587	1
15615	1
53632	1
27360	1
74405	1
30694	1
16769	1
23335	1
38198	1
54645	1
84631	1
50537	1
53378	1
44081	1
16769	1
74405	1
27360	1
37673	1
4584	1
14249	1
15210	1
84996	1
32226	1
88456	1
95587	1
15210	1
2043	1
19449	1
74405	1
71613	1
51911	1
87205	1
65589	1
51461	1
53439	1
74405	1
33073	1
47233	1
86555	1
74405	1
87892	1
9790	1
74405	1
44081	1
74405	1
99415	1
27360	1
76946	1
51770	1
9236	1
38061	1
25359	1
95587	1
41629	1
17095	1
74405	1
99002	1
34142	1
25764	1
66496	1
7336	1
29488	1
91016	1
79769	1
51957	1
16655	1
74405	1
35489	1
63814	1
53047	1
31485	1
97146	1
27470	1
81311	1
74405	1
84120	1
23225	1
84996	1
74405	1
95587	1
71013	1
51554	1
35375	1
9593	1
74405	1
48748	1
55937	1
74405	1
37318	1
49648	1
30372	1
63814	1
63814	1
13514	1
57350	1
53223	1
16769	1
80612	1
63814	1
46983	1
18252	1
76834	1
59243	1
53223	1
5161	1
49821	1
74405	1
29216	1
26922	1
1823	1
8829	1
44081	1
91016	1
60744	1
86418	1
34999	1
53223	1
36502	1
55650	1
8609	1
90789	1
77849	1
83404	1
69834	1
85538	1
15177	1
23593	1
78285	1
53223	1
99388	1
38061	1
25031	1
80535	1
90906	1
74405	1
74405	1
39836	1
71528	1
16879	1
49775	1
84996	1
63814	1
98815	1
30614	1
48652	1
91016	1
4667	1
50537	1
25911	1
6618	1
65809	1
19111	1
62468	1
28402	1
92627	1
35921	1
1414	1
91499	1
91070	1
58226	1
15289	1
74405	1
75173	1
78565	1
78727	1
74405	1
27470	1
54379	1
69720	1
72076	1
71013	1
619	1
74405	1
35724	1
30478	1
28062	1
27360	1
16769	1
53223	1
42271	1
27470	1
22861	1
69716	1
51554	1
49418	1
17091	1
74405	1
73309	1
27360	1
90242	1
84996	1
51660	1
63814	1
3575	1
48208	1
38061	1
90109	1
74405	1
69834	1
65133	1
59380	1
11291	1
69726	1
94539	1
25251	1
68501	1
6178	1
49254	1
52123	1
53223	1
2124	1
74405	1
54562	1
19860	1
94354	1
15210	1
12507	1
74405	1
75528	1
63814	1
41237	1
1717	1
56187	1
64090	1
89567	1
27470	1
44191	1
10209	1
48212	1
63704	1
4702	1
38061	1
95587	1
40660	1
57900	1
53223	1
19997	1
16412	1
65938	1
16879	1
74405	1
45966	1
3218	1
95587	1
44079	1
58830	1
97200	1
91016	1
27360	1
18438	1
36141	1
59243	1
80731	1
9485	1
74405	1
32473	1
74405	1
71746	1
29214	1
37374	1
65589	1
69834	1
814	1
21340	1
74405	1
16769	1
51197	1
38061	1
7737	1
11372	1
84996	1
12225	1
22899	1
1717	1
40963	1
89999	1
63814	1
81548	1
28263	1
53443	1
74405	1
35375	1
62145	1
61376	1
31985	1
44490	1
35049	1
53223	1
75960	1
28122	1
16769	1
72736	1
53223	1
13296	1
6288	1
80535	1
74947	1
78866	1
10952	1
83545	1
74405	1
38277	1
99828	1
16769	1
80876	1
46512	1
46076	1
41202	1
6211	1
59243	1
4773	1
15000	1
95666	1
63814	1
63814	1
71036	1
4619	1
60937	1
38061	1
60009	1
70486	1
63814	1
38061	1
53223	1
84996	1
91126	1
60912	1
53223	1
80425	1
77849	1
90692	1
53223	1
76477	1
1933	1
63814	1
89783	1
82337	1
82008	1
3272	1
72375	1
1937	1
74405	1
75281	1
91016	1
24650	1
63625	1
58376	1
46809	1
4615	1
66276	1
54058	1
81604	1
22106	1
24784	1
84996	1
80535	1
75167	1
88440	1
94142	1
90879	1
69834	1
59144	1
47973	1
10062	1
62255	1
35355	1
9186	1
25197	1
53223	1
22533	1
37187	1
40575	1
58639	1
63264	1
5213	1
74405	1
80751	1
57900	1
53223	1
67594	1
24375	1
65373	1
92901	1
74405	1
53223	1
74405	1
3492	1
63650	1
41862	1
95122	1
63704	1
65610	1
8916	1
60802	1
94244	1
25801	1
84996	1
99577	1
53223	1
20213	1
74405	1
74405	1
6178	1
9190	1
14629	1
6340	1
2965	1
3627	1
94354	1
63044	1
69834	1
77633	1
62145	1
97252	1
95587	1
42522	1
84996	1
76946	1
27360	1
19013	1
79408	1
58129	1
9159	1
33615	1
34499	1
94279	1
56617	1
19252	1
44191	1
53113	1
8154	1
8420	1
71342	1
94958	1
23366	1
91222	1
53223	1
9379	1
1861	1
15210	1
40276	1
76263	1
75825	1
75964	1
22021	1
74405	1
74405	1
89567	1
67179	1
12711	1
95587	1
25471	1
73873	1
48652	1
3899	1
53223	1
55361	1
83437	1
65616	1
49650	1
88247	1
80535	1
17066	1
96103	1
28346	1
86283	1
60661	1
63814	1
13070	1
69944	1
53223	1
38061	1
36651	1
42848	1
27360	1
54946	1
56557	1
33913	1
29108	1
3304	1
6178	1
70189	1
6284	1
3436	1
17311	1
7734	1
16769	1
74405	1
24238	1
63814	1
66056	1
10965	1
45966	1
74405	1
72673	1
45307	1
36502	1
36392	1
90387	1
65915	1
48652	1
74405	1
89567	1
48868	1
8837	1
16879	1
6288	1
74405	1
7052	1
80998	1
74405	1
65919	1
4835	1
32147	1
6288	1
74947	1
74405	1
16879	1
84996	1
88002	1
61504	1
8860	1
93152	1
9866	1
74405	1
91126	1
38061	1
30372	1
74405	1
94244	1
68981	1
37044	1
92872	1
12693	1
84996	1
68491	1
87612	1
42082	1
80862	1
28695	1
48652	1
19694	1
43097	1
98892	1
65373	1
94318	1
99521	1
18307	1
19354	1
59243	1
44191	1
42522	1
10792	1
75964	1
86186	1
97727	1
47693	1
38144	1
95593	1
48652	1
84996	1
56341	1
49858	1
4835	1
74405	1
28796	1
27603	1
63814	1
6288	1
30775	1
76859	1
63018	1
16769	1
63814	1
27360	1
54985	1
24373	1
38061	1
84996	1
93291	1
71503	1
65373	1
95587	1
47388	1
72298	1
69016	1
6178	1
55434	1
60912	1
16769	1
36309	1
43539	1
16769	1
63814	1
84996	1
158	1
25691	1
59243	1
53223	1
1985	1
60445	1
63704	1
33490	1
22899	1
59789	1
16769	1
19781	1
46595	1
57940	1
3328	1
71393	1
62687	1
62453	1
27360	1
99251	1
86555	1
27259	1
36392	1
74405	1
80755	1
158	1
66353	1
49418	1
70838	1
98429	1
58010	1
84996	1
18438	1
41729	1
21340	1
23474	1
74405	1
42628	1
47525	1
80159	1
53223	1
74947	1
63814	1
74405	1
40602	1
53223	1
40382	1
96710	1
35643	1
80967	1
67258	1
16113	1
30372	1
47309	1
48652	1
74405	1
74405	1
91016	1
90549	1
41781	1
74405	1
43783	1
84996	1
7737	1
62471	1
63814	1
59243	1
43007	1
27362	1
74405	1
31354	1
15698	1
52806	1
53223	1
48484	1
6178	1
13937	1
10141	1
53439	1
74405	1
80535	1
51554	1
63814	1
45856	1
5904	1
63814	1
86746	1
36502	1
21120	1
61335	1
48	1
74920	1
62168	1
99251	1
38061	1
22899	1
74405	1
20269	1
84996	1
36941	1
74405	1
68190	1
62451	1
53223	1
57684	1
74405	1
16879	1
63814	1
95587	1
47745	1
7613	1
16879	1
30891	1
10005	1
40818	1
84996	1
15210	1
64937	1
27053	1
27470	1
25801	1
63814	1
82310	1
59463	1
30372	1
63814	1
93966	1
60727	1
85758	1
30367	1
94028	1
3276	1
83437	1
36255	1
62255	1
84996	1
95587	1
53796	1
70810	1
49775	1
62471	1
78019	1
42522	1
44191	1
16769	1
83869	1
81436	1
74405	1
10749	1
74405	1
53113	1
63453	1
79247	1
49314	1
74405	1
74405	1
6905	1
91126	1
25714	1
74405	1
26729	1
95587	1
61460	1
44926	1
89619	1
67210	1
74405	1
67219	1
63814	1
42302	1
16769	1
74405	1
75964	1
6178	1
74621	1
38061	1
74443	1
84996	1
42383	1
69724	1
65637	1
62471	1
89530	1
22816	1
19781	1
74405	1
23941	1
38061	1
84996	1
74405	1
71472	1
16769	1
39529	1
27360	1
36934	1
95587	1
98487	1
91558	1
10143	1
66691	1
97036	1
35386	1
63814	1
67835	1
9190	1
12652	1
27470	1
74621	1
69944	1
7737	1
26841	1
50321	1
38061	1
5841	1
2502	1
6178	1
98925	1
11432	1
25743	1
83437	1
84996	1
32806	1
65373	1
95587	1
9005	1
63814	1
75032	1
15536	1
47745	1
16769	1
91016	1
12308	1
93625	1
95587	1
84996	1
45640	1
96683	1
63814	1
62145	1
6288	1
3027	1
95147	1
97146	1
87157	1
95803	1
31516	1
11299	1
53223	1
14349	1
6178	1
84996	1
59723	1
84996	1
31541	1
12909	1
63814	1
95064	1
46983	1
74405	1
74405	1
74405	1
41362	1
3602	1
35651	1
62145	1
33617	1
25644	1
65535	1
64954	1
47093	1
53223	1
99035	1
68491	1
36194	1
52752	1
54286	1
57900	1
61352	1
40386	1
22899	1
59243	1
74405	1
53113	1
2452	1
45746	1
4835	1
27360	1
16655	1
6178	1
37484	1
91016	1
63814	1
9929	1
71097	1
95587	1
4835	1
96981	1
97420	1
16879	1
95587	1
58938	1
22265	1
74405	1
88554	1
16769	1
90194	1
32147	1
38061	1
91745	1
16879	1
84996	1
12850	1
66742	1
60225	1
53223	1
14361	1
15532	1
57684	1
29872	1
74405	1
26127	1
6288	1
69944	1
75661	1
63814	1
48652	1
56179	1
37020	1
74405	1
32874	1
74405	1
45966	1
53223	1
74405	1
51222	1
41125	1
74405	1
42522	1
12823	1
12308	1
84996	1
74405	1
65259	1
68232	1
3492	1
8151	1
47405	1
96349	1
74405	1
41878	1
65373	1
84996	1
20103	1
53439	1
5527	1
60521	1
8063	1
39008	1
8503	1
73421	1
48652	1
9290	1
1356	1
74405	1
27338	1
74405	1
34995	1
69851	1
15210	1
12308	1
80425	1
62687	1
48652	1
14087	1
96737	1
53223	1
65589	1
30611	1
36755	1
74405	1
90666	1
22899	1
48652	1
35159	1
24887	1
53223	1
23119	1
6178	1
16769	1
59243	1
51560	1
44301	1
10696	1
50041	1
785	1
63704	1
74405	1
53223	1
33569	1
54562	1
69388	1
39400	1
3739	1
74405	1
6404	1
97856	1
73947	1
62907	1
92685	1
89457	1
53223	1
23115	1
74405	1
41941	1
34897	1
26127	1
703	1
31794	1
65373	1
74405	1
44710	1
65915	1
67210	1
55200	1
21116	1
47508	1
48652	1
2973	1
27360	1
21606	1
53223	1
46983	1
80425	1
72203	1
57379	1
66691	1
84992	1
95587	1
59648	1
53223	1
36502	1
42522	1
9622	1
19281	1
89567	1
74405	1
53223	1
97005	1
6288	1
53223	1
47085	1
74405	1
53219	1
64356	1
84996	1
99809	1
6178	1
30944	1
13863	1
38545	1
27109	1
73481	1
33376	1
56393	1
99031	1
97202	1
88440	1
62247	1
53223	1
6178	1
40926	1
74785	1
82266	1
38901	1
90329	1
56777	1
10965	1
621	1
13211	1
30372	1
82829	1
76753	1
53223	1
52563	1
16769	1
19476	1
21882	1
10533	1
80425	1
6288	1
33108	1
44191	1
16989	1
26590	1
74405	1
49771	1
62471	1
74405	1
81077	1
53223	1
27360	1
96870	1
90329	1
84032	1
41509	1
60632	1
74405	1
70134	1
74405	1
44081	1
16769	1
30372	1
31493	1
3946	1
19781	1
40546	1
84323	1
95587	1
53223	1
38061	1
74405	1
95587	1
7847	1
84996	1
30997	1
44191	1
9445	1
74405	1
94616	1
16879	1
71350	1
54668	1
19997	1
18878	1
37034	1
17095	1
30372	1
27470	1
62255	1
73110	1
27360	1
53223	1
33490	1
6654	1
91267	1
54041	1
1717	1
61894	1
1250	1
4395	1
94707	1
6178	1
65373	1
38113	1
63814	1
34679	1
85102	1
84996	1
50416	1
10338	1
27360	1
94888	1
15210	1
65373	1
82993	1
74405	1
74405	1
77849	1
42192	1
16769	1
74621	1
22899	1
53223	1
6178	1
12908	1
45802	1
31702	1
97256	1
36554	1
53223	1
91126	1
27894	1
24678	1
95587	1
67135	1
68051	1
53223	1
53223	1
6068	1
82642	1
35896	1
60534	1
95333	1
7847	1
72092	1
3056	1
59326	1
10150	1
63814	1
21446	1
74405	1
74405	1
49775	1
81118	1
50481	1
53223	1
68875	1
35296	1
88114	1
83979	1
20520	1
63704	1
97146	1
86555	1
26127	1
29245	1
93152	1
97366	1
74405	1
69394	1
53223	1
95587	1
58829	1
48652	1
64497	1
47336	1
37044	1
15426	1
35489	1
74405	1
73201	1
63814	1
35599	1
10749	1
37592	1
53223	1
19997	1
78150	1
81023	1
87881	1
80535	1
95587	1
48295	1
52999	1
8568	1
24852	1
68275	1
6288	1
74405	1
72209	1
74405	1
10714	1
97146	1
19781	1
11291	1
53223	1
19781	1
27360	1
75744	1
6178	1
41725	1
1009	1
88334	1
50234	1
84996	1
20209	1
74405	1
74405	1
21556	1
53067	1
6288	1
71447	1
51770	1
89567	1
65635	1
36305	1
207	1
90605	1
32689	1
34995	1
27470	1
31354	1
16769	1
98767	1
71582	1
63704	1
44191	1
73118	1
77523	1
3461	1
27470	1
93764	1
91016	1
42165	1
4619	1
81274	1
16769	1
27360	1
75960	1
68734	1
84996	1
58010	1
84996	1
15210	1
16769	1
95587	1
9678	1
84988	1
74405	1
36392	1
74405	1
3359	1
30997	1
27470	1
95803	1
10558	1
51193	1
71503	1
74405	1
83516	1
16769	1
53223	1
53223	1
92218	1
374	1
74405	1
73498	1
61128	1
39670	1
29820	1
57051	1
27360	1
75026	1
6178	1
29685	1
89457	1
77231	1
42553	1
84996	1
14990	1
27360	1
74405	1
16769	1
3492	1
31931	1
92027	1
57244	1
74405	1
77523	1
76625	1
48648	1
63704	1
12864	1
36502	1
52067	1
75744	1
65686	1
31289	1
21556	1
84996	1
15949	1
90109	1
27769	1
14849	1
74646	1
62145	1
53223	1
38387	1
53223	1
99826	1
78866	1
13695	1
88444	1
6288	1
91126	1
11886	1
76728	1
74405	1
63988	1
84996	1
71200	1
55119	1
27360	1
63814	1
2373	1
59128	1
18658	1
62909	1
6367	1
20950	1
7653	1
6828	1
53765	1
91126	1
40195	1
66291	1
56341	1
75964	1
74405	1
99790	1
41399	1
48652	1
17778	1
55888	1
9190	1
74621	1
75823	1
67038	1
63810	1
86881	1
24568	1
59243	1
16989	1
48432	1
46863	1
96081	1
57105	1
87586	1
42991	1
1044	1
38061	1
38277	1
62255	1
72736	1
88114	1
16879	1
60645	1
77002	1
58882	1
87455	1
74405	1
50967	1
48845	1
63814	1
86555	1
13867	1
78444	1
66932	1
32147	1
22061	1
23225	1
16879	1
63814	1
52972	1
59243	1
38387	1
55132	1
87595	1
13290	1
8167	1
1717	1
48652	1
44471	1
65373	1
71196	1
21340	1
29029	1
27360	1
73253	1
6178	1
84996	1
67478	1
36718	1
44081	1
83437	1
39151	1
56472	1
51000	1
55976	1
98925	1
78866	1
60252	1
75964	1
51666	1
97256	1
58010	1
46976	1
17531	1
89567	1
74795	1
70376	1
18924	1
67202	1
17672	1
73278	1
60802	1
91558	1
83437	1
3884	1
94244	1
94028	1
63982	1
81438	1
25801	1
97472	1
63704	1
95587	1
38281	1
59243	1
6288	1
47093	1
6178	1
70214	1
69580	1
86881	1
66932	1
26343	1
84996	1
21340	1
44209	1
21340	1
37239	1
5267	1
74405	1
63814	1
50614	1
49194	1
58010	1
16879	1
63706	1
84996	1
22690	1
27234	1
81941	1
35159	1
37594	1
80535	1
10162	1
90522	1
76357	1
90165	1
23335	1
74405	1
24022	1
7324	1
32670	1
66029	1
77774	1
18370	1
44081	1
74405	1
33600	1
75964	1
50487	1
84996	1
27360	1
37374	1
6006	1
30588	1
95587	1
32147	1
74405	1
83437	1
38061	1
63814	1
74405	1
27470	1
57103	1
74405	1
34059	1
84996	1
16879	1
72846	1
79134	1
22899	1
12308	1
55222	1
24644	1
12308	1
51770	1
64437	1
86889	1
59243	1
63970	1
32473	1
97383	1
5807	1
74405	1
27360	1
74405	1
89952	1
74405	1
96710	1
50321	1
23852	1
29152	1
73178	1
80535	1
50074	1
93970	1
53113	1
16769	1
84996	1
8829	1
48652	1
49603	1
84996	1
71719	1
14197	1
7737	1
68601	1
34447	1
48652	1
65373	1
63814	1
6288	1
74405	1
1717	1
74405	1
95803	1
3602	1
15073	1
33243	1
2753	1
68711	1
74405	1
53659	1
31570	1
65450	1
21662	1
53223	1
41972	1
9732	1
16106	1
90896	1
44490	1
36934	1
6068	1
20655	1
85459	1
16769	1
36502	1
1717	1
27360	1
33398	1
95587	1
83979	1
44081	1
53223	1
50406	1
21446	1
34393	1
82644	1
21556	1
89433	1
84996	1
3822	1
56557	1
7627	1
41945	1
63814	1
74405	1
44411	1
74405	1
12308	1
11868	1
59785	1
1717	1
89756	1
70820	1
84992	1
63837	1
63814	1
51554	1
95990	1
71503	1
16769	1
3459	1
1717	1
80967	1
80535	1
49035	1
6178	1
75964	1
31846	1
2153	1
38061	1
74405	1
29768	1
6178	1
90981	1
43172	1
74405	1
53223	1
44081	1
36934	1
66665	1
16879	1
30588	1
26864	1
95340	1
53439	1
64466	1
27605	1
4858	1
70752	1
63814	1
14961	1
75964	1
53439	1
6288	1
9389	1
27360	1
26252	1
53223	1
6288	1
53223	1
44623	1
63814	1
16769	1
14932	1
69944	1
79628	1
81423	1
74405	1
77787	1
9491	1
3492	1
42649	1
17130	1
25801	1
69037	1
6288	1
48816	1
97941	1
98155	1
63814	1
98815	1
72736	1
23335	1
34692	1
31026	1
96349	1
98692	1
27360	1
87950	1
63814	1
95587	1
90329	1
81108	1
16879	1
74405	1
64686	1
38607	1
48162	1
27470	1
38344	1
53223	1
10965	1
53223	1
27140	1
59243	1
86555	1
79220	1
80751	1
95587	1
16970	1
69944	1
74405	1
63704	1
10282	1
4951	1
24458	1
34939	1
40963	1
98892	1
45613	1
25469	1
6178	1
18654	1
83653	1
63814	1
51448	1
40936	1
6178	1
45966	1
60283	1
74405	1
4835	1
38061	1
38061	1
74405	1
99145	1
89308	1
27163	1
92901	1
38061	1
84996	1
11652	1
6178	1
38061	1
74405	1
71200	1
63814	1
80425	1
45750	1
55482	1
74405	1
27360	1
74405	1
8098	1
54197	1
65373	1
74405	1
68601	1
82310	1
63814	1
74405	1
65976	1
97642	1
13867	1
71281	1
83437	1
48652	1
6178	1
83540	1
92685	1
11625	1
68543	1
27902	1
9190	1
89293	1
75831	1
59243	1
27470	1
69534	1
24458	1
58010	1
95587	1
4945	1
1717	1
30694	1
54782	1
27360	1
54577	1
87054	1
67698	1
33600	1
91016	1
67308	1
66303	1
89567	1
27686	1
72736	1
25801	1
87101	1
13290	1
59679	1
24720	1
75325	1
2560	1
74747	1
79049	1
84996	1
19781	1
53223	1
83873	1
73062	1
93251	1
46874	1
38061	1
45630	1
68491	1
48	1
35975	1
19769	1
79985	1
46041	1
26071	1
42302	1
10363	1
34773	1
68543	1
80535	1
74405	1
61345	1
80535	1
12524	1
19011	1
84996	1
37075	1
33490	1
20665	1
69834	1
84832	1
16769	1
54365	1
4094	1
76616	1
94873	1
16879	1
74405	1
84996	1
74405	1
68183	1
60638	1
90443	1
64773	1
64470	1
90819	1
98076	1
95803	1
74405	1
38603	1
39946	1
69834	1
22978	1
9190	1
91016	1
6288	1
51301	1
84996	1
92500	1
22743	1
59401	1
63814	1
29029	1
84996	1
47093	1
54782	1
17544	1
84996	1
59243	1
59384	1
17751	1
55795	1
15186	1
94375	1
84996	1
35049	1
57684	1
36195	1
67694	1
74405	1
48	1
3246	1
74405	1
53799	1
62388	1
30750	1
57244	1
53223	1
46253	1
27470	1
71393	1
87344	1
95587	1
53223	1
86555	1
93804	1
47529	1
80425	1
53223	1
63947	1
19673	1
66932	1
59243	1
74405	1
22807	1
60833	1
27686	1
53223	1
64246	1
35159	1
9735	1
84992	1
89756	1
3678	1
38744	1
69834	1
74405	1
74405	1
2259	1
25513	1
59569	1
16769	1
45750	1
27470	1
92862	1
84996	1
84996	1
40455	1
1034	1
68752	1
62471	1
74405	1
11596	1
46952	1
91016	1
56613	1
25487	1
36718	1
58587	1
24238	1
53223	1
70130	1
21556	1
72846	1
56424	1
93847	1
6178	1
16769	1
45750	1
65969	1
84996	1
374	1
88717	1
41289	1
92193	1
61122	1
5983	1
65373	1
74405	1
96486	1
36502	1
74405	1
42422	1
6178	1
75964	1
92058	1
80425	1
74405	1
80751	1
27470	1
69693	1
47444	1
15156	1
36392	1
83350	1
89175	1
91342	1
58622	1
97146	1
74405	1
76678	1
22899	1
63814	1
53223	1
19314	1
43639	1
66932	1
84996	1
55756	1
48652	1
31298	1
83973	1
74405	1
51361	1
54081	1
74405	1
16769	1
41179	1
60802	1
88004	1
74405	1
13977	1
63814	1
84996	1
60912	1
74405	1
95587	1
1717	1
84996	1
40963	1
73836	1
59985	1
16769	1
55324	1
89316	1
82090	1
63814	1
6288	1
79985	1
27360	1
81752	1
78721	1
89783	1
73062	1
8239	1
99770	1
95587	1
28921	1
43724	1
74405	1
60553	1
24070	1
51967	1
61850	1
86937	1
74405	1
83729	1
44411	1
50537	1
91016	1
68246	1
16875	1
38061	1
89484	1
95913	1
84996	1
84427	1
16879	1
33676	1
83869	1
84996	1
62687	1
74405	1
63814	1
30372	1
74405	1
54782	1
47608	1
67345	1
89567	1
44407	1
46425	1
74405	1
57460	1
84996	1
76026	1
1325	1
94028	1
21336	1
15210	1
82094	1
8829	1
74405	1
31734	1
56144	1
79356	1
16769	1
72846	1
99031	1
14629	1
7319	1
53875	1
37538	1
31719	1
65373	1
84996	1
97146	1
77768	1
18764	1
85978	1
53439	1
63814	1
48652	1
83703	1
74405	1
31792	1
38277	1
68491	1
81077	1
85102	1
74405	1
91558	1
84089	1
53223	1
80535	1
90111	1
90906	1
56918	1
43520	1
6178	1
60688	1
92571	1
53514	1
92037	1
62145	1
64030	1
16879	1
25795	1
82140	1
57680	1
74405	1
26192	1
99448	1
2676	1
99255	1
77166	1
65373	1
84996	1
74405	1
15210	1
39763	1
27470	1
63814	1
33129	1
23941	1
33490	1
19173	1
74405	1
74405	1
47668	1
42248	1
84996	1
74405	1
74405	1
46983	1
52069	1
15613	1
67632	1
74405	1
3955	1
63704	1
94024	1
48758	1
54782	1
36638	1
53223	1
2979	1
78563	1
8067	1
6178	1
56781	1
53223	1
95217	1
45040	1
37017	1
84996	1
41125	1
158	1
16769	1
27360	1
38061	1
81108	1
44361	1
26127	1
38061	1
53223	1
69834	1
82094	1
74405	1
6178	1
52906	1
21232	1
72846	1
25525	1
73285	1
21556	1
9958	1
47525	1
33117	1
96139	1
63617	1
74405	1
91016	1
82285	1
52015	1
9190	1
89783	1
72460	1
42522	1
63814	1
28099	1
3492	1
81139	1
83437	1
38061	1
74405	1
29947	1
25654	1
96694	1
36714	1
84843	1
45204	1
56008	1
65776	1
93808	1
74405	1
86378	1
76506	1
74405	1
74405	1
72155	1
89457	1
71393	1
48652	1
10699	1
71856	1
51164	1
63814	1
16769	1
78069	1
73191	1
80425	1
4482	1
95587	1
64273	1
74405	1
85212	1
77627	1
27360	1
24101	1
95587	1
80425	1
95587	1
65346	1
91126	1
11251	1
28874	1
53952	1
74402	1
63814	1
60802	1
74405	1
53223	1
1933	1
5094	1
84996	1
98562	1
99415	1
3492	1
74405	1
80890	1
14473	1
12308	1
53223	1
95587	1
64167	1
45275	1
6178	1
88224	1
63534	1
46076	1
35375	1
44191	1
82125	1
68514	1
29029	1
51686	1
25199	1
27360	1
2043	1
7979	1
97075	1
71947	1
30498	1
91122	1
9846	1
51880	1
22899	1
94431	1
29712	1
28831	1
36282	1
57684	1
89343	1
6178	1
44081	1
53223	1
50502	1
89471	1
5848	1
74405	1
53223	1
16414	1
74405	1
97939	1
74405	1
64419	1
84996	1
87757	1
53223	1
83234	1
6288	1
72736	1
1320	1
74405	1
69944	1
95587	1
86526	1
74835	1
46983	1
74405	1
53223	1
97146	1
83437	1
74405	1
53223	1
89567	1
40546	1
92195	1
84996	1
51880	1
51880	1
700	1
30858	1
29928	1
99145	1
36172	1
77060	1
63842	1
83732	1
87564	1
32473	1
16769	1
9190	1
32390	1
6753	1
36502	1
83179	1
25444	1
59384	1
40185	1
71393	1
75528	1
27140	1
82278	1
66878	1
88440	1
79024	1
70737	1
88344	1
15210	1
33490	1
63814	1
10089	1
4907	1
60912	1
53223	1
856	1
9269	1
21199	1
95587	1
53223	1
84996	1
14820	1
40376	1
69944	1
54562	1
84996	1
91126	1
8672	1
42848	1
93808	1
59166	1
25527	1
49077	1
26329	1
76506	1
74405	1
91234	1
6068	1
27296	1
91126	1
74405	1
12308	1
59243	1
74405	1
77882	1
16879	1
74405	1
55222	1
95828	1
40963	1
16879	1
87672	1
57684	1
44191	1
74405	1
59433	1
20109	1
74405	1
74405	1
31275	1
21305	1
16769	1
84280	1
24568	1
80425	1
27360	1
7623	1
6288	1
42192	1
1823	1
63814	1
84996	1
64852	1
80425	1
45690	1
53223	1
72736	1
38061	1
70160	1
9049	1
91126	1
42138	1
84996	1
71279	1
74405	1
3303	1
84996	1
74405	1
67835	1
6747	1
38906	1
53223	1
74405	1
34072	1
20275	1
69720	1
74405	1
48652	1
27769	1
63814	1
7648	1
97256	1
57081	1
84996	1
7737	1
76043	1
76210	1
51494	1
97732	1
47093	1
93781	1
16769	1
94790	1
74405	1
21440	1
5134	1
1933	1
57790	1
32994	1
82197	1
52959	1
74405	1
40963	1
87861	1
38607	1
72155	1
26155	1
89679	1
6178	1
72215	1
3276	1
74405	1
57684	1
44081	1
91016	1
36556	1
77849	1
18458	1
21500	1
46076	1
67368	1
63814	1
22899	1
6178	1
66739	1
15536	1
91126	1
7657	1
65028	1
84996	1
85637	1
27360	1
56667	1
31198	1
74405	1
50894	1
19997	1
84996	1
74405	1
90630	1
70297	1
27092	1
17311	1
22459	1
13867	1
15426	1
63814	1
36392	1
55577	1
59243	1
81297	1
16879	1
63814	1
36824	1
53223	1
27470	1
92619	1
59243	1
9649	1
38310	1
69834	1
64936	1
82310	1
67611	1
68275	1
23804	1
80589	1
63814	1
35435	1
90637	1
52096	1
74405	1
53223	1
53113	1
21556	1
30997	1
92905	1
73442	1
5969	1
53223	1
70187	1
21724	1
70486	1
74405	1
95587	1
74405	1
25008	1
14110	1
86165	1
10965	1
56204	1
46983	1
96710	1
67631	1
92712	1
59569	1
84996	1
76091	1
13526	1
74405	1
53223	1
83653	1
27360	1
27360	1
95913	1
158	1
84568	1
71939	1
13977	1
951	1
69834	1
66717	1
74405	1
74405	1
16879	1
67777	1
36031	1
6178	1
22218	1
29245	1
16769	1
34086	1
44081	1
52756	1
31168	1
21822	1
47093	1
68646	1
45763	1
86311	1
75935	1
46076	1
53570	1
73419	1
2456	1
85567	1
83379	1
39620	1
92202	1
81077	1
62145	1
53223	1
45806	1
38061	1
35408	1
6178	1
54782	1
11328	1
33112	1
71067	1
50097	1
95587	1
83976	1
6178	1
53223	1
9390	1
84996	1
59762	1
38281	1
74405	1
92901	1
95373	1
21662	1
74405	1
77743	1
41206	1
42209	1
7623	1
43064	1
63814	1
21543	1
24458	1
158	1
94047	1
36774	1
13867	1
84996	1
32531	1
65589	1
85212	1
53223	1
1580	1
53223	1
85702	1
91782	1
92901	1
4354	1
68275	1
27360	1
7187	1
42522	1
25911	1
32786	1
20433	1
63814	1
93850	1
17531	1
57624	1
40963	1
87581	1
370	1
96764	1
63453	1
89347	1
53223	1
8279	1
6780	1
76323	1
39980	1
43724	1
38061	1
24568	1
53223	1
80967	1
51824	1
30372	1
29137	1
79302	1
84996	1
84955	1
46105	1
70712	1
48812	1
50757	1
2263	1
44081	1
76180	1
91238	1
79420	1
84996	1
63814	1
26123	1
74405	1
7760	1
700	1
74405	1
44081	1
57790	1
25891	1
94028	1
69834	1
74947	1
94354	1
27825	1
48673	1
2836	1
73484	1
36502	1
46934	1
95147	1
57437	1
18986	1
23225	1
39311	1
18002	1
6288	1
69834	1
42844	1
38106	1
12308	1
36319	1
7847	1
16769	1
68817	1
53223	1
79805	1
38396	1
30372	1
18438	1
70214	1
67231	1
19620	1
63814	1
64246	1
74405	1
84996	1
27933	1
31275	1
67588	1
62814	1
74405	1
15536	1
16769	1
31985	1
23115	1
758	1
23341	1
75167	1
82613	1
6724	1
44048	1
44081	1
62255	1
8399	1
68275	1
16769	1
78358	1
92685	1
53223	1
63814	1
62211	1
4835	1
88224	1
86524	1
62145	1
80315	1
84996	1
95587	1
3603	1
18052	1
60885	1
63814	1
16769	1
16757	1
57445	1
84996	1
74405	1
84199	1
53113	1
15183	1
42628	1
97146	1
64466	1
74405	1
84996	1
9869	1
78211	1
29357	1
74405	1
15426	1
33270	1
58026	1
46105	1
1933	1
39919	1
13867	1
74405	1
8200	1
94790	1
53223	1
22295	1
69230	1
97469	1
1717	1
44081	1
95143	1
17807	1
10390	1
42765	1
49167	1
84996	1
71283	1
74405	1
63814	1
10749	1
71447	1
19262	1
16769	1
63814	1
54998	1
84996	1
80425	1
16769	1
89395	1
26263	1
37262	1
11868	1
63814	1
3772	1
41017	1
74405	1
91558	1
1717	1
39867	1
47608	1
36392	1
97256	1
21886	1
16769	1
84384	1
83540	1
84199	1
18081	1
6068	1
63814	1
29654	1
84996	1
30588	1
63814	1
95587	1
81548	1
36392	1
69317	1
84996	1
95587	1
22899	1
53223	1
4377	1
3492	1
94244	1
82310	1
19781	1
95587	1
59152	1
17216	1
63814	1
54782	1
27360	1
40143	1
1717	1
44627	1
15210	1
61649	1
74405	1
49364	1
87562	1
46983	1
84996	1
59243	1
15536	1
23939	1
4152	1
80328	1
33207	1
63814	1
82231	1
80967	1
95693	1
4835	1
16879	1
73282	1
1937	1
52884	1
84996	1
3975	1
63814	1
91919	1
48652	1
53223	1
95441	1
75630	1
74405	1
27271	1
62828	1
48675	1
9022	1
63814	1
57460	1
74405	1
16432	1
77853	1
80564	1
38852	1
84996	1
84996	1
84996	1
13647	1
91126	1
74405	1
71503	1
6288	1
50332	1
58226	1
60802	1
49058	1
30972	1
68491	1
50211	1
74405	1
21126	1
63814	1
80535	1
41972	1
74405	1
31707	1
24568	1
95587	1
46076	1
53223	1
89999	1
89783	1
53223	1
88224	1
6178	1
38948	1
63814	1
64387	1
36718	1
74405	1
91126	1
44733	1
53223	1
45148	1
98375	1
46267	1
78073	1
87564	1
3687	1
43091	1
73278	1
97796	1
59322	1
37153	1
18853	1
74405	1
80174	1
12308	1
79143	1
15426	1
8499	1
47716	1
95803	1
38061	1
97146	1
97355	1
83599	1
76958	1
53113	1
33517	1
56999	1
77083	1
46076	1
28126	1
72846	1
31850	1
74405	1
74405	1
43713	1
50182	1
95587	1
63814	1
3602	1
10965	1
64250	1
80535	1
74405	1
26704	1
95338	1
74405	1
44411	1
38756	1
74405	1
69834	1
69720	1
7695	1
54016	1
17311	1
33519	1
91016	1
93922	1
74405	1
90181	1
82090	1
24389	1
62145	1
53223	1
74405	1
79192	1
80535	1
87485	1
48652	1
96374	1
58255	1
2633	1
16769	1
5904	1
49748	1
63044	1
84996	1
2973	1
84996	1
42974	1
84996	1
27725	1
99689	1
59243	1
4619	1
71393	1
74405	1
71802	1
98100	1
95479	1
65558	1
54778	1
444	1
1717	1
83437	1
47529	1
13867	1
48652	1
69614	1
60802	1
88986	1
31682	1
22529	1
67308	1
21336	1
74405	1
10282	1
44081	1
80751	1
7737	1
34856	1
53223	1
89567	1
6668	1
18438	1
4619	1
97756	1
84996	1
34142	1
84996	1
26127	1
74405	1
16769	1
96129	1
53223	1
31664	1
5958	1
5406	1
80425	1
22166	1
73741	1
3602	1
22899	1
69834	1
51799	1
10305	1
74405	1
75696	1
39373	1
49559	1
80535	1
80218	1
49458	1
36554	1
80695	1
83653	1
45391	1
52017	1
53223	1
75744	1
55932	1
84996	1
59243	1
9190	1
16879	1
10363	1
7403	1
93347	1
74405	1
98049	1
23008	1
6178	1
89872	1
86555	1
84996	1
84996	1
21556	1
73062	1
18764	1
17494	1
84996	1
64607	1
19781	1
26127	1
51550	1
1603	1
70640	1
33932	1
29285	1
51205	1
32147	1
22899	1
24238	1
11931	1
65373	1
74405	1
69834	1
84946	1
35597	1
33490	1
75964	1
6093	1
39184	1
91126	1
48652	1
5192	1
12414	1
49875	1
33490	1
84996	1
33490	1
69122	1
16879	1
74405	1
74405	1
60445	1
27360	1
87940	1
79908	1
97146	1
14193	1
10824	1
61460	1
24458	1
16769	1
8663	1
26563	1
68821	1
91313	1
74405	1
62064	1
69724	1
37154	1
58475	1
62255	1
16769	1
42425	1
84996	1
65738	1
60238	1
93032	1
6178	1
40623	1
53223	1
11399	1
74511	1
55324	1
13267	1
36714	1
90312	1
24568	1
8995	1
80755	1
91016	1
22129	1
37870	1
44342	1
51285	1
74405	1
80425	1
90109	1
44191	1
47114	1
6178	1
63814	1
81858	1
84583	1
27360	1
28593	1
10635	1
91126	1
94543	1
63814	1
1717	1
92901	1
93011	1
54998	1
74405	1
79891	1
91919	1
16769	1
97256	1
84996	1
29656	1
12308	1
97146	1
84996	1
60802	1
63814	1
18438	1
71478	1
84591	1
7847	1
16769	1
74405	1
50211	1
67038	1
87072	1
94767	1
6178	1
74405	1
8719	1
74405	1
12308	1
84996	1
27040	1
53003	1
40739	1
45856	1
47309	1
84996	1
83653	1
15210	1
35159	1
97389	1
50180	1
94603	1
74405	1
27360	1
14193	1
99327	1
79271	1
74166	1
43108	1
43971	1
84996	1
64331	1
58340	1
88197	1
15349	1
38061	1
20213	1
39616	1
16879	1
62145	1
73027	1
59459	1
8970	1
43701	1
35489	1
40963	1
27360	1
99522	1
62826	1
51880	1
53223	1
35738	1
81108	1
74405	1
82094	1
68275	1
6178	1
22899	1
45887	1
74405	1
64435	1
32664	1
51361	1
85392	1
36718	1
16769	1
8609	1
79371	1
56705	1
95587	1
59453	1
27360	1
72846	1
74405	1
31678	1
30997	1
56341	1
45349	1
74405	1
95803	1
14015	1
94244	1
78615	1
84996	1
74405	1
59189	1
16823	1
7737	1
83649	1
89783	1
29029	1
53223	1
48206	1
80425	1
16769	1
83437	1
54433	1
84996	1
4619	1
13410	1
71503	1
57680	1
43682	1
85621	1
53223	1
74073	1
74405	1
95587	1
50537	1
51554	1
84996	1
27190	1
6178	1
79387	1
72736	1
95587	1
9190	1
89457	1
7656	1
32024	1
67258	1
10581	1
44191	1
26069	1
15426	1
74405	1
69834	1
28136	1
60761	1
46352	1
51334	1
95587	1
70135	1
48652	1
53796	1
74405	1
91016	1
63814	1
16769	1
89847	1
57684	1
74405	1
54116	1
46983	1
42522	1
48044	1
74405	1
16769	1
18598	1
13136	1
47799	1
65373	1
88876	1
48	1
74405	1
25465	1
53223	1
80425	1
34073	1
69944	1
24348	1
7648	1
38298	1
36761	1
79192	1
49194	1
517	1
76427	1
87157	1
3056	1
37367	1
79408	1
74405	1
68346	1
41437	1
55866	1
96306	1
53223	1
36361	1
95226	1
6288	1
74405	1
83437	1
53223	1
89559	1
18297	1
25911	1
2391	1
64356	1
18941	1
89662	1
2323	1
72296	1
82578	1
31509	1
41509	1
33816	1
65332	1
74405	1
35269	1
31879	1
16004	1
76787	1
69834	1
78232	1
13404	1
92222	1
23582	1
4999	1
27470	1
89619	1
50180	1
12308	1
73859	1
16769	1
74405	1
82573	1
55485	1
94134	1
590	1
51880	1
98759	1
30220	1
43008	1
16879	1
63814	1
99593	1
32054	1
21340	1
65915	1
18764	1
96926	1
13977	1
49449	1
86555	1
11009	1
16769	1
76406	1
74405	1
99938	1
3139	1
19280	1
6178	1
79555	1
35952	1
84996	1
6178	1
74405	1
7847	1
38834	1
2253	1
84996	1
49969	1
54782	1
63223	1
39726	1
16769	1
63814	1
53223	1
53223	1
15283	1
75972	1
36226	1
1001	1
86314	1
6178	1
51554	1
53223	1
37116	1
3955	1
14087	1
35296	1
48652	1
53223	1
74405	1
69012	1
84996	1
44623	1
74405	1
94028	1
47996	1
48652	1
758	1
38061	1
51273	1
55461	1
90271	1
6288	1
46516	1
17232	1
40245	1
10552	1
30565	1
84996	1
25691	1
3795	1
74405	1
97946	1
95587	1
27360	1
36938	1
1717	1
86638	1
97837	1
48652	1
84996	1
53223	1
80828	1
84996	1
73502	1
17421	1
44407	1
79018	1
60009	1
54782	1
63814	1
71916	1
16183	1
3203	1
50977	1
7017	1
56667	1
74149	1
23441	1
1030	1
87265	1
30100	1
17861	1
79215	1
53223	1
84996	1
53223	1
84996	1
62924	1
61545	1
10612	1
32367	1
52281	1
74405	1
74405	1
6178	1
27470	1
68010	1
46983	1
54398	1
97721	1
63814	1
46516	1
94028	1
41114	1
74405	1
13867	1
96791	1
84996	1
17099	1
38061	1
35595	1
16769	1
92421	1
39321	1
97252	1
91016	1
91016	1
70747	1
71393	1
28573	1
84996	1
33841	1
53223	1
69944	1
12360	1
55079	1
74405	1
75964	1
36502	1
35408	1
63814	1
36502	1
25911	1
93804	1
51444	1
92278	1
35049	1
4835	1
74405	1
56104	1
63814	1
6178	1
82750	1
58010	1
22899	1
83653	1
52210	1
16879	1
6178	1
71719	1
74405	1
61676	1
33160	1
33490	1
53223	1
74405	1
75495	1
25911	1
58147	1
94244	1
83736	1
74405	1
16875	1
22899	1
89457	1
57680	1
32965	1
53223	1
87514	1
10390	1
63814	1
74405	1
38971	1
67835	1
81376	1
84111	1
53223	1
57684	1
74405	1
54782	1
90360	1
71879	1
81407	1
27360	1
23335	1
1937	1
82625	1
11185	1
85786	1
6369	1
84996	1
60934	1
63814	1
13867	1
23902	1
56341	1
42312	1
27360	1
9190	1
74405	1
74405	1
39836	1
53223	1
24842	1
16807	1
65699	1
74405	1
95975	1
8412	1
33816	1
99147	1
34433	1
84996	1
35595	1
62224	1
54319	1
63814	1
32727	1
14300	1
24568	1
74405	1
63814	1
22771	1
62168	1
38061	1
29905	1
6288	1
88114	1
89999	1
53223	1
23335	1
51440	1
4835	1
94028	1
32473	1
26673	1
22899	1
60229	1
98223	1
44011	1
33490	1
74405	1
95587	1
48978	1
38061	1
24568	1
74405	1
91016	1
79192	1
45526	1
16769	1
4619	1
74405	1
27217	1
787	1
93368	1
17778	1
28813	1
96926	1
19812	1
93968	1
158	1
17634	1
87074	1
76923	1
77633	1
20464	1
69834	1
80425	1
72736	1
84996	1
25504	1
47093	1
31408	1
25801	1
65126	1
16769	1
89567	1
72846	1
74405	1
22426	1
86555	1
38061	1
53223	1
19605	1
5379	1
82310	1
19800	1
1717	1
43256	1
94790	1
45746	1
91016	1
5958	1
84996	1
21390	1
74405	1
53223	1
4955	1
12308	1
69834	1
14413	1
18529	1
20464	1
33490	1
53223	1
35159	1
19997	1
65699	1
15233	1
16769	1
82287	1
78889	1
79281	1
84996	1
90765	1
59158	1
11916	1
45609	1
53001	1
54998	1
40355	1
67038	1
83076	1
66085	1
83489	1
24348	1
35952	1
84996	1
68601	1
27360	1
96710	1
26399	1
6340	1
27806	1
74405	1
30588	1
84556	1
59243	1
79192	1
26895	1
17641	1
64665	1
97146	1
16769	1
89718	1
49223	1
51554	1
37081	1
76072	1
30372	1
87443	1
87655	1
74405	1
72736	1
16769	1
40523	1
47100	1
10014	1
18544	1
84996	1
91126	1
51554	1
81430	1
31931	1
63814	1
90219	1
91722	1
7737	1
53223	1
15210	1
74405	1
63210	1
39827	1
16628	1
24705	1
28012	1
80934	1
71503	1
67673	1
48652	1
53223	1
84996	1
6830	1
36392	1
68763	1
65373	1
91016	1
90304	1
27470	1
25936	1
65919	1
80425	1
81716	1
44407	1
44081	1
70843	1
75964	1
74621	1
40716	1
65593	1
53223	1
62145	1
29795	1
71036	1
91207	1
10357	1
74405	1
12304	1
84996	1
89783	1
12248	1
84996	1
6178	1
5216	1
81517	1
88978	1
80425	1
98132	1
20580	1
18324	1
69834	1
30372	1
87981	1
28676	1
95587	1
1717	1
97528	1
98033	1
66683	1
73168	1
43805	1
83433	1
69912	1
65373	1
7847	1
16879	1
82895	1
48212	1
21155	1
41885	1
5665	1
15096	1
95587	1
793	1
52530	1
63814	1
44847	1
38034	1
53223	1
93231	1
37166	1
96133	1
22899	1
44579	1
82115	1
53223	1
77656	1
72458	1
81342	1
48498	1
74405	1
71771	1
99035	1
53439	1
56341	1
64030	1
80425	1
53223	1
91016	1
77610	1
74405	1
29355	1
74405	1
91126	1
87765	1
87618	1
6178	1
62145	1
63393	1
12308	1
72516	1
25801	1
51110	1
38061	1
74405	1
53223	1
74405	1
86555	1
48652	1
11291	1
91126	1
62699	1
20780	1
63814	1
5161	1
47093	1
27360	1
28909	1
51550	1
16879	1
91016	1
63814	1
16879	1
95587	1
49771	1
91016	1
53223	1
38061	1
48000	1
63704	1
77222	1
74405	1
74405	1
68514	1
5684	1
75679	1
12308	1
38061	1
89457	1
27360	1
80425	1
67077	1
26127	1
36004	1
76253	1
29760	1
74405	1
95913	1
41397	1
74405	1
80425	1
75964	1
36635	1
74405	1
2616	1
22893	1
20217	1
64030	1
75964	1
74405	1
6461	1
29654	1
25911	1
73278	1
89567	1
13894	1
74405	1
56705	1
3276	1
17095	1
48652	1
57460	1
99230	1
84996	1
25516	1
63814	1
73058	1
62145	1
66218	1
35993	1
27659	1
2153	1
51550	1
3633	1
83653	1
95165	1
36392	1
16989	1
76234	1
91126	1
51880	1
16769	1
97642	1
46107	1
54782	1
65373	1
95803	1
59106	1
81318	1
63814	1
96816	1
14990	1
24568	1
74405	1
83381	1
84317	1
62145	1
25911	1
44081	1
91016	1
69473	1
87643	1
17861	1
84996	1
3276	1
80211	1
12634	1
56777	1
83844	1
6178	1
10749	1
99797	1
33380	1
16027	1
27686	1
35645	1
5381	1
21346	1
45750	1
6830	1
49071	1
87389	1
58666	1
32697	1
29664	1
84996	1
53223	1
82420	1
60778	1
6178	1
71393	1
66436	1
53223	1
87863	1
71999	1
63814	1
67040	1
75964	1
6178	1
35159	1
91016	1
72736	1
97859	1
89320	1
53223	1
44328	1
71802	1
94740	1
74405	1
92320	1
27902	1
55218	1
45746	1
97196	1
64250	1
72736	1
75964	1
95587	1
53223	1
46983	1
36718	1
18326	1
74405	1
41482	1
40640	1
84996	1
75013	1
88413	1
23665	1
69158	1
27881	1
27604	1
84996	1
53223	1
74405	1
74405	1
72979	1
86881	1
72082	1
91126	1
74405	1
16769	1
69834	1
91618	1
6178	1
84996	1
80425	1
23115	1
95587	1
75063	1
12933	1
10988	1
6801	1
74405	1
19810	1
27360	1
32946	1
96133	1
63814	1
22698	1
48652	1
6288	1
73141	1
62145	1
91016	1
9626	1
44623	1
3030	1
47851	1
60206	1
77766	1
27360	1
74405	1
38061	1
74405	1
27470	1
74405	1
59243	1
16769	1
25597	1
28879	1
54782	1
15536	1
86555	1
97146	1
39836	1
32257	1
74405	1
57900	1
74405	1
48978	1
39344	1
53223	1
48154	1
12308	1
86418	1
4866	1
72736	1
53113	1
49301	1
53223	1
6288	1
95713	1
50016	1
63704	1
81814	1
98215	1
74405	1
74405	1
32774	1
63814	1
4258	1
36502	1
53223	1
68491	1
27360	1
63704	1
74405	1
84996	1
58131	1
26484	1
43508	1
84996	1
76558	1
59243	1
53223	1
16132	1
75964	1
67289	1
78509	1
91016	1
74405	1
62691	1
59243	1
38281	1
89663	1
43232	1
44191	1
26343	1
84996	1
81077	1
27470	1
22899	1
16328	1
23582	1
70440	1
69338	1
74405	1
84996	1
87101	1
73141	1
87101	1
20543	1
16769	1
14193	1
97256	1
84089	1
43776	1
92714	1
30960	1
85978	1
74405	1
84996	1
68726	1
67775	1
59243	1
74405	1
99199	1
64026	1
42931	1
44847	1
58010	1
21556	1
49194	1
53223	1
3899	1
77019	1
85457	1
95587	1
7737	1
84996	1
31694	1
55658	1
5181	1
32101	1
75985	1
24711	1
56122	1
68379	1
54782	1
24869	1
85538	1
20543	1
77249	1
4619	1
48652	1
53223	1
16879	1
21643	1
48349	1
53223	1
17095	1
34059	1
68817	1
74164	1
27470	1
59569	1
4372	1
74405	1
53113	1
73168	1
40963	1
53223	1
12103	1
56341	1
12858	1
80425	1
9190	1
95803	1
62934	1
11185	1
53223	1
50751	1
24568	1
53223	1
16769	1
72539	1
31383	1
12304	1
480	1
84996	1
84996	1
8943	1
44081	1
58460	1
94354	1
6641	1
1173	1
8923	1
28346	1
3679	1
95587	1
82617	1
81050	1
91211	1
63814	1
87454	1
47855	1
65373	1
34918	1
47369	1
72736	1
2292	1
7737	1
30588	1
60912	1
57767	1
53223	1
95587	1
61811	1
89457	1
34142	1
35456	1
22729	1
78476	1
86881	1
74405	1
3805	1
74405	1
12308	1
32370	1
63814	1
26127	1
27360	1
54703	1
20323	1
36035	1
50896	1
95587	1
17099	1
35159	1
16879	1
57684	1
56397	1
53113	1
83653	1
7872	1
16769	1
95913	1
53113	1
27470	1
95587	1
24568	1
48868	1
66162	1
80425	1
21062	1
93011	1
3108	1
84996	1
80425	1
70160	1
24757	1
34748	1
27470	1
58882	1
73965	1
16769	1
95942	1
293	1
52731	1
51258	1
83680	1
1717	1
91358	1
97013	1
87485	1
95614	1
65373	1
68601	1
90530	1
16769	1
74405	1
81658	1
83653	1
22459	1
74405	1
50211	1
95587	1
81216	1
31327	1
53223	1
8521	1
62334	1
17343	1
63509	1
85212	1
80535	1
33353	1
49487	1
33901	1
52725	1
69834	1
26613	1
9319	1
49038	1
24035	1
158	1
74405	1
90109	1
3276	1
39506	1
24898	1
74405	1
24238	1
97900	1
82822	1
94628	1
38061	1
5958	1
81417	1
44081	1
13364	1
48868	1
6284	1
61128	1
6178	1
45613	1
6178	1
53223	1
57464	1
80535	1
20676	1
95587	1
72990	1
1717	1
72099	1
47309	1
83979	1
64713	1
38061	1
53113	1
68601	1
21666	1
22899	1
72736	1
83757	1
27470	1
74405	1
86119	1
35049	1
11901	1
27902	1
2730	1
64497	1
53850	1
32226	1
67289	1
80714	1
84996	1
81276	1
27763	1
15015	1
53223	1
83869	1
63814	1
53223	1
78866	1
27680	1
16769	1
27470	1
33816	1
74405	1
480	1
98296	1
12308	1
53223	1
36172	1
84996	1
37044	1
82482	1
91126	1
50321	1
64956	1
57684	1
38061	1
6178	1
62145	1
63704	1
69834	1
12308	1
90038	1
31298	1
15210	1
33490	1
74405	1
95497	1
74405	1
94354	1
48652	1
17616	1
97472	1
86725	1
23115	1
45750	1
40164	1
90435	1
8285	1
97069	1
74405	1
18218	1
374	1
7025	1
74405	1
24568	1
10749	1
53223	1
63814	1
59243	1
84996	1
80535	1
53223	1
29739	1
47855	1
588	1
63484	1
53223	1
133	1
92685	1
80751	1
89783	1
83107	1
97256	1
91126	1
22899	1
1717	1
49011	1
65437	1
52540	1
71719	1
92905	1
11841	1
68491	1
54782	1
22241	1
95666	1
1717	1
51000	1
24551	1
74405	1
62255	1
53223	1
38783	1
16769	1
87964	1
83653	1
48652	1
63814	1
97649	1
83286	1
84996	1
95587	1
59243	1
34582	1
63814	1
56341	1
31931	1
4835	1
52312	1
48139	1
44411	1
46983	1
46485	1
44600	1
35159	1
78285	1
42522	1
91016	1
93852	1
21448	1
1717	1
84996	1
74405	1
50537	1
21662	1
45636	1
48652	1
51828	1
94435	1
27360	1
57680	1
17311	1
68064	1
38003	1
53223	1
63264	1
69834	1
30122	1
53223	1
93144	1
12162	1
84996	1
99359	1
59243	1
75520	1
13726	1
4475	1
28099	1
23729	1
6234	1
6178	1
84996	1
76865	1
18874	1
84996	1
31694	1
84996	1
7760	1
53223	1
94354	1
84996	1
43457	1
48	1
29249	1
52953	1
46929	1
60902	1
91805	1
11044	1
24458	1
370	1
63687	1
63723	1
93366	1
46743	1
74405	1
80232	1
16769	1
7737	1
4615	1
42381	1
158	1
67297	1
27360	1
93588	1
82393	1
74405	1
72736	1
74405	1
46391	1
22899	1
3828	1
6430	1
69834	1
97588	1
48652	1
82825	1
84996	1
94024	1
18299	1
30611	1
8943	1
84996	1
33600	1
13041	1
37413	1
27360	1
82145	1
62471	1
75528	1
37947	1
922	1
53223	1
72296	1
62255	1
47194	1
68601	1
97061	1
54782	1
54562	1
64441	1
19744	1
79192	1
64194	1
66937	1
23225	1
74405	1
38061	1
38420	1
25796	1
78785	1
98030	1
77089	1
95587	1
84996	1
394	1
91166	1
21662	1
74405	1
60675	1
74405	1
9190	1
91126	1
11117	1
12306	1
5055	1
40708	1
48868	1
63814	1
68139	1
61242	1
73633	1
29568	1
21203	1
96816	1
9159	1
63814	1
93719	1
63814	1
82241	1
90643	1
11185	1
40849	1
78988	1
67341	1
80535	1
4619	1
27327	1
58610	1
62471	1
78866	1
57491	1
27360	1
94028	1
42931	1
48099	1
74405	1
1493	1
85978	1
4770	1
89783	1
65046	1
36824	1
23119	1
72842	1
49308	1
27470	1
758	1
73062	1
50441	1
38061	1
53223	1
52509	1
70486	1
70899	1
63814	1
15696	1
3492	1
62471	1
27360	1
39620	1
45204	1
3413	1
31954	1
83437	1
41659	1
27879	1
31115	1
20952	1
53223	1
69834	1
84996	1
54998	1
74405	1
38027	1
32922	1
84996	1
21556	1
74405	1
27360	1
95587	1
93738	1
84996	1
88851	1
22044	1
19781	1
7025	1
40963	1
74405	1
17558	1
80535	1
8801	1
47131	1
74405	1
74405	1
65469	1
95587	1
99494	1
36392	1
56924	1
76180	1
32539	1
63814	1
6288	1
21093	1
42427	1
44411	1
74405	1
16769	1
68761	1
53223	1
89457	1
38443	1
90549	1
41028	1
6178	1
91126	1
78621	1
91016	1
16769	1
32147	1
39836	1
39184	1
48652	1
65699	1
69776	1
49771	1
63896	1
67771	1
92194	1
34142	1
62255	1
95913	1
48652	1
27360	1
76091	1
48129	1
90906	1
84996	1
36824	1
27470	1
70903	1
53223	1
16769	1
60470	1
58033	1
53223	1
3492	1
63814	1
12308	1
74405	1
41664	1
93152	1
59243	1
43851	1
53223	1
64256	1
53223	1
16769	1
7403	1
82777	1
78866	1
66841	1
33953	1
48652	1
84093	1
62251	1
74405	1
17558	1
77905	1
49138	1
54998	1
80535	1
158	1
74405	1
1717	1
44347	1
45750	1
19781	1
78752	1
53223	1
37673	1
10228	1
84996	1
31716	1
18081	1
82806	1
45530	1
27360	1
141	1
34148	1
95147	1
65193	1
96542	1
32390	1
69535	1
74405	1
16879	1
74405	1
51218	1
76806	1
52156	1
16769	1
81308	1
17558	1
2043	1
18695	1
9622	1
15206	1
69944	1
63814	1
6471	1
81654	1
91016	1
10637	1
57103	1
44407	1
64529	1
6178	1
97609	1
92888	1
72240	1
38061	1
69151	1
30372	1
90109	1
74405	1
15426	1
29737	1
36581	1
84996	1
74891	1
58436	1
7407	1
32693	1
53223	1
1030	1
11280	1
38744	1
23583	1
74405	1
32477	1
27360	1
74405	1
78208	1
74405	1
19997	1
89457	1
76919	1
61128	1
6288	1
63814	1
69834	1
74405	1
42165	1
36172	1
65568	1
21171	1
53223	1
74405	1
53609	1
25579	1
74405	1
56588	1
16769	1
2840	1
22459	1
53108	1
97146	1
68948	1
25911	1
51554	1
68099	1
94354	1
59243	1
80425	1
12225	1
16989	1
57204	1
93098	1
63814	1
74405	1
63814	1
91016	1
95587	1
19121	1
67415	1
8775	1
74405	1
14498	1
63565	1
16879	1
25531	1
15940	1
291	1
91977	1
78972	1
43537	1
7737	1
54438	1
6218	1
40772	1
84996	1
63814	1
45746	1
80425	1
1723	1
26127	1
16769	1
51880	1
58803	1
72595	1
83437	1
98372	1
70696	1
42522	1
241	1
98599	1
62797	1
74405	1
75524	1
16769	1
33270	1
96764	1
8983	1
74405	1
74405	1
81297	1
8287	1
94788	1
84996	1
96573	1
77687	1
74405	1
42848	1
89787	1
62255	1
34451	1
46151	1
16769	1
92658	1
9584	1
22486	1
69940	1
16159	1
90275	1
60912	1
74405	1
40440	1
25004	1
74405	1
80425	1
16879	1
68275	1
65259	1
98458	1
83653	1
54782	1
63814	1
44451	1
16769	1
53223	1
44081	1
6178	1
15744	1
87894	1
63814	1
53223	1
58514	1
35987	1
86169	1
27360	1
81631	1
35269	1
42698	1
67698	1
56341	1
40901	1
98892	1
92492	1
14434	1
39018	1
3170	1
72171	1
65400	1
44191	1
75459	1
80425	1
89457	1
62934	1
74405	1
76506	1
94028	1
94767	1
19694	1
74511	1
48652	1
59106	1
63751	1
93584	1
80535	1
95803	1
74405	1
74405	1
48652	1
74405	1
7164	1
76533	1
42848	1
42522	1
74405	1
36392	1
40706	1
74405	1
74405	1
25691	1
81372	1
27470	1
79648	1
15069	1
64470	1
84996	1
74405	1
11139	1
94327	1
38061	1
73062	1
91668	1
63814	1
91814	1
48652	1
7619	1
21855	1
6720	1
22646	1
84996	1
85565	1
74405	1
27109	1
84996	1
27470	1
74405	1
19781	1
89570	1
3272	1
53223	1
38061	1
91668	1
63814	1
91053	1
61676	1
67899	1
42045	1
19769	1
12308	1
83873	1
55933	1
89206	1
86553	1
25238	1
65373	1
51554	1
63814	1
32946	1
75402	1
65315	1
9842	1
97146	1
62527	1
12524	1
27360	1
16879	1
72846	1
65373	1
10828	1
26233	1
54782	1
74342	1
26253	1
55658	1
84996	1
43823	1
6232	1
65480	1
89347	1
13103	1
74405	1
4395	1
27360	1
84996	1
88984	1
19993	1
3602	1
53223	1
87532	1
74405	1
74042	1
82138	1
53223	1
86370	1
86065	1
35851	1
99255	1
38061	1
93791	1
15918	1
79408	1
74405	1
41561	1
25851	1
8499	1
77610	1
80967	1
27360	1
30372	1
60746	1
74405	1
53223	1
72865	1
54915	1
16879	1
44191	1
62471	1
27470	1
53223	1
84996	1
65072	1
29029	1
36886	1
43664	1
48419	1
6178	1
53543	1
13886	1
15536	1
41505	1
46815	1
95913	1
69834	1
27360	1
84996	1
71225	1
31508	1
10724	1
53223	1
9186	1
30372	1
75524	1
39278	1
94931	1
62255	1
31354	1
12308	1
23119	1
41069	1
6178	1
74405	1
91126	1
28122	1
91126	1
74405	1
44627	1
78866	1
16879	1
25307	1
74405	1
53223	1
74405	1
93688	1
67829	1
30372	1
46983	1
38632	1
23115	1
87894	1
69724	1
75443	1
21822	1
63814	1
74405	1
96839	1
29544	1
65373	1
77523	1
90547	1
35379	1
6178	1
63814	1
49194	1
78777	1
581	1
84313	1
74405	1
94603	1
55577	1
73498	1
57103	1
62255	1
82667	1
74405	1
38387	1
68275	1
40963	1
89141	1
84996	1
71219	1
48652	1
44191	1
6159	1
30914	1
59239	1
53082	1
37075	1
17803	1
9873	1
62235	1
16196	1
69944	1
78657	1
59977	1
38061	1
12634	1
11405	1
81818	1
68491	1
13427	1
63814	1
79149	1
27470	1
72261	1
10749	1
80645	1
91016	1
27470	1
97688	1
5070	1
70814	1
84996	1
40386	1
54558	1
77252	1
27360	1
63814	1
97146	1
53223	1
79133	1
27470	1
88156	1
50977	1
80920	1
25010	1
44575	1
16879	1
24458	1
53711	1
99938	1
54562	1
18542	1
13161	1
5175	1
92972	1
41424	1
12308	1
50211	1
53223	1
65479	1
46705	1
63814	1
48428	1
84996	1
15316	1
74405	1
50097	1
12308	1
1717	1
31072	1
78322	1
12230	1
74405	1
47344	1
74405	1
74881	1
17531	1
84996	1
97196	1
92249	1
97036	1
85675	1
95315	1
74405	1
16769	1
39001	1
76643	1
98159	1
84996	1
82119	1
9437	1
32693	1
16769	1
84996	1
16769	1
27360	1
3986	1
65842	1
24458	1
65684	1
75641	1
7737	1
29590	1
6796	1
68491	1
69944	1
42302	1
6178	1
65070	1
5933	1
78370	1
63814	1
52999	1
16769	1
7704	1
5268	1
3276	1
29135	1
67041	1
74405	1
82094	1
34856	1
38061	1
80425	1
76506	1
83676	1
53113	1
84840	1
40799	1
53223	1
81297	1
15615	1
23549	1
42844	1
1113	1
53223	1
84996	1
374	1
42408	1
7737	1
3056	1
77511	1
29903	1
6178	1
48652	1
94360	1
64024	1
53223	1
57076	1
16840	1
22899	1
8067	1
91643	1
83433	1
40247	1
14853	1
46983	1
35049	1
64649	1
17861	1
66409	1
48868	1
13971	1
89590	1
29029	1
42408	1
43967	1
31	1
62824	1
45204	1
30835	1
23661	1
84996	1
39616	1
48652	1
74405	1
53223	1
16769	1
53223	1
53223	1
74405	1
74405	1
6178	1
74405	1
45314	1
74405	1
69944	1
54421	1
73442	1
74405	1
76582	1
30372	1
74582	1
16769	1
66272	1
18764	1
51580	1
63814	1
74405	1
23389	1
89783	1
20265	1
98302	1
94354	1
41945	1
84996	1
15193	1
95587	1
27360	1
56341	1
33156	1
38603	1
89457	1
40299	1
69720	1
98240	1
73062	1
39946	1
19264	1
27470	1
28019	1
31736	1
87595	1
42869	1
58010	1
85322	1
63810	1
32257	1
16769	1
80425	1
45999	1
84996	1
74405	1
59160	1
40963	1
74405	1
95587	1
74405	1
84708	1
84776	1
51880	1
95587	1
54782	1
44191	1
16485	1
15536	1
70706	1
27360	1
48652	1
32771	1
33160	1
70160	1
45750	1
58282	1
74405	1
95587	1
95587	1
48652	1
80425	1
91126	1
29135	1
74405	1
48868	1
2043	1
84996	1
27360	1
19781	1
46983	1
25548	1
15293	1
22194	1
3139	1
67362	1
96129	1
1717	1
38520	1
84996	1
53223	1
40365	1
6178	1
55888	1
92627	1
12308	1
88743	1
12088	1
56038	1
65373	1
74621	1
96816	1
75449	1
95803	1
38396	1
95587	1
63814	1
90597	1
80998	1
12501	1
51900	1
21556	1
44191	1
6178	1
55351	1
27360	1
8939	1
91016	1
90568	1
40235	1
16879	1
87161	1
53223	1
51554	1
65510	1
27360	1
58039	1
12308	1
91342	1
25141	1
60582	1
68911	1
53223	1
50502	1
97146	1
63814	1
80794	1
97775	1
97146	1
78206	1
5321	1
17421	1
30914	1
74405	1
74405	1
80101	1
27279	1
27360	1
12308	1
27470	1
63704	1
51554	1
63814	1
59243	1
33490	1
33490	1
69614	1
27360	1
7683	1
74405	1
84996	1
83873	1
69041	1
4835	1
74405	1
84996	1
56227	1
44081	1
5298	1
43378	1
53223	1
69693	1
53223	1
74405	1
91016	1
98462	1
54722	1
56824	1
370	1
67341	1
1717	1
99741	1
74405	1
84996	1
62145	1
34013	1
38499	1
6288	1
74405	1
38061	1
71947	1
38061	1
16879	1
88114	1
38061	1
63814	1
36502	1
4619	1
66926	1
590	1
91558	1
82094	1
82530	1
84996	1
96390	1
63814	1
68817	1
57554	1
25911	1
46983	1
15532	1
74405	1
74405	1
84996	1
98552	1
27360	1
27360	1
74405	1
42769	1
25911	1
6288	1
92685	1
34993	1
63814	1
74405	1
63814	1
49794	1
92440	1
6178	1
27260	1
64125	1
11401	1
80425	1
71613	1
13730	1
80425	1
93125	1
58	1
84996	1
43178	1
92365	1
90022	1
90165	1
74405	1
64356	1
65373	1
74405	1
6288	1
17536	1
91065	1
28616	1
84996	1
69834	1
84996	1
9190	1
53223	1
9190	1
58363	1
38968	1
21336	1
91016	1
53223	1
84996	1
700	1
53223	1
38277	1
29988	1
74457	1
74405	1
16769	1
89572	1
13211	1
34748	1
91809	1
81187	1
93208	1
33459	1
79875	1
5217	1
48652	1
48652	1
3245	1
158	1
74405	1
46983	1
8831	1
24230	1
30401	1
27360	1
74405	1
25801	1
67936	1
32626	1
63814	1
91562	1
74405	1
4945	1
74405	1
72202	1
893	1
88918	1
16769	1
7737	1
81367	1
5520	1
16769	1
65643	1
88440	1
72846	1
74405	1
15316	1
53223	1
82216	1
69558	1
6288	1
70808	1
33490	1
74405	1
84996	1
5637	1
15210	1
35512	1
70824	1
84996	1
64030	1
79684	1
35512	1
75991	1
83437	1
48652	1
55681	1
9190	1
21556	1
95587	1
84996	1
53223	1
83041	1
33490	1
96133	1
31931	1
53223	1
74405	1
44191	1
56993	1
80425	1
48235	1
74405	1
60661	1
73062	1
6747	1
53223	1
59243	1
1717	1
32367	1
27580	1
33816	1
58010	1
63814	1
47965	1
38281	1
38061	1
57707	1
65373	1
68972	1
39946	1
74405	1
6178	1
11291	1
93868	1
590	1
12308	1
40654	1
48638	1
12171	1
57684	1
53223	1
48900	1
63731	1
53223	1
80535	1
80425	1
6724	1
61157	1
79192	1
87339	1
2616	1
19781	1
24238	1
47249	1
84996	1
61757	1
44081	1
85999	1
4399	1
74405	1
16769	1
36824	1
54616	1
63814	1
35321	1
91016	1
98815	1
16989	1
10965	1
64026	1
77853	1
59243	1
63814	1
84996	1
74405	1
2286	1
77633	1
48652	1
6288	1
74405	1
65412	1
63814	1
80535	1
74405	1
74270	1
74405	1
45750	1
32641	1
74405	1
84996	1
21664	1
48652	1
63594	1
6085	1
48	1
74405	1
81737	1
18640	1
82667	1
44438	1
27360	1
65373	1
68275	1
34159	1
21408	1
80751	1
89457	1
22845	1
84996	1
54205	1
48652	1
2479	1
39128	1
9846	1
79605	1
6068	1
91126	1
25828	1
84996	1
59245	1
17630	1
95609	1
75167	1
74621	1
99035	1
74405	1
37374	1
52920	1
2373	1
68051	1
53223	1
82310	1
37430	1
99326	1
91016	1
34615	1
90094	1
53223	1
91942	1
39620	1
6178	1
82310	1
75736	1
88114	1
30694	1
1603	1
53223	1
74405	1
74993	1
38814	1
13977	1
31329	1
53223	1
88081	1
40739	1
12308	1
94244	1
74405	1
44843	1
80535	1
88467	1
44081	1
95587	1
29029	1
22899	1
44953	1
48652	1
32793	1
71219	1
18878	1
91126	1
54394	1
63814	1
2840	1
62471	1
36502	1
74405	1
51083	1
45204	1
73062	1
14197	1
90360	1
5385	1
4619	1
86522	1
16769	1
83240	1
73062	1
62145	1
84712	1
54470	1
2043	1
48652	1
36502	1
61412	1
66344	1
77853	1
4028	1
34142	1
3440	1
46132	1
34142	1
94570	1
53223	1
15150	1
48129	1
39373	1
30372	1
39066	1
63814	1
74405	1
59243	1
84996	1
84089	1
47855	1
51033	1
82312	1
53223	1
97146	1
16769	1
80399	1
20969	1
27470	1
25797	1
48978	1
63814	1
30227	1
38061	1
94545	1
146	1
81390	1
57562	1
36255	1
87408	1
91126	1
63814	1
54545	1
10693	1
74405	1
53223	1
60462	1
82145	1
63814	1
76180	1
90132	1
27360	1
1717	1
98815	1
84996	1
19860	1
89372	1
62824	1
25635	1
60142	1
4619	1
53223	1
19781	1
75964	1
84996	1
47093	1
85675	1
27360	1
44191	1
64356	1
44035	1
31354	1
49694	1
28582	1
67038	1
96050	1
27360	1
83649	1
49361	1
77170	1
16769	1
56764	1
25331	1
44687	1
27360	1
24564	1
6425	1
45750	1
46186	1
8833	1
40054	1
98815	1
33490	1
77743	1
27470	1
24524	1
69780	1
65699	1
16875	1
86798	1
79545	1
69834	1
16329	1
3747	1
16769	1
94574	1
75964	1
6201	1
74405	1
53439	1
17915	1
30402	1
7263	1
72925	1
62145	1
81953	1
51880	1
93088	1
99702	1
40963	1
27470	1
23115	1
22548	1
87678	1
62280	1
11359	1
88398	1
73749	1
63770	1
78972	1
49196	1
78866	1
7627	1
91016	1
19781	1
53223	1
95587	1
79082	1
46076	1
15426	1
39396	1
91406	1
74405	1
80535	1
53223	1
61595	1
9512	1
84996	1
84404	1
63814	1
53223	1
89206	1
35512	1
16743	1
16460	1
4619	1
67179	1
6178	1
91016	1
72429	1
18378	1
53228	1
68128	1
19010	1
12516	1
30372	1
53223	1
13290	1
69317	1
20217	1
16769	1
80535	1
32830	1
60372	1
63725	1
63814	1
27470	1
35375	1
64908	1
63102	1
18185	1
76180	1
83653	1
46296	1
97146	1
57684	1
68601	1
25801	1
89783	1
55488	1
74405	1
91016	1
47828	1
87678	1
74405	1
9842	1
24022	1
32720	1
9406	1
16769	1
99251	1
27470	1
44421	1
16769	1
99435	1
16659	1
33380	1
84996	1
95259	1
66218	1
15536	1
91016	1
52407	1
1717	1
10749	1
6610	1
16769	1
20359	1
87586	1
85596	1
76506	1
3421	1
49012	1
74405	1
22899	1
20323	1
6288	1
70376	1
72736	1
21143	1
60557	1
12088	1
69834	1
71447	1
62004	1
74405	1
62471	1
16879	1
8086	1
60808	1
57767	1
6288	1
43884	1
27360	1
84996	1
51554	1
30588	1
74405	1
74405	1
11291	1
78503	1
74405	1
96382	1
86760	1
85922	1
53223	1
53223	1
77550	1
33490	1
46983	1
70380	1
87101	1
47776	1
34252	1
30183	1
74405	1
8063	1
12634	1
57684	1
27470	1
63038	1
38858	1
72736	1
74405	1
57900	1
53223	1
27360	1
33490	1
63814	1
15426	1
89787	1
12308	1
91699	1
91122	1
62247	1
82420	1
24348	1
51440	1
8626	1
44135	1
84552	1
82092	1
74405	1
22899	1
39620	1
27360	1
58907	1
74405	1
46983	1
32257	1
89758	1
33490	1
27360	1
42522	1
15096	1
69940	1
70357	1
74405	1
57499	1
43425	1
74405	1
80535	1
38061	1
64030	1
48652	1
23954	1
74405	1
29469	1
98728	1
17311	1
27906	1
84996	1
71179	1
69944	1
30457	1
22899	1
40409	1
29029	1
66409	1
94271	1
95587	1
19997	1
30611	1
74405	1
84996	1
53223	1
39184	1
29469	1
49347	1
95529	1
93733	1
6178	1
72593	1
74405	1
10585	1
47525	1
21556	1
85212	1
68271	1
64246	1
67133	1
59442	1
29056	1
70793	1
66712	1
84996	1
53348	1
63814	1
84996	1
9190	1
16879	1
86555	1
91342	1
13977	1
29760	1
80481	1
74405	1
74405	1
74405	1
5229	1
27603	1
56069	1
69419	1
38061	1
63814	1
76290	1
27470	1
5716	1
21120	1
66004	1
63594	1
86553	1
74405	1
51880	1
47149	1
17310	1
17595	1
7592	1
84996	1
29932	1
57900	1
84996	1
62913	1
74405	1
14087	1
51278	1
80751	1
6178	1
84996	1
11405	1
41505	1
98728	1
40799	1
68491	1
12308	1
78615	1
7957	1
84996	1
32226	1
43945	1
95587	1
69944	1
84996	1
48652	1
74405	1
61566	1
77187	1
8970	1
13404	1
27453	1
27470	1
33490	1
18654	1
39346	1
84996	1
80425	1
27366	1
16769	1
53223	1
38061	1
83929	1
14014	1
24568	1
63814	1
46813	1
16879	1
57790	1
49194	1
16769	1
31184	1
158	1
44627	1
74405	1
84996	1
84996	1
11185	1
74405	1
82310	1
74405	1
72726	1
30119	1
97146	1
51828	1
27470	1
37075	1
16769	1
39562	1
82393	1
68939	1
19781	1
74405	1
81548	1
51716	1
74405	1
27360	1
83645	1
61468	1
62471	1
53223	1
74405	1
63814	1
53223	1
700	1
80425	1
22339	1
99031	1
16769	1
94570	1
35506	1
99172	1
79188	1
7737	1
73054	1
51361	1
84996	1
74405	1
44411	1
63814	1
91994	1
16888	1
34951	1
68275	1
84996	1
12308	1
80967	1
76867	1
11704	1
39699	1
72138	1
75964	1
47529	1
71719	1
24568	1
36502	1
74405	1
38061	1
84996	1
89567	1
53223	1
39340	1
12308	1
74405	1
44191	1
80535	1
74781	1
74405	1
74405	1
74405	1
7737	1
91126	1
15210	1
44081	1
65809	1
93011	1
76981	1
38061	1
57404	1
98018	1
6178	1
52835	1
78646	1
84996	1
66932	1
17703	1
374	1
63594	1
5669	1
53223	1
8279	1
74405	1
77002	1
86194	1
20740	1
94354	1
38061	1
54450	1
39233	1
9402	1
94621	1
74405	1
40716	1
26401	1
1217	1
74405	1
53223	1
74405	1
78752	1
42522	1
84996	1
45023	1
27360	1
6178	1
34032	1
78866	1
77853	1
66496	1
16769	1
36961	1
76973	1
74947	1
84996	1
64030	1
15615	1
91016	1
27360	1
68275	1
75964	1
57684	1
7679	1
88189	1
81658	1
64030	1
62145	1
79408	1
91126	1
83549	1
52100	1
27470	1
34783	1
44081	1
66635	1
95587	1
17099	1
11405	1
84996	1
56557	1
42705	1
86641	1
33490	1
63814	1
74621	1
84996	1
82420	1
60503	1
59131	1
47473	1
95587	1
36282	1
6178	1
56667	1
63814	1
74405	1
59243	1
6178	1
93808	1
62145	1
83867	1
59243	1
74405	1
19781	1
74405	1
74405	1
73062	1
82777	1
75061	1
19569	1
75501	1
84996	1
12308	1
11401	1
34360	1
22899	1
16769	1
16769	1
53223	1
94803	1
53223	1
91998	1
53223	1
12498	1
80425	1
83437	1
56667	1
3276	1
69834	1
62471	1
48758	1
12308	1
76290	1
16879	1
78669	1
84996	1
6178	1
6178	1
39400	1
89567	1
71833	1
74405	1
56561	1
7737	1
91016	1
80535	1
84996	1
61894	1
31211	1
82090	1
65973	1
7544	1
51086	1
97054	1
74405	1
61016	1
49768	1
36419	1
53223	1
53113	1
56951	1
62255	1
83338	1
84996	1
44582	1
26343	1
42848	1
2139	1
30752	1
65919	1
30914	1
14996	1
44675	1
44081	1
32771	1
74405	1
90854	1
62145	1
18434	1
71966	1
28100	1
94028	1
49889	1
39229	1
11298	1
74405	1
69834	1
54587	1
27360	1
80535	1
74405	1
48652	1
53659	1
10749	1
1717	1
74405	1
7957	1
26212	1
24568	1
61591	1
8279	1
53223	1
38657	1
84996	1
84149	1
74405	1
64929	1
32147	1
74405	1
88224	1
16769	1
37474	1
29249	1
98838	1
27317	1
44081	1
74405	1
68354	1
74405	1
15536	1
53223	1
74405	1
84996	1
74947	1
53223	1
63814	1
40976	1
38061	1
63704	1
23011	1
80425	1
74405	1
84996	1
40276	1
89304	1
75061	1
32147	1
62828	1
60908	1
12308	1
17975	1
80967	1
16769	1
77849	1
18218	1
16769	1
24757	1
66135	1
7065	1
94408	1
77633	1
14197	1
71123	1
63814	1
98172	1
18791	1
30885	1
23335	1
6504	1
95587	1
49034	1
74405	1
29932	1
76128	1
70488	1
68981	1
91016	1
74621	1
66029	1
72678	1
13867	1
44407	1
84996	1
73697	1
43585	1
44301	1
48691	1
96029	1
63814	1
2620	1
53223	1
38061	1
74405	1
98150	1
41972	1
74405	1
68491	1
32121	1
84496	1
12524	1
59243	1
53223	1
84996	1
91702	1
45117	1
13545	1
44040	1
7632	1
27360	1
68518	1
44301	1
73058	1
59463	1
53223	1
53223	1
15752	1
96536	1
16769	1
79296	1
41289	1
70133	1
54782	1
41646	1
63814	1
22899	1
93829	1
67694	1
20740	1
4619	1
84996	1
58942	1
67258	1
99938	1
12426	1
48868	1
69614	1
83161	1
37897	1
95587	1
40606	1
84996	1
72838	1
99031	1
68601	1
1796	1
53412	1
25801	1
79520	1
84996	1
700	1
42522	1
18845	1
24678	1
77745	1
25801	1
69834	1
23142	1
29355	1
80751	1
30106	1
21423	1
72485	1
44407	1
3633	1
6830	1
70297	1
76180	1
5285	1
74405	1
6178	1
73062	1
53223	1
45530	1
30015	1
86638	1
84996	1
57327	1
47525	1
37185	1
16769	1
84996	1
15866	1
50514	1
32004	1
15210	1
91016	1
70461	1
93231	1
30372	1
81247	1
74405	1
38061	1
6288	1
53223	1
26127	1
16769	1
44081	1
10965	1
32994	1
5385	1
2620	1
74405	1
80425	1
15069	1
53223	1
78866	1
94028	1
26343	1
15996	1
85968	1
66299	1
74405	1
79082	1
6836	1
33600	1
98431	1
81369	1
95803	1
45393	1
14120	1
91144	1
8365	1
85538	1
74405	1
74405	1
98535	1
13730	1
73502	1
94028	1
47063	1
90329	1
44081	1
27470	1
46190	1
90765	1
94354	1
43512	1
91016	1
16879	1
72321	1
6178	1
6178	1
81548	1
48652	1
86555	1
88305	1
98963	1
53223	1
98018	1
80535	1
74405	1
30892	1
34032	1
9969	1
62533	1
56393	1
99035	1
56667	1
84996	1
32834	1
74405	1
74405	1
44299	1
73062	1
10226	1
25967	1
90111	1
6261	1
700	1
38061	1
86775	1
74405	1
74405	1
38061	1
25660	1
74405	1
74528	1
84996	1
7737	1
30785	1
17859	1
95587	1
54782	1
21666	1
75964	1
30455	1
85594	1
33270	1
5086	1
65373	1
46600	1
22516	1
16769	1
80425	1
74405	1
20190	1
22899	1
90929	1
85760	1
69214	1
53223	1
30351	1
84996	1
74405	1
51527	1
94028	1
17485	1
85212	1
16769	1
16879	1
2618	1
79585	1
62687	1
33270	1
23665	1
20072	1
27470	1
8819	1
65373	1
9246	1
53157	1
74405	1
18218	1
27385	1
89567	1
74405	1
10965	1
6288	1
84996	1
9190	1
42522	1
74405	1
60752	1
54342	1
74405	1
95587	1
44081	1
91126	1
24786	1
42918	1
20852	1
54782	1
21556	1
74405	1
47093	1
90551	1
9732	1
72846	1
74405	1
14299	1
31653	1
46485	1
19561	1
30684	1
16769	1
94062	1
7899	1
45966	1
48652	1
5161	1
76759	1
82854	1
60225	1
27167	1
41179	1
87097	1
87317	1
12524	1
63814	1
40683	1
62797	1
95587	1
7737	1
51328	1
63567	1
37154	1
95473	1
74405	1
84996	1
6425	1
90906	1
74405	1
82993	1
14656	1
89228	1
6178	1
20441	1
31518	1
74405	1
36934	1
84996	1
56528	1
74405	1
93499	1
88779	1
15229	1
80425	1
44382	1
27360	1
90329	1
69905	1
80732	1
95856	1
81527	1
38061	1
700	1
48652	1
84996	1
27470	1
27466	1
74405	1
83653	1
27360	1
91016	1
72572	1
67588	1
14162	1
46070	1
33490	1
58859	1
27109	1
46929	1
38387	1
80425	1
43728	1
41179	1
53223	1
84996	1
20410	1
60991	1
22405	1
95587	1
13867	1
46983	1
27470	1
63814	1
88600	1
53765	1
63264	1
51282	1
76867	1
74405	1
33490	1
61676	1
13290	1
53223	1
74405	1
1717	1
60802	1
89316	1
63814	1
74503	1
74405	1
6068	1
77627	1
74405	1
154	1
42848	1
47471	1
53223	1
4372	1
6178	1
40276	1
63814	1
15210	1
40382	1
6178	1
38061	1
15426	1
74405	1
65373	1
78647	1
31491	1
44627	1
16769	1
87437	1
38140	1
70288	1
54874	1
6288	1
19333	1
77633	1
80748	1
10228	1
4945	1
65699	1
28809	1
84996	1
99031	1
84996	1
74405	1
44081	1
677	1
29928	1
25548	1
28433	1
35487	1
72458	1
40156	1
70160	1
60360	1
16769	1
97005	1
61674	1
40685	1
16769	1
74405	1
44683	1
64250	1
24682	1
74405	1
36392	1
4858	1
27360	1
19011	1
34685	1
53223	1
36025	1
16769	1
72296	1
44243	1
97775	1
18986	1
91668	1
47886	1
49194	1
5055	1
39530	1
84996	1
44191	1
35763	1
74405	1
16769	1
64713	1
65589	1
24995	1
63814	1
13437	1
69041	1
74405	1
60229	1
8389	1
76753	1
65373	1
53223	1
69944	1
7013	1
14629	1
66932	1
6178	1
16879	1
65593	1
91016	1
99828	1
27140	1
84996	1
17199	1
79491	1
13537	1
84996	1
374	1
65487	1
21911	1
72516	1
84996	1
26127	1
71524	1
7737	1
50591	1
63814	1
64584	1
50682	1
677	1
66983	1
34142	1
7737	1
98763	1
37413	1
84996	1
53223	1
74405	1
89783	1
74405	1
73168	1
84996	1
1717	1
74405	1
55812	1
63814	1
29245	1
65616	1
15644	1
74405	1
1532	1
24348	1
94050	1
48048	1
71729	1
75195	1
3633	1
26727	1
84996	1
6091	1
60661	1
74405	1
89783	1
38603	1
40963	1
41453	1
83661	1
66951	1
33160	1
35360	1
74405	1
54699	1
84996	1
84996	1
87894	1
79082	1
30231	1
46983	1
63814	1
74405	1
84996	1
26127	1
69944	1
69944	1
83437	1
36502	1
38061	1
95587	1
20653	1
71833	1
60908	1
74405	1
53223	1
55787	1
48652	1
63814	1
21120	1
89567	1
63814	1
47093	1
86555	1
16879	1
53223	1
91558	1
80425	1
68491	1
84996	1
19094	1
53223	1
38277	1
80425	1
39616	1
56667	1
44627	1
84996	1
80778	1
27163	1
16879	1
53775	1
18878	1
84996	1
53223	1
8150	1
43585	1
3602	1
63704	1
69834	1
62959	1
75964	1
96213	1
43091	1
71038	1
74405	1
6288	1
74405	1
99455	1
40963	1
48652	1
68518	1
63204	1
27360	1
24458	1
78013	1
88465	1
56341	1
11407	1
4771	1
28012	1
19544	1
74405	1
15671	1
79769	1
4179	1
53223	1
74405	1
41399	1
45469	1
27360	1
99471	1
74405	1
21859	1
95990	1
64968	1
7847	1
27360	1
6300	1
94354	1
86115	1
67667	1
27360	1
33816	1
6288	1
69834	1
24568	1
48652	1
6288	1
51083	1
74405	1
73419	1
33490	1
50338	1
59459	1
29905	1
98348	1
36934	1
9190	1
158	1
7737	1
16879	1
84996	1
84996	1
22216	1
74405	1
65589	1
52536	1
16117	1
37154	1
20759	1
22899	1
43971	1
88708	1
82420	1
84996	1
52316	1
18110	1
22899	1
93808	1
59243	1
86522	1
27841	1
64246	1
54425	1
85212	1
17311	1
86881	1
84996	1
91016	1
74405	1
21340	1
91891	1
127	1
46653	1
87097	1
84996	1
53223	1
33490	1
25420	1
70801	1
97296	1
20452	1
74405	1
72846	1
79329	1
72846	1
38277	1
80751	1
69834	1
25801	1
72575	1
60912	1
25801	1
27360	1
27470	1
57352	1
50431	1
58446	1
6859	1
99828	1
29791	1
62797	1
2263	1
51554	1
72842	1
47093	1
25467	1
79090	1
88896	1
12308	1
11600	1
75005	1
90246	1
74405	1
28012	1
98698	1
91016	1
34476	1
63585	1
7737	1
91126	1
36718	1
62687	1
32697	1
74405	1
19593	1
87344	1
81311	1
74405	1
7667	1
94188	1
6178	1
52862	1
17531	1
94894	1
50348	1
19341	1
63814	1
65373	1
87227	1
24543	1
63814	1
44791	1
74405	1
27360	1
53765	1
54976	1
93584	1
63094	1
53223	1
32917	1
77326	1
84996	1
13128	1
36502	1
62502	1
53599	1
60202	1
74405	1
40917	1
64030	1
98728	1
53875	1
84996	1
95363	1
4614	1
59243	1
5055	1
33490	1
63814	1
6178	1
6178	1
21340	1
81239	1
63814	1
36502	1
44081	1
18438	1
30229	1
27360	1
6288	1
14550	1
87238	1
21340	1
46983	1
64356	1
37924	1
19997	1
27360	1
74405	1
59934	1
60912	1
53223	1
17531	1
84996	1
29708	1
55714	1
97841	1
63814	1
77633	1
7259	1
93588	1
28153	1
37237	1
75304	1
64356	1
53223	1
73994	1
97684	1
63814	1
9749	1
31275	1
45902	1
33380	1
44301	1
74405	1
38049	1
64883	1
27663	1
58666	1
89457	1
64719	1
48328	1
99797	1
28286	1
63814	1
6178	1
46983	1
63814	1
74405	1
39620	1
65373	1
8860	1
3388	1
63814	1
45530	1
6398	1
97146	1
48056	1
1520	1
74405	1
16612	1
1717	1
6880	1
67289	1
91714	1
27470	1
23881	1
74405	1
16879	1
51554	1
9190	1
63814	1
91016	1
18654	1
7737	1
30122	1
91126	1
15724	1
26127	1
63814	1
56078	1
79082	1
86501	1
46983	1
38061	1
84996	1
68057	1
39616	1
74405	1
98570	1
17421	1
43724	1
5821	1
63814	1
65593	1
86715	1
16518	1
66029	1
39348	1
63814	1
95587	1
95587	1
55928	1
45150	1
8306	1
96706	1
42522	1
16769	1
63814	1
67493	1
61711	1
72846	1
78866	1
73581	1
50321	1
31298	1
14247	1
51471	1
54176	1
74405	1
54550	1
74405	1
27360	1
63814	1
91122	1
11729	1
61128	1
25448	1
90109	1
31383	1
8073	1
69944	1
27360	1
53902	1
37426	1
22899	1
84996	1
38061	1
90109	1
84996	1
63704	1
39382	1
84996	1
56887	1
92685	1
75308	1
40963	1
69064	1
59785	1
63814	1
10201	1
56667	1
54782	1
14151	1
60773	1
19781	1
89457	1
29168	1
79082	1
53223	1
53223	1
29465	1
72846	1
90549	1
68051	1
80726	1
74405	1
65589	1
34131	1
91126	1
95587	1
9186	1
35159	1
6288	1
74405	1
74405	1
74405	1
74405	1
25801	1
2975	1
25164	1
74405	1
38061	1
46817	1
35512	1
60366	1
18685	1
27360	1
15752	1
59243	1
7737	1
20030	1
12308	1
343	1
2539	1
42522	1
53223	1
41563	1
22123	1
23119	1
93731	1
32450	1
85322	1
10434	1
16769	1
75964	1
25911	1
95587	1
89779	1
98815	1
10655	1
65081	1
30663	1
92685	1
84996	1
22899	1
91016	1
3276	1
77629	1
73502	1
63814	1
78835	1
69701	1
90109	1
18960	1
78617	1
12308	1
81548	1
53223	1
80232	1
71337	1
69834	1
89812	1
49223	1
69944	1
75497	1
44733	1
71935	1
41399	1
7737	1
53223	1
2641	1
78866	1
53223	1
6178	1
30231	1
89784	1
14110	1
99035	1
49954	1
8750	1
91016	1
61261	1
82500	1
78866	1
48843	1
90747	1
51083	1
23512	1
74405	1
83435	1
27646	1
89524	1
74405	1
1662	1
79713	1
91126	1
5578	1
49198	1
52752	1
92484	1
86530	1
63814	1
74405	1
6178	1
29739	1
93584	1
64497	1
16769	1
74405	1
33316	1
97693	1
16769	1
79628	1
74405	1
8119	1
85212	1
47093	1
87088	1
68108	1
65373	1
63704	1
91236	1
87317	1
16769	1
91016	1
78646	1
35159	1
43178	1
55739	1
80425	1
31462	1
53223	1
44191	1
42302	1
27360	1
68491	1
74405	1
15142	1
30372	1
20491	1
85780	1
45613	1
69064	1
18569	1
6178	1
74405	1
84286	1
63814	1
83900	1
74405	1
37893	1
43587	1
85538	1
80425	1
95803	1
17095	1
40905	1
28120	1
53192	1
87597	1
15646	1
63814	1
94244	1
74405	1
47996	1
53223	1
91126	1
84996	1
55660	1
74405	1
34362	1
84996	1
31377	1
12102	1
91016	1
33490	1
63814	1
74405	1
4619	1
84996	1
7272	1
59361	1
41141	1
31148	1
99390	1
53223	1
73062	1
35811	1
8288	1
16879	1
85299	1
44407	1
84996	1
41505	1
16769	1
74405	1
12524	1
67011	1
74405	1
47691	1
93231	1
74405	1
9869	1
74405	1
95587	1
5082	1
53223	1
34858	1
44191	1
62145	1
40849	1
47965	1
158	1
79329	1
47776	1
27470	1
74405	1
16879	1
9190	1
72736	1
84927	1
48405	1
65373	1
72712	1
25729	1
11291	1
6178	1
19530	1
19961	1
91016	1
83873	1
1717	1
10670	1
16516	1
74405	1
63814	1
54205	1
98435	1
53223	1
74405	1
69583	1
35375	1
27360	1
11424	1
12308	1
74405	1
25660	1
27360	1
48652	1
84996	1
19781	1
38061	1
6178	1
80535	1
60214	1
94288	1
22243	1
88224	1
74405	1
50151	1
14395	1
13753	1
16495	1
56341	1
63814	1
53223	1
85473	1
74648	1
84996	1
75964	1
15414	1
15895	1
12308	1
95587	1
53223	1
38061	1
61079	1
84996	1
8611	1
75779	1
33270	1
16769	1
12524	1
20024	1
53223	1
13730	1
74405	1
5385	1
30125	1
15210	1
56368	1
83109	1
1933	1
12308	1
32257	1
31458	1
53223	1
59569	1
84996	1
43807	1
2836	1
94655	1
80535	1
65373	1
91861	1
3492	1
95338	1
78183	1
74405	1
89787	1
76099	1
61591	1
84996	1
75964	1
60675	1
53626	1
74405	1
35375	1
95363	1
61128	1
38717	1
17155	1
91016	1
48652	1
66569	1
63814	1
89457	1
27360	1
35742	1
95587	1
68491	1
81077	1
36199	1
53223	1
93808	1
14417	1
91016	1
33490	1
47965	1
65373	1
43992	1
6178	1
74405	1
37897	1
45149	1
7635	1
72039	1
84996	1
25604	1
74621	1
38854	1
17311	1
16879	1
51083	1
17099	1
12445	1
74405	1
46763	1
25911	1
39593	1
59243	1
4497	1
53223	1
53835	1
374	1
20900	1
60221	1
29357	1
21284	1
40386	1
82310	1
41093	1
50537	1
53223	1
54930	1
5848	1
74405	1
39813	1
74405	1
70376	1
95890	1
22899	1
80425	1
74405	1
18374	1
15210	1
75380	1
53917	1
16769	1
30013	1
82783	1
5165	1
79105	1
47965	1
38061	1
59135	1
91016	1
51334	1
84996	1
74405	1
53223	1
10853	1
99790	1
99577	1
33490	1
15920	1
94028	1
47093	1
2556	1
53223	1
3038	1
6178	1
74405	1
69614	1
50537	1
16769	1
35973	1
74405	1
62091	1
51880	1
93001	1
46076	1
45997	1
74405	1
71445	1
63814	1
83412	1
27360	1
95803	1
66510	1
84996	1
63814	1
88224	1
91126	1
57464	1
84996	1
91126	1
72846	1
53223	1
51554	1
70312	1
7384	1
10965	1
74405	1
74405	1
6720	1
94317	1
49194	1
80425	1
98132	1
74405	1
54699	1
16769	1
58010	1
1489	1
84996	1
79090	1
27360	1
16879	1
25764	1
93748	1
30369	1
74405	1
79188	1
28294	1
63814	1
62797	1
47234	1
55378	1
89783	1
63814	1
27470	1
53223	1
89411	1
6288	1
74405	1
12308	1
27713	1
50190	1
92477	1
87622	1
41573	1
62145	1
59243	1
69041	1
98971	1
61128	1
84943	1
16769	1
84996	1
94651	1
62255	1
38061	1
48652	1
66029	1
84720	1
20952	1
84340	1
13032	1
95587	1
78654	1
74405	1
40201	1
14386	1
63814	1
7847	1
79659	1
74405	1
87394	1
21116	1
65809	1
46983	1
53223	1
12216	1
89504	1
89457	1
84996	1
27360	1
89316	1
93945	1
63814	1
32147	1
17564	1
20213	1
22899	1
13514	1
91016	1
51550	1
34098	1
54782	1
34395	1
91016	1
51770	1
75896	1
39620	1
11511	1
79302	1
84996	1
36718	1
48652	1
12308	1
19781	1
39565	1
74405	1
63814	1
54429	1
35240	1
19530	1
80535	1
53223	1
89783	1
21340	1
16875	1
57437	1
16769	1
40917	1
1717	1
21666	1
53223	1
42522	1
54998	1
27223	1
33432	1
94570	1
79331	1
94028	1
74405	1
84996	1
62471	1
32257	1
95587	1
81077	1
60590	1
63814	1
86636	1
53223	1
15033	1
96023	1
86013	1
99668	1
71719	1
918	1
53935	1
28052	1
39088	1
38831	1
74405	1
34559	1
90392	1
25330	1
53223	1
43293	1
74405	1
32569	1
30368	1
63814	1
35269	1
21803	1
84996	1
20072	1
47539	1
93555	1
53443	1
98330	1
92237	1
95803	1
12308	1
56667	1
95803	1
84373	1
41179	1
25801	1
23557	1
63814	1
86509	1
43068	1
38061	1
16879	1
85296	1
89459	1
53223	1
39184	1
27470	1
74405	1
7737	1
74405	1
49534	1
54542	1
84996	1
52783	1
74405	1
74405	1
74268	1
49991	1
38854	1
41206	1
53113	1
85538	1
72470	1
63814	1
75964	1
84996	1
6373	1
57464	1
21556	1
36525	1
29629	1
84996	1
53223	1
36641	1
16879	1
6068	1
53223	1
77766	1
81870	1
95830	1
91495	1
4779	1
98898	1
58799	1
64929	1
84996	1
6288	1
54932	1
94028	1
154	1
21556	1
98925	1
20379	1
53223	1
22899	1
18731	1
62548	1
74405	1
59459	1
53223	1
29905	1
16852	1
30478	1
84996	1
63366	1
30372	1
6178	1
6288	1
95473	1
37648	1
45093	1
36361	1
29567	1
53223	1
63814	1
41289	1
40164	1
38061	1
27360	1
98754	1
83049	1
74405	1
29270	1
1717	1
74405	1
74183	1
54782	1
95587	1
74405	1
1823	1
65373	1
16769	1
66791	1
27470	1
85102	1
16879	1
60802	1
73062	1
10749	1
50259	1
6178	1
2259	1
84996	1
80535	1
48679	1
49750	1
25911	1
63814	1
10106	1
67999	1
5817	1
53223	1
24784	1
84996	1
4523	1
70609	1
67033	1
20759	1
76180	1
42302	1
84718	1
74405	1
44627	1
48652	1
3276	1
30372	1
15426	1
63814	1
77270	1
61674	1
3492	1
60912	1
84776	1
62075	1
74405	1
6178	1
54778	1
74405	1
84996	1
45717	1
69834	1
6504	1
16039	1
97001	1
68219	1
32370	1
12308	1
99936	1
9190	1
27360	1
38744	1
60912	1
18305	1
50471	1
97196	1
85899	1
53223	1
80535	1
15426	1
6068	1
6178	1
51770	1
53223	1
73062	1
76290	1
84996	1
80714	1
74405	1
74405	1
27360	1
57684	1
59616	1
8343	1
70629	1
10749	1
80425	1
63810	1
27360	1
94545	1
84996	1
64684	1
14178	1
84789	1
15096	1
62797	1
36015	1
74405	1
92409	1
74405	1
5715	1
40420	1
47255	1
68601	1
66712	1
53223	1
24458	1
74405	1
63814	1
53223	1
53439	1
36978	1
1717	1
92488	1
63648	1
79773	1
95587	1
84996	1
15537	1
74405	1
29791	1
84996	1
43867	1
12308	1
74405	1
38061	1
71503	1
76449	1
93121	1
21610	1
86634	1
71445	1
21666	1
65452	1
72846	1
80944	1
91126	1
54433	1
31563	1
27360	1
67904	1
74405	1
24209	1
60912	1
74405	1
64914	1
72155	1
30914	1
73581	1
6178	1
27360	1
1717	1
48	1
57680	1
42644	1
94570	1
89505	1
13647	1
71939	1
14849	1
15210	1
30212	1
65915	1
27846	1
54782	1
48652	1
37297	1
27360	1
53223	1
58540	1
7737	1
6178	1
27360	1
11291	1
72265	1
61155	1
38061	1
13585	1
76867	1
40365	1
13240	1
99577	1
89886	1
61128	1
7635	1
37260	1
33490	1
34482	1
22405	1
77062	1
81982	1
84996	1
48890	1
15532	1
24784	1
53223	1
6178	1
15186	1
59762	1
90985	1
63814	1
91126	1
75964	1
63814	1
16763	1
3820	1
20464	1
44191	1
41810	1
43383	1
96349	1
10129	1
20381	1
9213	1
71117	1
95587	1
27360	1
74405	1
76614	1
62145	1
69851	1
74405	1
30084	1
9190	1
12384	1
93504	1
39643	1
74405	1
814	1
27360	1
73388	1
89297	1
37320	1
38335	1
83437	1
18297	1
63814	1
53223	1
5424	1
13371	1
40079	1
23499	1
72736	1
27470	1
91342	1
65809	1
59789	1
19711	1
74405	1
87458	1
65388	1
74405	1
74405	1
45897	1
19827	1
73200	1
74405	1
33600	1
74405	1
44953	1
19478	1
51569	1
11756	1
6178	1
99657	1
7737	1
84996	1
48274	1
73823	1
12744	1
74405	1
53223	1
85538	1
80095	1
27470	1
45447	1
78420	1
66604	1
74405	1
27360	1
19997	1
19640	1
6178	1
15210	1
59322	1
16769	1
37484	1
71019	1
97472	1
53223	1
53223	1
11993	1
53223	1
84996	1
73502	1
37166	1
2730	1
17091	1
4945	1
14797	1
27334	1
74405	1
74405	1
41262	1
54238	1
46286	1
72842	1
26297	1
13730	1
56887	1
45582	1
48868	1
4619	1
16769	1
18003	1
74405	1
2620	1
29834	1
2654	1
65809	1
16879	1
20759	1
91126	1
95803	1
18324	1
21886	1
73502	1
66738	1
80425	1
36469	1
19970	1
86881	1
79225	1
76510	1
84996	1
20015	1
89127	1
7187	1
16385	1
74405	1
76290	1
82038	1
74405	1
26108	1
63814	1
74405	1
86802	1
55604	1
36448	1
80425	1
53796	1
94028	1
19704	1
16879	1
27158	1
84996	1
43064	1
53223	1
15210	1
75964	1
36392	1
36392	1
53223	1
48758	1
84996	1
90765	1
57352	1
33490	1
453	1
16769	1
63814	1
89347	1
28153	1
7326	1
22493	1
3492	1
67616	1
72940	1
27232	1
74405	1
53223	1
61292	1
80998	1
89567	1
22687	1
80535	1
99994	1
23063	1
31074	1
10749	1
91126	1
65373	1
80425	1
21556	1
84639	1
27360	1
93581	1
47525	1
66492	1
68275	1
69940	1
42302	1
68955	1
80425	1
2259	1
15235	1
84996	1
80535	1
26554	1
10669	1
11596	1
70160	1
2593	1
63814	1
56667	1
89372	1
99994	1
9709	1
84996	1
51326	1
93808	1
16769	1
76684	1
29575	1
23379	1
74405	1
53223	1
80751	1
59459	1
73278	1
52420	1
16769	1
97364	1
27470	1
74405	1
51990	1
27470	1
21340	1
74405	1
68275	1
41289	1
95587	1
35	1
74405	1
5285	1
75740	1
53439	1
57900	1
2840	1
61361	1
871	1
12061	1
39450	1
74405	1
53223	1
47749	1
74405	1
33600	1
14980	1
74405	1
47309	1
127	1
75061	1
71833	1
53614	1
60582	1
12308	1
38061	1
84996	1
53223	1
92075	1
74405	1
53223	1
54782	1
48652	1
19781	1
1717	1
98535	1
39562	1
69944	1
14386	1
17613	1
80425	1
26347	1
95587	1
80425	1
71393	1
93627	1
27360	1
41289	1
56341	1
54782	1
21855	1
74405	1
63814	1
53223	1
69834	1
84996	1
27387	1
97146	1
84996	1
1007	1
34075	1
5055	1
94354	1
27360	1
32318	1
25037	1
92218	1
6533	1
53223	1
36718	1
54072	1
2581	1
18513	1
81049	1
94244	1
76180	1
72846	1
15895	1
74405	1
91016	1
74405	1
37295	1
22899	1
72736	1
72958	1
28263	1
53223	1
84996	1
84996	1
44191	1
69944	1
62255	1
68711	1
74785	1
2178	1
69944	1
57707	1
18218	1
48868	1
84996	1
44191	1
15696	1
79188	1
74405	1
22650	1
32234	1
9622	1
74405	1
82310	1
84996	1
76614	1
43228	1
2373	1
53223	1
76717	1
77633	1
54782	1
1717	1
52878	1
53439	1
25550	1
35269	1
84996	1
44228	1
41009	1
14907	1
85899	1
38061	1
54053	1
58591	1
44623	1
53223	1
59569	1
95587	1
91126	1
69834	1
33021	1
53223	1
87242	1
63814	1
60117	1
74405	1
84996	1
72705	1
41897	1
43437	1
74405	1
85322	1
91016	1
23225	1
52096	1
72485	1
36276	1
36934	1
87387	1
45706	1
59453	1
31931	1
16769	1
90246	1
30478	1
25960	1
24458	1
1717	1
28753	1
64356	1
91369	1
74405	1
1717	1
82530	1
74405	1
5451	1
73118	1
16879	1
20655	1
12634	1
83956	1
77270	1
81023	1
12331	1
88735	1
89505	1
57103	1
34032	1
97146	1
36934	1
67260	1
94028	1
95587	1
63814	1
16769	1
93393	1
57684	1
46367	1
53223	1
72846	1
6178	1
26737	1
74405	1
74405	1
72736	1
74405	1
48758	1
40552	1
1005	1
21340	1
94028	1
16769	1
53223	1
59785	1
8505	1
2616	1
56561	1
53875	1
40440	1
87234	1
47309	1
95587	1
87564	1
79192	1
81183	1
8252	1
53055	1
74405	1
4603	1
46076	1
64262	1
75364	1
70642	1
68428	1
7254	1
74405	1
74405	1
38061	1
63814	1
75964	1
50238	1
84996	1
27996	1
13508	1
98512	1
4779	1
6564	1
34268	1
16769	1
71003	1
80535	1
84996	1
10305	1
25911	1
59160	1
58006	1
63704	1
63814	1
74405	1
50921	1
13095	1
55812	1
74405	1
5657	1
72846	1
15994	1
25801	1
27240	1
74405	1
3056	1
30372	1
28398	1
77853	1
22899	1
45173	1
74405	1
63814	1
55434	1
83529	1
10170	1
85212	1
74405	1
80614	1
43728	1
53223	1
78582	1
80174	1
51554	1
74405	1
74405	1
16769	1
74405	1
74405	1
522	1
50289	1
35159	1
74405	1
4862	1
31072	1
84340	1
70615	1
35811	1
69944	1
16769	1
79082	1
34123	1
49581	1
2191	1
75858	1
70560	1
6003	1
29716	1
34640	1
69944	1
74405	1
84996	1
97146	1
84309	1
59459	1
74405	1
51469	1
74405	1
74405	1
43201	1
91689	1
9373	1
74669	1
80535	1
95587	1
42929	1
92149	1
50321	1
80425	1
31321	1
27360	1
6720	1
82586	1
60799	1
57900	1
38825	1
26920	1
84996	1
38061	1
21120	1
20597	1
74405	1
74405	1
85212	1
50159	1
93148	1
74405	1
69944	1
28425	1
83437	1
26740	1
74405	1
40963	1
14087	1
62488	1
59270	1
70285	1
85687	1
72842	1
6940	1
18681	1
22142	1
53223	1
32230	1
27906	1
65699	1
28153	1
50244	1
3272	1
74405	1
43751	1
52198	1
49418	1
39396	1
2259	1
74405	1
44272	1
6288	1
20212	1
45538	1
80751	1
44411	1
74405	1
28369	1
42709	1
20076	1
24184	1
94773	1
7326	1
35863	1
19656	1
38061	1
72410	1
69834	1
65915	1
74405	1
43680	1
80425	1
16607	1
84996	1
60175	1
16879	1
79192	1
16879	1
24938	1
96129	1
74405	1
53223	1
24784	1
6504	1
90360	1
49442	1
65373	1
99550	1
16769	1
62145	1
41237	1
22177	1
16989	1
21666	1
25911	1
31435	1
90030	1
57900	1
87317	1
59243	1
44820	1
53113	1
37158	1
38823	1
54575	1
84996	1
16769	1
18654	1
56669	1
66932	1
47415	1
17315	1
74405	1
27470	1
74405	1
79852	1
89804	1
22899	1
74405	1
51660	1
74405	1
46130	1
63814	1
38281	1
84996	1
16943	1
55324	1
7737	1
64908	1
84194	1
93125	1
68491	1
50675	1
976	1
32147	1
38084	1
74405	1
27485	1
53223	1
95587	1
69834	1
16879	1
27360	1
12308	1
46983	1
82420	1
91602	1
94028	1
38881	1
63814	1
38003	1
84996	1
88220	1
84996	1
15480	1
63814	1
95587	1
83130	1
21116	1
38564	1
22899	1
52647	1
97256	1
86555	1
36988	1
44456	1
77849	1
58803	1
70486	1
84996	1
70596	1
27360	1
74405	1
62255	1
50321	1
15615	1
74405	1
74405	1
50211	1
75528	1
6533	1
41179	1
72109	1
46983	1
45031	1
61128	1
74405	1
2396	1
1717	1
83867	1
54170	1
58963	1
75783	1
74405	1
16879	1
46566	1
18654	1
96811	1
50674	1
25687	1
80535	1
67370	1
95587	1
63567	1
74405	1
71448	1
77523	1
1414	1
21284	1
64090	1
95726	1
29552	1
36631	1
74405	1
49555	1
19781	1
98539	1
56557	1
36558	1
841	1
74405	1
53223	1
51880	1
21886	1
95587	1
86555	1
85785	1
63814	1
74405	1
61188	1
67528	1
63814	1
80425	1
73938	1
93509	1
42466	1
12308	1
53223	1
93252	1
92169	1
53439	1
72736	1
95587	1
77334	1
53223	1
95587	1
47332	1
91558	1
65373	1
84996	1
52449	1
58168	1
8970	1
83869	1
53223	1
27466	1
98004	1
53223	1
26947	1
74405	1
12634	1
89567	1
45920	1
47309	1
83925	1
80425	1
70737	1
37105	1
74405	1
15752	1
29469	1
29029	1
66932	1
9426	1
36506	1
86715	1
53223	1
89152	1
53223	1
11951	1
74405	1
81874	1
7847	1
96270	1
81737	1
6178	1
84996	1
32913	1
27360	1
80535	1
15556	1
54782	1
36661	1
25008	1
83437	1
50317	1
65369	1
94028	1
84996	1
44081	1
41725	1
84996	1
36498	1
31931	1
44623	1
48262	1
52416	1
80425	1
75964	1
49794	1
74405	1
52940	1
94336	1
25889	1
74405	1
2728	1
87101	1
6288	1
16879	1
84996	1
84996	1
13074	1
80284	1
89787	1
80425	1
5856	1
6178	1
32693	1
50211	1
44841	1
79412	1
96550	1
84996	1
75964	1
33156	1
18436	1
15752	1
27360	1
66932	1
28593	1
12308	1
95363	1
17760	1
74405	1
19781	1
98689	1
33490	1
89582	1
99828	1
44081	1
183	1
74405	1
24074	1
42773	1
40386	1
91595	1
74405	1
48652	1
53223	1
62305	1
84996	1
18147	1
3245	1
84996	1
47142	1
74405	1
98900	1
75964	1
74405	1
51554	1
5800	1
44733	1
80174	1
65373	1
30372	1
48652	1
16769	1
80425	1
53223	1
59789	1
63264	1
88058	1
80998	1
33600	1
26650	1
33994	1
4647	1
81297	1
46983	1
3384	1
7977	1
39021	1
71503	1
16769	1
74405	1
7403	1
62854	1
74405	1
59357	1
48652	1
9190	1
53223	1
53223	1
39400	1
82011	1
27360	1
85150	1
80811	1
48652	1
74405	1
67914	1
44191	1
54057	1
48652	1
32730	1
46844	1
65915	1
74947	1
24458	1
22459	1
50163	1
47393	1
80425	1
16879	1
84996	1
84996	1
33490	1
84996	1
74405	1
49715	1
53223	1
48652	1
94244	1
17945	1
27360	1
80714	1
16769	1
67241	1
53223	1
12891	1
89839	1
22899	1
19721	1
53238	1
74405	1
91126	1
68491	1
88193	1
19781	1
32147	1
36887	1
60912	1
7020	1
75312	1
74405	1
29621	1
45993	1
74405	1
31842	1
84996	1
84996	1
91458	1
51554	1
16769	1
91596	1
67179	1
67794	1
16879	1
63814	1
98456	1
74405	1
74405	1
96710	1
53223	1
71111	1
91126	1
55112	1
50952	1
48652	1
16769	1
17102	1
74405	1
27470	1
80174	1
74405	1
15210	1
77382	1
70160	1
96151	1
63814	1
85682	1
53223	1
59258	1
80425	1
74405	1
94354	1
92073	1
75493	1
18764	1
99013	1
69834	1
49277	1
47805	1
16769	1
74405	1
38680	1
68817	1
480	1
70160	1
90140	1
54946	1
10861	1
19781	1
91016	1
38061	1
65373	1
86555	1
74405	1
97420	1
35905	1
44191	1
18957	1
87973	1
74405	1
74405	1
74405	1
2822	1
42408	1
97146	1
71719	1
91016	1
17562	1
84996	1
39616	1
74405	1
69834	1
7737	1
56063	1
30152	1
73062	1
8146	1
74405	1
87014	1
96829	1
25108	1
71719	1
23115	1
84996	1
70834	1
35572	1
61432	1
6178	1
57684	1
27360	1
51573	1
43008	1
74405	1
44081	1
48652	1
74405	1
20441	1
17268	1
80535	1
45750	1
33376	1
92685	1
53223	1
72736	1
48652	1
36392	1
67098	1
75439	1
91126	1
68491	1
9406	1
10166	1
89127	1
16769	1
33841	1
88224	1
97091	1
55219	1
21211	1
78343	1
96965	1
53223	1
13207	1
32278	1
95587	1
63814	1
80582	1
77523	1
74405	1
63814	1
2593	1
42522	1
16518	1
36988	1
89702	1
44081	1
91016	1
47172	1
63478	1
52727	1
12148	1
52843	1
1717	1
65145	1
45864	1
48652	1
98815	1
99938	1
83437	1
12771	1
95633	1
68451	1
50668	1
10749	1
51554	1
25471	1
25967	1
64989	1
49775	1
32417	1
7737	1
62255	1
23885	1
57240	1
28572	1
84996	1
86555	1
29465	1
50211	1
15426	1
53223	1
58643	1
80755	1
18514	1
56200	1
78725	1
66184	1
54998	1
16769	1
80425	1
47635	1
30372	1
2979	1
25911	1
99921	1
63200	1
10637	1
49690	1
30372	1
97146	1
74405	1
96573	1
61022	1
48652	1
41968	1
98365	1
16769	1
9622	1
74405	1
97688	1
32813	1
98952	1
74405	1
44733	1
84992	1
7191	1
74405	1
30887	1
48652	1
3766	1
92571	1
74405	1
6367	1
89567	1
82397	1
77743	1
96538	1
15293	1
91016	1
53223	1
6697	1
50778	1
69834	1
92685	1
57528	1
50321	1
74405	1
16879	1
48652	1
12306	1
70544	1
16769	1
48652	1
16769	1
74405	1
98241	1
20583	1
33596	1
45530	1
1744	1
53223	1
51413	1
26673	1
84996	1
51554	1
16879	1
21882	1
86358	1
57244	1
17344	1
88114	1
97619	1
64682	1
32	1
74405	1
3602	1
15536	1
24101	1
50437	1
16769	1
25195	1
21340	1
27360	1
15210	1
50973	1
53223	1
84996	1
32641	1
16769	1
63814	1
74405	1
74405	1
74405	1
53223	1
86115	1
16769	1
51459	1
33147	1
79192	1
44191	1
45254	1
38603	1
7957	1
44301	1
16769	1
50042	1
46983	1
72477	1
97256	1
77436	1
84996	1
54371	1
47309	1
79032	1
978	1
93121	1
63455	1
44411	1
44627	1
4227	1
10195	1
81548	1
34229	1
41833	1
14193	1
15762	1
74405	1
97146	1
18241	1
63814	1
53223	1
158	1
82750	1
7488	1
84996	1
23218	1
44081	1
74405	1
66932	1
81198	1
74405	1
97256	1
84996	1
91666	1
86858	1
3056	1
64906	1
39745	1
47690	1
58120	1
69944	1
21340	1
52316	1
95587	1
47305	1
74405	1
10749	1
97146	1
95587	1
92224	1
77386	1
69944	1
49194	1
9622	1
65840	1
5385	1
84996	1
64356	1
54186	1
80425	1
5821	1
84996	1
90460	1
6288	1
63814	1
97256	1
6288	1
2259	1
22515	1
41122	1
42821	1
15536	1
53223	1
53223	1
27470	1
99427	1
73502	1
74405	1
30777	1
56283	1
84996	1
49499	1
1717	1
5161	1
92928	1
53223	1
42408	1
11185	1
26673	1
79628	1
68275	1
48036	1
74405	1
88004	1
4835	1
74405	1
76506	1
49194	1
3931	1
74405	1
13211	1
74405	1
84199	1
94377	1
91122	1
18191	1
84064	1
63814	1
85816	1
74405	1
41941	1
57713	1
55477	1
12061	1
74405	1
10185	1
1717	1
38653	1
91016	1
53223	1
1576	1
92685	1
60582	1
81473	1
62145	1
69834	1
74405	1
53167	1
53223	1
63814	1
43888	1
66135	1
8410	1
15210	1
74405	1
13813	1
20145	1
63814	1
12719	1
55764	1
93505	1
67038	1
20078	1
15889	1
20983	1
63814	1
16769	1
72846	1
35049	1
6178	1
95587	1
21340	1
88224	1
22899	1
74405	1
53223	1
84996	1
7737	1
67698	1
22538	1
59243	1
60366	1
95587	1
59243	1
6178	1
87873	1
3056	1
84930	1
94958	1
85507	1
75	1
3602	1
38281	1
84996	1
54998	1
53223	1
68844	1
91016	1
33376	1
39489	1
91668	1
38061	1
11354	1
74405	1
39946	1
94244	1
7737	1
42408	1
16769	1
33490	1
84996	1
60466	1
4640	1
95587	1
92573	1
95587	1
17227	1
55849	1
67914	1
89457	1
5145	1
20089	1
57983	1
1425	1
26370	1
91016	1
16769	1
74405	1
86223	1
64726	1
6178	1
46983	1
25330	1
66712	1
10527	1
57464	1
94354	1
8943	1
30372	1
50155	1
84996	1
74405	1
80535	1
83354	1
23798	1
19781	1
68821	1
84996	1
27360	1
16769	1
36890	1
46076	1
17670	1
74405	1
80425	1
84996	1
53223	1
89457	1
36305	1
87932	1
64356	1
21199	1
33413	1
80425	1
82310	1
78532	1
66795	1
92901	1
30478	1
58325	1
22106	1
88224	1
91502	1
74405	1
77822	1
53223	1
59459	1
53223	1
16769	1
6178	1
91016	1
53223	1
59243	1
24082	1
6178	1
6928	1
53223	1
51554	1
74405	1
40355	1
80425	1
27360	1
18654	1
48	1
34613	1
67370	1
374	1
74405	1
74405	1
28892	1
48652	1
31477	1
86829	1
48185	1
60802	1
80425	1
96050	1
80971	1
74405	1
75088	1
84556	1
82595	1
12906	1
53223	1
98718	1
70376	1
84996	1
74405	1
20740	1
11621	1
951	1
65399	1
77633	1
74405	1
62145	1
28012	1
74405	1
23441	1
16769	1
58084	1
94931	1
41318	1
84996	1
58637	1
76454	1
14000	1
74405	1
74405	1
63814	1
63814	1
20213	1
33613	1
74621	1
95010	1
72599	1
95587	1
84996	1
58639	1
71723	1
31707	1
12308	1
69944	1
92685	1
86119	1
83767	1
94354	1
57847	1
73085	1
44081	1
7737	1
1937	1
700	1
54035	1
88114	1
89457	1
14131	1
66135	1
91016	1
23115	1
93069	1
63814	1
42572	1
22194	1
19950	1
14936	1
44301	1
67395	1
63814	1
27501	1
71613	1
53223	1
79991	1
39531	1
36581	1
57900	1
27360	1
97908	1
158	1
74405	1
74405	1
48212	1
18741	1
75501	1
16769	1
74405	1
84996	1
99764	1
27360	1
9136	1
94028	1
27360	1
50514	1
63814	1
60640	1
63814	1
22899	1
84996	1
27470	1
27470	1
88600	1
20759	1
89779	1
82941	1
33469	1
24049	1
99812	1
91349	1
33372	1
44984	1
31931	1
48652	1
74405	1
23335	1
69834	1
4609	1
74405	1
22459	1
97146	1
54332	1
74405	1
75528	1
55324	1
44627	1
31931	1
74405	1
59243	1
53223	1
12794	1
51722	1
72265	1
16359	1
81901	1
32257	1
79165	1
74405	1
74405	1
74405	1
68491	1
27470	1
40936	1
87317	1
90582	1
73498	1
17184	1
58861	1
48652	1
74405	1
16275	1
36392	1
36934	1
89914	1
75740	1
17878	1
74405	1
97146	1
81517	1
78932	1
2971	1
84996	1
80425	1
56964	1
95587	1
21556	1
25911	1
88853	1
80220	1
75167	1
27470	1
30835	1
64621	1
48052	1
85731	1
49275	1
76866	1
84529	1
38061	1
16159	1
69944	1
33490	1
69834	1
7817	1
40963	1
66932	1
70706	1
36498	1
84996	1
9622	1
63814	1
35838	1
84483	1
91342	1
870	1
12308	1
60692	1
84996	1
54782	1
80425	1
89723	1
84996	1
17967	1
71848	1
18297	1
4848	1
78785	1
79875	1
25911	1
94180	1
4945	1
24450	1
92905	1
89241	1
84996	1
72665	1
30372	1
66218	1
68275	1
27680	1
13755	1
28452	1
22899	1
84996	1
43664	1
74405	1
21172	1
1717	1
11857	1
59617	1
14334	1
1383	1
75470	1
27306	1
74405	1
37924	1
92749	1
281	1
63814	1
91126	1
91126	1
53223	1
53659	1
53902	1
27360	1
44411	1
74405	1
74405	1
80394	1
6925	1
54203	1
84996	1
63814	1
53223	1
57900	1
24376	1
97256	1
79325	1
53223	1
79419	1
63814	1
8672	1
7737	1
27360	1
47093	1
74405	1
89343	1
84996	1
74405	1
53223	1
48652	1
63814	1
69064	1
53223	1
84336	1
84704	1
87149	1
53223	1
17739	1
1717	1
41229	1
65479	1
99741	1
16846	1
21917	1
44156	1
5914	1
48208	1
74405	1
51880	1
68491	1
5161	1
64030	1
31667	1
63814	1
86555	1
30181	1
74405	1
71887	1
24983	1
74405	1
70635	1
80425	1
30808	1
53223	1
6178	1
90223	1
63814	1
73940	1
74405	1
94244	1
27279	1
60778	1
33490	1
30372	1
9451	1
80535	1
74405	1
88224	1
90811	1
44191	1
46732	1
76180	1
63646	1
55650	1
2043	1
74405	1
16769	1
84556	1
77546	1
19371	1
74405	1
12308	1
63814	1
74405	1
27360	1
91016	1
30555	1
84996	1
78917	1
74405	1
53005	1
46341	1
55087	1
74405	1
74405	1
63814	1
89783	1
374	1
74405	1
74405	1
55218	1
38061	1
84996	1
33380	1
89978	1
74405	1
73498	1
74405	1
14364	1
17315	1
4482	1
69814	1
63814	1
84996	1
59243	1
71856	1
54761	1
16769	1
74405	1
78034	1
83873	1
44402	1
79794	1
89567	1
74405	1
72265	1
50321	1
14486	1
26127	1
20657	1
95587	1
74405	1
2479	1
93890	1
38061	1
63931	1
53223	1
39616	1
98952	1
74405	1
16769	1
4779	1
63814	1
87757	1
95587	1
28658	1
10172	1
65373	1
84996	1
33490	1
33293	1
48364	1
84996	1
38603	1
20323	1
25691	1
36392	1
93042	1
42848	1
93920	1
44623	1
74405	1
97472	1
46983	1
16769	1
7380	1
16879	1
36282	1
38140	1
89457	1
92189	1
74405	1
52540	1
31931	1
63814	1
63264	1
62255	1
64238	1
46930	1
91126	1
66548	1
32861	1
56696	1
38061	1
8146	1
71723	1
74405	1
26233	1
15752	1
90991	1
18764	1
29932	1
72895	1
84996	1
10911	1
74405	1
51896	1
82115	1
84996	1
21803	1
57701	1
89457	1
79408	1
2080	1
5161	1
65150	1
44191	1
52509	1
68275	1
40519	1
97146	1
62931	1
69064	1
27470	1
95587	1
73475	1
28369	1
77311	1
48652	1
31293	1
72846	1
74405	1
30040	1
95010	1
69614	1
43064	1
38061	1
18438	1
16769	1
71676	1
18438	1
18002	1
80535	1
74405	1
74405	1
91147	1
50321	1
33867	1
38061	1
13946	1
48405	1
92847	1
48652	1
46377	1
49360	1
44081	1
81737	1
98576	1
93131	1
16879	1
53167	1
64146	1
74405	1
84996	1
59785	1
33490	1
13958	1
75011	1
22646	1
15518	1
25512	1
91508	1
38061	1
20591	1
63814	1
25004	1
73062	1
98197	1
74405	1
12308	1
76477	1
10828	1
59679	1
11648	1
27549	1
8682	1
12308	1
78866	1
65236	1
18002	1
74405	1
51554	1
74405	1
96050	1
453	1
3492	1
64774	1
19781	1
48934	1
22455	1
63569	1
1456	1
79082	1
12308	1
74405	1
6178	1
74405	1
20217	1
7851	1
13066	1
53113	1
36193	1
27470	1
37766	1
18191	1
53223	1
59243	1
12524	1
16769	1
74405	1
53223	1
29820	1
97005	1
48	1
53223	1
69399	1
74405	1
63814	1
82733	1
14220	1
30372	1
90653	1
25911	1
38931	1
59212	1
66752	1
50202	1
1748	1
74405	1
35049	1
38797	1
60422	1
48652	1
91016	1
58894	1
22785	1
74405	1
9406	1
22899	1
33270	1
83979	1
21340	1
4619	1
94931	1
46632	1
74405	1
83840	1
36938	1
41729	1
74405	1
84491	1
19663	1
45087	1
3899	1
76180	1
65452	1
70376	1
74405	1
41424	1
72736	1
80425	1
63814	1
75964	1
1717	1
83437	1
63814	1
63814	1
78891	1
63814	1
6178	1
5842	1
30372	1
2919	1
89457	1
83921	1
66932	1
75628	1
64843	1
62255	1
27360	1
23441	1
95363	1
74405	1
96133	1
29029	1
54782	1
10583	1
70056	1
55961	1
90698	1
44191	1
74405	1
90219	1
84996	1
44733	1
9929	1
84996	1
50180	1
97146	1
80126	1
87317	1
22899	1
36502	1
38775	1
78073	1
9732	1
74405	1
74405	1
64591	1
25911	1
53223	1
78096	1
63814	1
23661	1
73282	1
58641	1
83869	1
72846	1
27426	1
78082	1
33490	1
83873	1
39157	1
44191	1
33359	1
59243	1
39946	1
85102	1
77826	1
12308	1
14276	1
40602	1
55631	1
45314	1
46983	1
27140	1
39989	1
3687	1
69944	1
48868	1
74405	1
18192	1
33077	1
46990	1
53300	1
28100	1
30258	1
26127	1
32477	1
26127	1
44191	1
53223	1
28971	1
16879	1
27769	1
28377	1
50117	1
74405	1
58855	1
23190	1
91039	1
62145	1
47133	1
53223	1
70924	1
74405	1
7021	1
480	1
28645	1
53223	1
84996	1
72736	1
3276	1
54494	1
27443	1
7899	1
95587	1
26590	1
27360	1
71234	1
81297	1
27360	1
37729	1
12308	1
84996	1
74405	1
74405	1
44847	1
69944	1
7268	1
68653	1
4670	1
76020	1
29558	1
65000	1
36282	1
24595	1
27470	1
23119	1
23262	1
50537	1
47855	1
7957	1
74405	1
22019	1
15210	1
82405	1
71472	1
3492	1
74405	1
63814	1
6720	1
37016	1
59239	1
57684	1
58226	1
90989	1
21340	1
86441	1
84996	1
10546	1
57684	1
74405	1
93530	1
74405	1
99448	1
30372	1
80784	1
74405	1
74405	1
97146	1
87678	1
10282	1
84996	1
47471	1
74405	1
81303	1
74405	1
74405	1
74405	1
47992	1
9186	1
99334	1
53223	1
24458	1
27360	1
14606	1
56916	1
74405	1
16113	1
30808	1
14211	1
53223	1
93011	1
47855	1
38497	1
74405	1
98896	1
83076	1
95587	1
2263	1
45202	1
38742	1
33600	1
36029	1
1717	1
47855	1
74405	1
99764	1
74405	1
57784	1
97901	1
89457	1
84996	1
22567	1
53223	1
89783	1
12611	1
80988	1
99718	1
84996	1
71487	1
92988	1
74405	1
54763	1
23985	1
53113	1
36392	1
95587	1
16769	1
47525	1
87317	1
14716	1
80915	1
53223	1
4945	1
33490	1
95913	1
48652	1
74405	1
67478	1
90698	1
1717	1
33710	1
72846	1
91016	1
74405	1
80967	1
44081	1
34144	1
6288	1
84996	1
75167	1
74405	1
29685	1
4669	1
40963	1
84996	1
23335	1
64259	1
18681	1
90547	1
1933	1
50986	1
81548	1
74405	1
30694	1
74044	1
21133	1
76139	1
27360	1
36438	1
74405	1
27360	1
74405	1
1626	1
53223	1
99112	1
11868	1
66109	1
51876	1
23512	1
4505	1
51554	1
7977	1
39180	1
32147	1
35496	1
14193	1
47201	1
19781	1
16769	1
95587	1
80058	1
16769	1
74405	1
63673	1
88224	1
31684	1
74405	1
85675	1
89457	1
66143	1
57728	1
62687	1
36824	1
54616	1
80535	1
48	1
95587	1
40575	1
6178	1
40382	1
74405	1
95666	1
84996	1
29090	1
59243	1
88323	1
53223	1
74405	1
16769	1
73961	1
74405	1
30756	1
44081	1
14193	1
91126	1
63704	1
62471	1
59160	1
68553	1
69834	1
74405	1
74405	1
36392	1
84996	1
90597	1
33224	1
25691	1
6178	1
53223	1
23661	1
12308	1
1717	1
95587	1
74405	1
58226	1
48652	1
77523	1
16879	1
97146	1
24568	1
89049	1
71200	1
77754	1
63814	1
30372	1
54782	1
27360	1
46846	1
27360	1
27360	1
74405	1
53223	1
89783	1
62247	1
15316	1
74405	1
56561	1
59982	1
1690	1
85961	1
21340	1
12634	1
50985	1
30372	1
80418	1
17151	1
60912	1
72647	1
85212	1
2840	1
82098	1
37044	1
84996	1
21556	1
2821	1
16879	1
72790	1
74405	1
80751	1
74405	1
74405	1
66469	1
74405	1
27470	1
11291	1
33789	1
18058	1
72846	1
29355	1
25801	1
30372	1
74405	1
6178	1
72736	1
63814	1
63814	1
74405	1
74481	1
952	1
51880	1
6178	1
18579	1
74405	1
64007	1
841	1
57438	1
53223	1
74405	1
97692	1
44081	1
19781	1
9502	1
27360	1
11461	1
72736	1
69504	1
20873	1
63814	1
89999	1
71111	1
59129	1
84996	1
53223	1
36502	1
25801	1
74405	1
33596	1
71503	1
74405	1
69255	1
26044	1
7737	1
86881	1
27470	1
38061	1
87815	1
30478	1
53223	1
77685	1
74405	1
33490	1
52673	1
39836	1
84996	1
74405	1
69944	1
19997	1
74405	1
27470	1
63814	1
30372	1
7901	1
7984	1
16769	1
84996	1
84996	1
53223	1
53223	1
49115	1
63814	1
92162	1
4158	1
6178	1
84093	1
2620	1
63814	1
44081	1
74405	1
81305	1
63814	1
49473	1
74405	1
74405	1
84996	1
6178	1
54695	1
95403	1
34142	1
96414	1
74405	1
36718	1
95587	1
91126	1
69834	1
63814	1
94028	1
68490	1
74405	1
63814	1
4511	1
84996	1
53838	1
37210	1
49663	1
74405	1
63814	1
51145	1
48652	1
53223	1
61711	1
8868	1
81484	1
74405	1
78866	1
62251	1
9190	1
74405	1
59243	1
3139	1
14207	1
48758	1
74405	1
48405	1
56368	1
9190	1
74405	1
48652	1
11598	1
69944	1
7164	1
97146	1
33526	1
49858	1
53223	1
74405	1
41289	1
84996	1
34527	1
36282	1
62411	1
6703	1
30148	1
93640	1
74405	1
53223	1
74405	1
84987	1
28309	1
20487	1
98651	1
95587	1
9323	1
85536	1
28241	1
58173	1
22762	1
15069	1
36502	1
16769	1
69944	1
63044	1
11974	1
12308	1
71947	1
93324	1
48652	1
34692	1
95363	1
23994	1
33816	1
73498	1
36718	1
73647	1
74405	1
88334	1
26127	1
48652	1
58446	1
95587	1
74369	1
12358	1
6288	1
74947	1
55969	1
85212	1
11405	1
31250	1
84093	1
95587	1
85704	1
74405	1
86881	1
30588	1
74405	1
84996	1
23300	1
84996	1
44623	1
11405	1
36141	1
91342	1
80967	1
8939	1
26598	1
74405	1
59243	1
46734	1
98591	1
84996	1
2263	1
97964	1
27470	1
10749	1
63814	1
99031	1
27360	1
4619	1
47093	1
38277	1
74405	1
5381	1
84996	1
84996	1
68082	1
53223	1
93536	1
77494	1
82420	1
34767	1
87400	1
73060	1
28018	1
48652	1
85652	1
27682	1
43349	1
84996	1
84996	1
84996	1
70214	1
51000	1
53223	1
24965	1
44081	1
63814	1
74405	1
95803	1
84996	1
91122	1
6068	1
53765	1
36718	1
36077	1
20213	1
74405	1
94244	1
2813	1
36740	1
72846	1
84996	1
4607	1
16769	1
42848	1
17091	1
8481	1
54782	1
53223	1
83440	1
71939	1
78849	1
81353	1
61452	1
4619	1
60229	1
27470	1
95392	1
27360	1
62145	1
27360	1
53223	1
62554	1
97822	1
4451	1
27360	1
74405	1
41289	1
31078	1
60802	1
31931	1
95450	1
84996	1
80535	1
84996	1
67202	1
75304	1
80896	1
16879	1
16769	1
22899	1
84996	1
27360	1
65915	1
73062	1
23445	1
17971	1
63870	1
22405	1
63814	1
74405	1
22899	1
87344	1
39867	1
90682	1
78057	1
82061	1
1356	1
42176	1
53223	1
88114	1
67752	1
76824	1
54152	1
74405	1
88930	1
73615	1
36255	1
85951	1
28122	1
59463	1
33309	1
27360	1
95587	1
84996	1
74947	1
74405	1
27902	1
8811	1
83979	1
81737	1
53223	1
62048	1
61323	1
65925	1
74405	1
84996	1
55751	1
84996	1
40156	1
29029	1
28954	1
84996	1
72485	1
84552	1
26839	1
37374	1
88637	1
10965	1
5958	1
68491	1
16879	1
53223	1
32091	1
85688	1
23881	1
34584	1
74405	1
27360	1
15210	1
4619	1
74405	1
51554	1
74405	1
89783	1
62855	1
48984	1
78493	1
58446	1
75964	1
84996	1
95587	1
12308	1
74405	1
27470	1
449	1
79835	1
64902	1
96349	1
53223	1
27470	1
98262	1
77256	1
91016	1
19997	1
74405	1
98074	1
786	1
5690	1
69944	1
94188	1
74405	1
6178	1
24315	1
91782	1
84996	1
53223	1
84996	1
59294	1
8966	1
33816	1
83437	1
63814	1
20786	1
2596	1
84996	1
74405	1
89212	1
47855	1
39280	1
27360	1
84996	1
13801	1
19970	1
9622	1
69834	1
53223	1
84456	1
94811	1
63814	1
95587	1
15949	1
94932	1
11291	1
57051	1
62145	1
38049	1
6178	1
63453	1
6178	1
88660	1
35267	1
92400	1
27360	1
27360	1
16879	1
69944	1
26376	1
2944	1
74037	1
97146	1
13049	1
38441	1
74405	1
24898	1
26044	1
26125	1
90360	1
74744	1
80768	1
32670	1
35383	1
84996	1
52096	1
65772	1
2483	1
32996	1
2616	1
74405	1
61377	1
77523	1
38061	1
18438	1
74405	1
12794	1
25801	1
29864	1
84996	1
74405	1
4081	1
84996	1
97472	1
48208	1
81903	1
65369	1
3492	1
91728	1
40415	1
16769	1
16769	1
47955	1
63814	1
86881	1
74405	1
27360	1
65378	1
91126	1
80213	1
74405	1
41306	1
86881	1
71503	1
30125	1
76616	1
42227	1
30372	1
94354	1
27360	1
76674	1
59243	1
74405	1
40116	1
90796	1
95807	1
1717	1
84996	1
65373	1
53784	1
629	1
75142	1
63814	1
1717	1
49700	1
10691	1
36934	1
36392	1
53223	1
63704	1
6178	1
56659	1
88637	1
88637	1
85212	1
27360	1
68275	1
6504	1
28120	1
16879	1
40963	1
16769	1
18450	1
30800	1
39427	1
46983	1
27360	1
6288	1
1717	1
80535	1
74405	1
71063	1
74405	1
58450	1
39865	1
29452	1
7847	1
79566	1
53223	1
41275	1
73743	1
95587	1
66932	1
67588	1
57284	1
36446	1
9149	1
74405	1
44205	1
47093	1
94103	1
63372	1
9846	1
73062	1
74405	1
52920	1
76155	1
30972	1
76973	1
84996	1
25687	1
87302	1
84996	1
19781	1
38277	1
11291	1
24784	1
41941	1
97801	1
58230	1
84996	1
19781	1
32334	1
80795	1
927	1
84996	1
9626	1
33170	1
87570	1
91126	1
56887	1
12308	1
64030	1
17315	1
84996	1
92928	1
74405	1
15942	1
7208	1
26401	1
48652	1
61265	1
158	1
74405	1
71503	1
99749	1
45750	1
44008	1
80425	1
63704	1
82094	1
12217	1
53223	1
67782	1
60493	1
4619	1
53223	1
63814	1
44764	1
26507	1
69614	1
10965	1
69315	1
74405	1
99053	1
16769	1
9873	1
23115	1
49167	1
80367	1
46652	1
9622	1
16769	1
22080	1
21340	1
15802	1
52920	1
15210	1
84996	1
26196	1
20323	1
53389	1
74405	1
74405	1
84996	1
84776	1
12088	1
58587	1
19997	1
9512	1
71833	1
74405	1
5537	1
53551	1
9086	1
27360	1
44081	1
61140	1
9622	1
39946	1
12358	1
74405	1
237	1
74405	1
39946	1
36847	1
84996	1
44100	1
68265	1
91016	1
55488	1
83514	1
1717	1
10550	1
53223	1
48652	1
95587	1
19493	1
16879	1
91016	1
82502	1
74405	1
7847	1
69944	1
83437	1
84996	1
6178	1
48652	1
66138	1
72736	1
84996	1
71503	1
30372	1
72539	1
53223	1
9402	1
84996	1
84996	1
2070	1
46609	1
13969	1
85212	1
67420	1
36830	1
63814	1
44938	1
95174	1
74405	1
12308	1
44139	1
6504	1
76550	1
15426	1
18438	1
40683	1
12308	1
59625	1
69944	1
74461	1
46896	1
80973	1
53223	1
48652	1
14193	1
73550	1
8829	1
80337	1
16769	1
11891	1
77561	1
6178	1
12299	1
71700	1
68711	1
76506	1
74405	1
70976	1
64678	1
75964	1
74405	1
12308	1
1717	1
15715	1
26127	1
79625	1
6178	1
71283	1
9396	1
74405	1
72736	1
96550	1
86555	1
27470	1
97472	1
27360	1
25224	1
10749	1
27360	1
57927	1
78617	1
1134	1
88903	1
69917	1
84996	1
29245	1
7847	1
16769	1
84996	1
95340	1
53223	1
19781	1
40963	1
37786	1
71523	1
69944	1
95587	1
33598	1
6093	1
38167	1
9190	1
65373	1
98458	1
74621	1
41289	1
20684	1
18019	1
6504	1
74405	1
68491	1
90765	1
16769	1
94898	1
47996	1
74042	1
28012	1
57900	1
48592	1
7737	1
95010	1
84996	1
66816	1
50973	1
23115	1
24522	1
53223	1
48946	1
25801	1
16092	1
84996	1
52000	1
39400	1
27360	1
47529	1
46983	1
95203	1
455	1
84996	1
47093	1
38061	1
77633	1
22899	1
51853	1
36502	1
16420	1
33710	1
74405	1
41289	1
75964	1
94134	1
90409	1
44191	1
53223	1
16769	1
66762	1
9925	1
53223	1
86524	1
86474	1
2516	1
40131	1
88755	1
91016	1
97472	1
53223	1
5551	1
90906	1
59978	1
6288	1
15532	1
34032	1
95587	1
16769	1
30889	1
63814	1
54915	1
72925	1
84996	1
47852	1
59243	1
84996	1
84996	1
63814	1
46433	1
53223	1
9485	1
17311	1
17315	1
84996	1
44615	1
17709	1
16769	1
83033	1
10423	1
54782	1
49626	1
56941	1
20796	1
43751	1
83437	1
55348	1
70494	1
74405	1
3523	1
44081	1
95587	1
34032	1
91126	1
82613	1
68601	1
12308	1
19781	1
47334	1
64470	1
78866	1
72435	1
54782	1
53875	1
41065	1
53223	1
70573	1
9381	1
35595	1
74428	1
81407	1
26011	1
84552	1
59785	1
89799	1
79788	1
62255	1
14629	1
48112	1
13211	1
16879	1
69834	1
81386	1
60908	1
6178	1
10960	1
81646	1
53223	1
74405	1
10749	1
74405	1
94354	1
93877	1
45609	1
3359	1
20624	1
68052	1
2035	1
23225	1
44081	1
50752	1
74405	1
74405	1
33354	1
36282	1
95587	1
4945	1
51554	1
39184	1
74405	1
96187	1
84996	1
33490	1
51159	1
59243	1
84353	1
83869	1
83896	1
25801	1
74405	1
65613	1
68491	1
81874	1
48652	1
9190	1
92685	1
57460	1
23115	1
72846	1
4789	1
84251	1
43064	1
67235	1
6720	1
27360	1
53223	1
10749	1
84996	1
95587	1
94953	1
54652	1
71723	1
95803	1
25911	1
16769	1
92085	1
9485	1
74405	1
1933	1
48652	1
38416	1
53223	1
74405	1
11621	1
74405	1
78314	1
1717	1
74405	1
83702	1
80535	1
48	1
14193	1
63673	1
57543	1
6178	1
49634	1
10984	1
42157	1
53223	1
13790	1
76474	1
95587	1
76730	1
80535	1
47093	1
30372	1
7737	1
74833	1
1717	1
77049	1
74405	1
92901	1
74405	1
79529	1
72736	1
35159	1
74405	1
51197	1
81980	1
74405	1
31958	1
48	1
91390	1
82310	1
2549	1
47749	1
56777	1
15210	1
46983	1
3492	1
38906	1
19997	1
84996	1
53223	1
33958	1
63814	1
38061	1
70742	1
22106	1
74405	1
82478	1
3081	1
16219	1
84363	1
95587	1
84235	1
91016	1
95587	1
26530	1
84996	1
57684	1
74405	1
19451	1
22899	1
97229	1
15293	1
91126	1
22280	1
58803	1
53223	1
6178	1
74405	1
94709	1
59925	1
33546	1
22322	1
82169	1
44623	1
52096	1
62687	1
74405	1
3276	1
53113	1
40930	1
9135	1
39836	1
96266	1
83659	1
17139	1
65915	1
42844	1
95587	1
80535	1
65699	1
84996	1
48652	1
16879	1
8860	1
82310	1
26079	1
50211	1
21882	1
33320	1
60458	1
37513	1
35111	1
66278	1
91126	1
16769	1
25801	1
80535	1
62328	1
32946	1
3521	1
81077	1
45393	1
12059	1
10089	1
7737	1
86115	1
63814	1
4680	1
62145	1
69834	1
47920	1
56777	1
76290	1
72846	1
98815	1
32695	1
12308	1
80425	1
73120	1
81464	1
27470	1
64080	1
36498	1
26127	1
49555	1
15210	1
45966	1
18741	1
39946	1
96816	1
48652	1
87149	1
94931	1
74405	1
33316	1
43284	1
74405	1
48758	1
68711	1
75576	1
28097	1
48652	1
94574	1
59459	1
83869	1
74405	1
33490	1
16769	1
90769	1
65429	1
75964	1
29932	1
9190	1
48652	1
12744	1
53223	1
27470	1
95587	1
69834	1
39836	1
93783	1
20379	1
54095	1
71393	1
32257	1
15752	1
21475	1
2593	1
74405	1
95587	1
75308	1
75198	1
85322	1
84996	1
83437	1
60912	1
2263	1
11748	1
12391	1
21340	1
54095	1
16308	1
74978	1
83433	1
94543	1
42653	1
55465	1
73388	1
6178	1
40963	1
16769	1
4509	1
70706	1
78451	1
77191	1
17660	1
91126	1
63814	1
25801	1
26920	1
1032	1
43664	1
19474	1
49277	1
74405	1
74405	1
71551	1
74405	1
6081	1
74405	1
75826	1
68192	1
74405	1
86555	1
95587	1
91558	1
89567	1
53223	1
22645	1
3672	1
59212	1
63814	1
77523	1
48405	1
82069	1
374	1
88220	1
59926	1
6940	1
22899	1
38061	1
21340	1
87981	1
30152	1
8208	1
44222	1
13446	1
94570	1
74405	1
65373	1
74405	1
5578	1
62145	1
7714	1
20703	1
87678	1
30372	1
74405	1
38686	1
95587	1
70160	1
84992	1
21483	1
8111	1
74405	1
26368	1
32147	1
88440	1
27360	1
27360	1
65421	1
95385	1
26257	1
97472	1
14666	1
99633	1
74405	1
51110	1
23445	1
22899	1
70691	1
75964	1
86715	1
69068	1
86416	1
94208	1
10965	1
83437	1
97032	1
18262	1
75244	1
77436	1
8966	1
11387	1
63026	1
15088	1
68445	1
76726	1
92901	1
97531	1
63814	1
63814	1
64677	1
88224	1
64794	1
56341	1
85212	1
95969	1
74405	1
10156	1
97090	1
38906	1
34372	1
35296	1
84996	1
53223	1
48459	1
60526	1
62255	1
93679	1
62145	1
74405	1
27470	1
53223	1
10581	1
78593	1
68821	1
95587	1
80971	1
74405	1
30423	1
25689	1
54699	1
62687	1
95587	1
71074	1
83159	1
74405	1
65915	1
1717	1
426	1
74405	1
69834	1
13567	1
76180	1
28041	1
91014	1
65373	1
16879	1
99409	1
37934	1
74405	1
55314	1
90599	1
12804	1
6055	1
24315	1
40110	1
14314	1
73365	1
25525	1
80535	1
23263	1
38071	1
63814	1
43400	1
474	1
84996	1
33600	1
53223	1
89451	1
77797	1
370	1
80425	1
38603	1
63814	1
48652	1
97252	1
73388	1
74405	1
38387	1
15206	1
45082	1
15040	1
44940	1
51880	1
74405	1
84286	1
74241	1
22899	1
66276	1
54436	1
3492	1
11841	1
16769	1
84996	1
92573	1
16879	1
78069	1
74405	1
93804	1
96382	1
17672	1
5385	1
40963	1
18438	1
73938	1
65346	1
84996	1
25911	1
31354	1
89783	1
49499	1
80328	1
56258	1
91126	1
30945	1
73958	1
51110	1
17421	1
91406	1
84996	1
97466	1
92548	1
88907	1
48	1
91385	1
78331	1
78535	1
68491	1
74405	1
77633	1
84996	1
1717	1
74405	1
44191	1
87317	1
26654	1
94354	1
16879	1
7847	1
59243	1
15565	1
74405	1
5819	1
26320	1
54643	1
53223	1
951	1
84996	1
95508	1
96486	1
74405	1
10089	1
27902	1
76828	1
6178	1
79082	1
48652	1
77236	1
97146	1
21882	1
41289	1
1717	1
63814	1
4945	1
63704	1
53223	1
80425	1
33816	1
74405	1
69394	1
72861	1
90597	1
6178	1
95587	1
47747	1
63814	1
86555	1
53223	1
74405	1
84996	1
10612	1
72159	1
53223	1
69834	1
69834	1
40243	1
20460	1
65479	1
71590	1
41289	1
14465	1
80425	1
41837	1
84996	1
99577	1
53223	1
80535	1
24757	1
60646	1
59243	1
48901	1
60912	1
84996	1
29029	1
62247	1
45015	1
16769	1
16769	1
6178	1
1717	1
31744	1
63814	1
39184	1
12499	1
49746	1
69010	1
29739	1
52997	1
82667	1
17744	1
74405	1
6830	1
16879	1
24348	1
91016	1
80425	1
74405	1
62633	1
89920	1
42879	1
7737	1
82750	1
41289	1
53399	1
84996	1
37652	1
95587	1
8591	1
68912	1
16769	1
83201	1
68275	1
5161	1
81548	1
46983	1
47525	1
83437	1
45889	1
27420	1
31426	1
6178	1
1717	1
27941	1
70926	1
93895	1
71503	1
26590	1
63814	1
84996	1
53223	1
22899	1
74405	1
63814	1
51554	1
93455	1
85212	1
98925	1
27609	1
29448	1
8482	1
55307	1
11405	1
80945	1
63814	1
6068	1
51554	1
24709	1
39616	1
48652	1
23082	1
8866	1
53223	1
38061	1
53223	1
41646	1
27360	1
51770	1
66328	1
8779	1
77386	1
9406	1
5821	1
38387	1
91016	1
53223	1
5414	1
6423	1
13867	1
49277	1
46076	1
66056	1
82887	1
74405	1
84996	1
74405	1
74405	1
6830	1
33490	1
1717	1
34804	1
43284	1
66793	1
77548	1
78669	1
13894	1
87894	1
47228	1
41117	1
19781	1
48652	1
2279	1
6288	1
74405	1
84996	1
67740	1
87454	1
74405	1
84996	1
34142	1
97393	1
74405	1
76830	1
5848	1
78376	1
25500	1
74405	1
65373	1
93264	1
58226	1
54782	1
48652	1
74405	1
59500	1
21666	1
27582	1
22374	1
22019	1
34360	1
1422	1
84996	1
51880	1
16879	1
12060	1
44764	1
24508	1
65919	1
89567	1
69695	1
84996	1
67196	1
48395	1
54975	1
26563	1
96129	1
81631	1
1717	1
53223	1
22899	1
30660	1
82534	1
1333	1
83713	1
27470	1
27902	1
4490	1
64329	1
20457	1
14795	1
74405	1
74405	1
46076	1
5960	1
62471	1
3587	1
75964	1
6178	1
50553	1
74405	1
74405	1
59243	1
8271	1
27360	1
84996	1
2952	1
98018	1
84996	1
80425	1
2840	1
49555	1
27360	1
74405	1
76493	1
90796	1
93125	1
47066	1
84996	1
84996	1
41289	1
47633	1
31633	1
28857	1
45011	1
32257	1
21035	1
158	1
72460	1
43147	1
27360	1
84996	1
54782	1
16655	1
63814	1
48652	1
3359	1
97146	1
57684	1
22538	1
74405	1
59463	1
63814	1
55100	1
45227	1
13977	1
53223	1
741	1
72846	1
89916	1
38061	1
1796	1
79082	1
98348	1
53223	1
33162	1
74405	1
71393	1
76290	1
1717	1
75	1
6178	1
74405	1
90769	1
74405	1
91126	1
85210	1
50211	1
7332	1
54778	1
99035	1
59243	1
74405	1
27453	1
76180	1
39587	1
23225	1
99797	1
74405	1
12524	1
54861	1
78955	1
16655	1
27360	1
95587	1
74405	1
17045	1
30372	1
60366	1
73365	1
74947	1
38061	1
3398	1
63430	1
68318	1
95587	1
1717	1
60225	1
8759	1
29905	1
22490	1
92714	1
91016	1
16769	1
44814	1
68491	1
40523	1
59918	1
68466	1
98738	1
51554	1
64975	1
30152	1
28915	1
93200	1
83493	1
7847	1
63783	1
34256	1
84996	1
51554	1
20759	1
30372	1
83649	1
80558	1
74405	1
74405	1
70915	1
158	1
48652	1
19781	1
95587	1
73390	1
91016	1
59326	1
3492	1
16769	1
86555	1
11144	1
74405	1
95587	1
9622	1
35228	1
59463	1
17311	1
63814	1
16879	1
22899	1
3878	1
5705	1
63814	1
74405	1
71416	1
65925	1
56314	1
16769	1
53655	1
72736	1
74405	1
20489	1
44081	1
27470	1
47144	1
70600	1
71574	1
13014	1
90602	1
92712	1
80425	1
30688	1
63814	1
34006	1
27829	1
30997	1
74947	1
4619	1
26920	1
74405	1
16769	1
74405	1
2259	1
72736	1
6830	1
63814	1
80535	1
84996	1
74405	1
71613	1
84996	1
86393	1
75564	1
17045	1
55324	1
54919	1
69944	1
20900	1
95587	1
85872	1
48652	1
30914	1
53223	1
70160	1
75964	1
82750	1
65433	1
98140	1
1717	1
84996	1
84996	1
90360	1
76456	1
15426	1
74405	1
56740	1
82414	1
86195	1
63814	1
66859	1
58039	1
8364	1
63297	1
32257	1
15210	1
78725	1
91126	1
74405	1
74405	1
89787	1
83869	1
97688	1
3471	1
54936	1
38061	1
78461	1
16769	1
16879	1
91761	1
12063	1
44733	1
84996	1
83979	1
37401	1
97391	1
4968	1
68108	1
13211	1
87751	1
48519	1
10965	1
86555	1
37543	1
41312	1
62471	1
99938	1
53223	1
94354	1
21155	1
98815	1
95587	1
70551	1
6178	1
48652	1
53223	1
63814	1
59214	1
24568	1
74405	1
25110	1
31327	1
29996	1
79576	1
17095	1
41036	1
74405	1
15096	1
17232	1
91126	1
11868	1
84996	1
22899	1
50973	1
8067	1
55644	1
58985	1
27360	1
85511	1
22322	1
74405	1
20543	1
47776	1
19922	1
12524	1
48652	1
48432	1
99828	1
84996	1
5385	1
10992	1
38061	1
7737	1
38265	1
77853	1
88440	1
63882	1
11835	1
82418	1
57240	1
45032	1
2840	1
5209	1
590	1
63814	1
72155	1
44357	1
16769	1
16879	1
53971	1
74405	1
27470	1
16769	1
88332	1
74405	1
66940	1
53223	1
42732	1
19781	1
374	1
71362	1
37947	1
95587	1
8731	1
35516	1
4862	1
75960	1
53223	1
84996	1
85571	1
35622	1
27360	1
74291	1
53435	1
94244	1
94570	1
16989	1
70376	1
93011	1
12308	1
27470	1
47776	1
22899	1
12308	1
88657	1
75357	1
74405	1
74405	1
91126	1
16769	1
76454	1
74405	1
59245	1
84996	1
1717	1
8586	1
29947	1
45067	1
26590	1
41179	1
38061	1
39726	1
45204	1
98072	1
88224	1
27470	1
13782	1
84996	1
41266	1
36409	1
63814	1
89783	1
80535	1
29874	1
99683	1
65373	1
55754	1
13894	1
29980	1
2319	1
45750	1
83437	1
7385	1
14193	1
42765	1
54696	1
38061	1
30839	1
7496	1
50211	1
43711	1
65589	1
62826	1
74405	1
38061	1
25801	1
74405	1
58120	1
58803	1
74405	1
27360	1
86501	1
7737	1
96694	1
16879	1
46983	1
27360	1
85982	1
27721	1
63814	1
15974	1
37077	1
44220	1
87151	1
23115	1
84996	1
48376	1
62687	1
17296	1
74405	1
90439	1
84488	1
43439	1
38061	1
18658	1
25560	1
44081	1
92901	1
87014	1
42194	1
77511	1
16989	1
6747	1
35496	1
32147	1
84996	1
68817	1
93368	1
67316	1
99255	1
95587	1
22011	1
96622	1
24568	1
16769	1
83437	1
8167	1
71393	1
76410	1
74405	1
33490	1
13830	1
59931	1
87101	1
14087	1
74405	1
93831	1
16769	1
48652	1
84535	1
1717	1
53711	1
21965	1
50562	1
55324	1
59789	1
62224	1
80755	1
8559	1
74405	1
59463	1
58363	1
74405	1
5958	1
9676	1
36172	1
68242	1
93735	1
63642	1
39620	1
74405	1
57647	1
2263	1
7297	1
53223	1
62830	1
65840	1
74947	1
89457	1
17099	1
74405	1
63814	1
8420	1
64030	1
63814	1
16879	1
65736	1
86555	1
53223	1
84772	1
44016	1
23474	1
16879	1
6178	1
41685	1
81299	1
22899	1
35049	1
38854	1
90055	1
50291	1
6502	1
37296	1
69834	1
46672	1
80535	1
2484	1
68711	1
84996	1
24348	1
53319	1
74405	1
27360	1
63814	1
57460	1
9022	1
63814	1
21340	1
63814	1
48652	1
70596	1
44191	1
84575	1
18563	1
97256	1
48652	1
16769	1
61128	1
74405	1
74405	1
20349	1
29135	1
30094	1
50504	1
91558	1
16769	1
41179	1
84996	1
24541	1
44137	1
68275	1
82310	1
43747	1
32121	1
48603	1
91699	1
65593	1
63486	1
74405	1
9622	1
6178	1
81123	1
98459	1
3602	1
60912	1
27470	1
63814	1
17315	1
27360	1
78094	1
78752	1
55705	1
84996	1
48843	1
2315	1
53223	1
45966	1
6288	1
24458	1
93728	1
53223	1
74405	1
74405	1
91126	1
6178	1
94028	1
9192	1
28809	1
81119	1
35489	1
97252	1
68063	1
74405	1
32147	1
74405	1
35489	1
43456	1
93619	1
93011	1
54782	1
6178	1
38061	1
16879	1
71445	1
74405	1
10496	1
76108	1
53223	1
70193	1
49025	1
52123	1
38061	1
84996	1
34617	1
53223	1
91942	1
15210	1
39726	1
60802	1
90042	1
17342	1
91126	1
7179	1
16879	1
89763	1
77687	1
7737	1
46786	1
31097	1
84340	1
3056	1
65809	1
39620	1
84996	1
38061	1
81291	1
53765	1
67258	1
63814	1
374	1
8860	1
57684	1
44191	1
40990	1
84996	1
84996	1
16383	1
83437	1
51653	1
53443	1
75964	1
69834	1
36502	1
12850	1
20323	1
50228	1
74405	1
18813	1
50537	1
34416	1
84583	1
68275	1
35724	1
40442	1
82358	1
370	1
65593	1
80668	1
16769	1
33490	1
59785	1
63814	1
32450	1
51554	1
63814	1
54205	1
78289	1
9406	1
86329	1
21523	1
87746	1
84996	1
26425	1
38061	1
9190	1
44623	1
84996	1
92423	1
1879	1
23527	1
53223	1
53223	1
53223	1
61022	1
12492	1
27470	1
99714	1
4945	1
64030	1
42711	1
66383	1
62853	1
95807	1
95587	1
60802	1
74405	1
56314	1
84996	1
57011	1
2541	1
49449	1
72846	1
12308	1
94244	1
23198	1
85212	1
58151	1
22926	1
78702	1
93505	1
26453	1
86555	1
60912	1
88162	1
84996	1
80425	1
73062	1
469	1
41509	1
35375	1
60802	1
84996	1
62255	1
30314	1
89264	1
81814	1
54782	1
74405	1
7760	1
81328	1
23441	1
4835	1
47093	1
74405	1
69724	1
62471	1
74405	1
41482	1
84425	1
44081	1
66029	1
8063	1
93891	1
42522	1
34850	1
94655	1
83516	1
89999	1
30404	1
74405	1
46983	1
89040	1
17894	1
78972	1
78866	1
28867	1
30105	1
53796	1
74405	1
25801	1
74405	1
59243	1
70955	1
84996	1
56777	1
79188	1
82175	1
63814	1
82094	1
50379	1
30183	1
89999	1
75964	1
58631	1
32203	1
97036	1
37044	1
22978	1
48652	1
46710	1
6828	1
74405	1
93225	1
54782	1
9709	1
80751	1
77957	1
50321	1
48212	1
26590	1
3272	1
74405	1
25801	1
74405	1
54562	1
2562	1
6288	1
29245	1
38061	1
89567	1
94601	1
16273	1
74405	1
5977	1
52979	1
38823	1
27360	1
2456	1
38061	1
38601	1
27360	1
15069	1
63814	1
94244	1
72842	1
29523	1
72846	1
85322	1
99031	1
39400	1
453	1
54782	1
53223	1
38499	1
29272	1
62255	1
66469	1
29245	1
38601	1
72846	1
72406	1
96739	1
39946	1
82094	1
3733	1
46983	1
43539	1
72736	1
16769	1
63814	1
95587	1
90879	1
16879	1
77087	1
84996	1
41941	1
31319	1
4937	1
75142	1
82094	1
72684	1
74405	1
92685	1
29166	1
20711	1
84996	1
85538	1
57103	1
78725	1
6178	1
90221	1
71691	1
86297	1
54724	1
6288	1
77110	1
23885	1
30372	1
57684	1
93667	1
48652	1
84313	1
26370	1
39202	1
893	1
44081	1
86555	1
42713	1
86618	1
65915	1
28423	1
51438	1
16879	1
13389	1
84023	1
89398	1
18654	1
80425	1
84199	1
53223	1
84996	1
13211	1
74405	1
17531	1
68134	1
74405	1
83869	1
82094	1
6178	1
8503	1
41605	1
63814	1
46316	1
62797	1
48	1
79769	1
15210	1
48131	1
16879	1
22085	1
74405	1
94267	1
6500	1
19781	1
53223	1
27360	1
94838	1
48652	1
814	1
63814	1
25801	1
60225	1
88000	1
74405	1
60912	1
50211	1
74405	1
13977	1
40523	1
35732	1
24722	1
95587	1
76272	1
62934	1
14330	1
70376	1
78775	1
47772	1
16140	1
91016	1
34150	1
60912	1
74405	1
59789	1
47093	1
36903	1
65699	1
79821	1
10425	1
13431	1
6178	1
93808	1
67916	1
15649	1
84996	1
71503	1
47245	1
78285	1
53223	1
80369	1
84996	1
71503	1
4835	1
44191	1
86555	1
88104	1
91778	1
44411	1
21556	1
65373	1
77523	1
74405	1
83951	1
38061	1
82750	1
99372	1
11384	1
6178	1
31931	1
6178	1
28234	1
77733	1
99035	1
24784	1
94244	1
12308	1
93737	1
44081	1
95587	1
47091	1
92901	1
1273	1
12423	1
20433	1
74405	1
91126	1
22619	1
88055	1
36778	1
53223	1
53223	1
74405	1
49194	1
1101	1
51031	1
73062	1
80425	1
34009	1
72846	1
69716	1
33833	1
84996	1
47969	1
65643	1
72155	1
10693	1
27360	1
38061	1
32674	1
36581	1
53223	1
38387	1
702	1
63484	1
95803	1
78099	1
46566	1
21556	1
62563	1
57564	1
27360	1
57684	1
9622	1
74405	1
97146	1
4266	1
86155	1
16879	1
48652	1
95587	1
35784	1
16769	1
16906	1
91126	1
31931	1
74405	1
69952	1
10992	1
74405	1
63814	1
84996	1
15040	1
41245	1
81328	1
82947	1
6178	1
21967	1
74405	1
95587	1
84996	1
74405	1
43450	1
71108	1
91126	1
12308	1
27360	1
48428	1
21340	1
97256	1
29874	1
1337	1
74405	1
47473	1
951	1
55002	1
82483	1
93808	1
63814	1
20371	1
60912	1
74405	1
57923	1
26401	1
96129	1
83174	1
25048	1
7737	1
88547	1
19997	1
63814	1
43064	1
53223	1
74405	1
74405	1
55928	1
48652	1
3276	1
63814	1
91016	1
74405	1
16879	1
18438	1
67582	1
57915	1
1717	1
46983	1
61298	1
58882	1
59243	1
78530	1
63814	1
80535	1
72846	1
80425	1
95587	1
16879	1
89343	1
75964	1
40963	1
25523	1
72736	1
56895	1
53223	1
89783	1
64356	1
68491	1
33922	1
6425	1
81214	1
32390	1
2813	1
7957	1
90219	1
71503	1
87093	1
63814	1
4065	1
45856	1
97146	1
16769	1
75964	1
74405	1
63814	1
76048	1
84996	1
43784	1
58963	1
30372	1
36498	1
71165	1
72516	1
4835	1
29954	1
53223	1
45982	1
93561	1
9186	1
26997	1
378	1
99438	1
95913	1
59361	1
75148	1
48652	1
47969	1
20134	1
15536	1
57684	1
65373	1
44081	1
51554	1
94406	1
13867	1
69834	1
8063	1
1441	1
63814	1
84996	1
48652	1
80095	1
16769	1
29575	1
72736	1
80232	1
90003	1
74405	1
15210	1
74405	1
93241	1
74405	1
66291	1
10666	1
53113	1
74405	1
84996	1
96023	1
10749	1
12524	1
26484	1
23115	1
29513	1
83281	1
74405	1
25526	1
44081	1
12308	1
51554	1
24458	1
31134	1
74405	1
52596	1
33133	1
25911	1
36718	1
49038	1
74405	1
951	1
38061	1
374	1
82474	1
72736	1
38061	1
79082	1
74405	1
67038	1
47668	1
68055	1
99754	1
16769	1
9574	1
53223	1
99608	1
74004	1
20489	1
87973	1
74405	1
43724	1
22735	1
13282	1
63167	1
27338	1
76973	1
38225	1
53738	1
44191	1
61128	1
27470	1
76251	1
65589	1
74922	1
35049	1
29816	1
7737	1
38061	1
33490	1
87757	1
55324	1
21446	1
44081	1
59429	1
84996	1
35954	1
63814	1
1717	1
74405	1
70376	1
96137	1
19673	1
88797	1
3276	1
38304	1
17450	1
43132	1
63814	1
23061	1
39620	1
16769	1
74405	1
69261	1
84996	1
48	1
63240	1
88855	1
882	1
53223	1
1717	1
74405	1
25064	1
45945	1
53223	1
31016	1
23923	1
90439	1
64929	1
79192	1
38061	1
59434	1
80425	1
86881	1
74405	1
72516	1
8067	1
96133	1
24564	1
49194	1
22899	1
57684	1
53223	1
52179	1
30372	1
33194	1
1717	1
63249	1
51880	1
12059	1
98535	1
84996	1
89615	1
14656	1
75223	1
68082	1
53223	1
84996	1
84996	1
98969	1
48224	1
33270	1
9732	1
53439	1
22899	1
17315	1
63814	1
84996	1
8860	1
56887	1
63814	1
63814	1
24541	1
23514	1
62255	1
47093	1
74405	1
74405	1
28153	1
48318	1
29720	1
95147	1
6178	1
85928	1
1619	1
90065	1
39176	1
48459	1
6178	1
63814	1
84996	1
46996	1
66249	1
7737	1
73853	1
12040	1
74405	1
25371	1
68358	1
12352	1
74621	1
65809	1
59243	1
16769	1
36469	1
40963	1
74405	1
84996	1
27669	1
43020	1
4945	1
63814	1
74405	1
74405	1
91043	1
62145	1
84996	1
16769	1
53223	1
95587	1
74405	1
374	1
44706	1
95587	1
74405	1
97748	1
82094	1
37044	1
62145	1
74405	1
4619	1
15426	1
22899	1
58152	1
63814	1
818	1
8279	1
16769	1
65779	1
59243	1
74405	1
74405	1
57047	1
69201	1
84996	1
46053	1
80755	1
74405	1
53964	1
7843	1
74405	1
86173	1
73477	1
84996	1
95587	1
48652	1
53223	1
29912	1
74405	1
72736	1
6244	1
97256	1
74405	1
1717	1
54782	1
38061	1
89520	1
4551	1
53223	1
38603	1
85461	1
80535	1
28012	1
94765	1
74405	1
75661	1
16769	1
94134	1
55370	1
84996	1
6557	1
49084	1
68499	1
33710	1
94176	1
90219	1
38277	1
83979	1
21039	1
54072	1
62255	1
80425	1
14193	1
74405	1
74405	1
74625	1
64356	1
15866	1
29249	1
91016	1
33490	1
74405	1
95855	1
30887	1
96569	1
63814	1
71723	1
24344	1
65373	1
74405	1
69944	1
28892	1
374	1
13211	1
12308	1
74405	1
95780	1
6288	1
88327	1
85538	1
15210	1
57684	1
63617	1
25253	1
86582	1
92743	1
47524	1
1717	1
27685	1
79462	1
8860	1
84996	1
59461	1
45283	1
36481	1
63837	1
51554	1
94111	1
63918	1
68491	1
16879	1
74405	1
53223	1
69834	1
84996	1
54778	1
80425	1
74405	1
75167	1
48432	1
6288	1
84996	1
27682	1
12308	1
87303	1
94028	1
83653	1
84996	1
12308	1
52293	1
80535	1
51245	1
38270	1
9769	1
8549	1
9763	1
88891	1
27470	1
73442	1
44081	1
74405	1
32693	1
66818	1
42165	1
74405	1
67233	1
34719	1
33397	1
96532	1
18874	1
27360	1
16769	1
39620	1
86453	1
59067	1
20464	1
36502	1
7623	1
36635	1
77849	1
53223	1
74405	1
89457	1
63814	1
24944	1
42522	1
74405	1
65373	1
9647	1
63609	1
29488	1
16769	1
43724	1
59243	1
95587	1
76180	1
95803	1
25197	1
80535	1
48652	1
64356	1
44733	1
53223	1
53223	1
35383	1
47855	1
360	1
52687	1
48652	1
70289	1
29029	1
84996	1
74405	1
12551	1
74405	1
8271	1
60582	1
76762	1
19860	1
68362	1
57649	1
60225	1
19781	1
48652	1
16715	1
67930	1
9286	1
89567	1
84996	1
38883	1
6911	1
36502	1
12308	1
91668	1
47751	1
84996	1
19684	1
80425	1
69641	1
16769	1
39346	1
48405	1
7384	1
82115	1
24566	1
23939	1
48758	1
45530	1
16659	1
74405	1
79302	1
725	1
84996	1
94410	1
93175	1
49632	1
74405	1
33816	1
84996	1
48652	1
68275	1
31931	1
50321	1
73062	1
84996	1
88334	1
14024	1
25801	1
27360	1
73581	1
15210	1
84996	1
42169	1
74405	1
74405	1
2766	1
5549	1
63814	1
38129	1
42711	1
374	1
27470	1
22417	1
10614	1
42522	1
74405	1
40963	1
25486	1
74405	1
96530	1
74947	1
84996	1
29851	1
20597	1
63814	1
29994	1
66548	1
28572	1
74405	1
75964	1
58803	1
84996	1
11652	1
96133	1
65589	1
14087	1
31931	1
54342	1
51554	1
84996	1
58064	1
37669	1
34491	1
73874	1
88488	1
80253	1
22239	1
75962	1
6581	1
52556	1
6641	1
75966	1
80425	1
74405	1
53223	1
55575	1
80425	1
68491	1
44191	1
12850	1
26652	1
53614	1
15426	1
50537	1
63814	1
74405	1
74405	1
1597	1
72846	1
22322	1
69944	1
84996	1
83190	1
93291	1
3182	1
84996	1
91126	1
6178	1
74405	1
56667	1
15752	1
24715	1
94151	1
88114	1
74405	1
27360	1
16769	1
90176	1
90360	1
42825	1
69614	1
22399	1
55071	1
92453	1
63814	1
22430	1
12867	1
91016	1
74405	1
94024	1
45393	1
53223	1
91126	1
11291	1
94998	1
70629	1
91246	1
13917	1
88170	1
63814	1
53223	1
76587	1
24599	1
84996	1
76211	1
67712	1
74405	1
97146	1
95803	1
69834	1
14170	1
55434	1
53796	1
20323	1
73278	1
68491	1
74405	1
63814	1
13452	1
84996	1
74405	1
94075	1
44081	1
74567	1
83329	1
4619	1
95450	1
61242	1
74405	1
74405	1
59868	1
74405	1
50973	1
53223	1
77016	1
37374	1
75964	1
21446	1
29135	1
92162	1
35439	1
61676	1
80535	1
88114	1
74405	1
2373	1
92901	1
95587	1
5821	1
40523	1
53223	1
30476	1
97335	1
43178	1
79352	1
48683	1
63704	1
33490	1
59679	1
42109	1
86555	1
41694	1
951	1
26210	1
4619	1
33085	1
20001	1
63814	1
91687	1
14907	1
47328	1
6178	1
17311	1
2257	1
8279	1
27470	1
36222	1
80425	1
86555	1
25608	1
74405	1
75711	1
53223	1
84996	1
40743	1
6178	1
81737	1
94404	1
17975	1
6178	1
27250	1
74405	1
3276	1
22899	1
84996	1
820	1
74405	1
42408	1
4619	1
14193	1
53439	1
48652	1
23335	1
74405	1
27686	1
6261	1
12713	1
45750	1
89567	1
65593	1
48868	1
99601	1
1717	1
26127	1
45966	1
44081	1
84996	1
95587	1
69477	1
11380	1
48	1
12308	1
3284	1
97146	1
88224	1
74405	1
6178	1
14193	1
81843	1
9035	1
74405	1
95587	1
50132	1
30590	1
90522	1
77433	1
63814	1
23849	1
19781	1
84996	1
35159	1
19655	1
62224	1
74405	1
89293	1
64750	1
59243	1
48652	1
63814	1
27360	1
75667	1
96133	1
78993	1
1567	1
56230	1
51880	1
63814	1
62279	1
84996	1
70924	1
92249	1
65589	1
17861	1
14656	1
47859	1
7817	1
85451	1
700	1
49171	1
12308	1
78733	1
20281	1
78949	1
57680	1
91016	1
74405	1
26747	1
60854	1
45530	1
70081	1
27360	1
63814	1
2979	1
73278	1
48652	1
42311	1
74405	1
14085	1
51693	1
84996	1
95587	1
56420	1
63814	1
4835	1
23119	1
77743	1
74405	1
96816	1
74405	1
2836	1
6178	1
45698	1
32805	1
80425	1
16989	1
84996	1
38061	1
53223	1
15210	1
16769	1
74405	1
14739	1
81745	1
91126	1
16879	1
50448	1
7320	1
14330	1
74405	1
74405	1
81864	1
9678	1
74405	1
84996	1
81658	1
86555	1
6288	1
59469	1
44191	1
19061	1
91501	1
18764	1
20354	1
27360	1
69276	1
16769	1
74405	1
6185	1
74405	1
79082	1
86747	1
69834	1
77602	1
15214	1
1107	1
52783	1
44654	1
61705	1
84996	1
88674	1
4948	1
35269	1
51083	1
16769	1
84996	1
64066	1
52596	1
52027	1
74405	1
89347	1
65543	1
34393	1
6178	1
43091	1
1161	1
74405	1
30808	1
38883	1
60908	1
68711	1
2178	1
96589	1
1933	1
59243	1
30372	1
61022	1
7737	1
25523	1
74405	1
16879	1
18575	1
55324	1
41436	1
55158	1
94244	1
73062	1
80535	1
60445	1
74405	1
74405	1
63814	1
74405	1
53223	1
88224	1
76315	1
85102	1
63814	1
41023	1
75175	1
53223	1
16879	1
22899	1
32147	1
16879	1
16879	1
89264	1
95587	1
63814	1
33149	1
14170	1
45530	1
63814	1
92901	1
58739	1
95587	1
40496	1
27470	1
87317	1
17139	1
40826	1
27470	1
59770	1
74405	1
24705	1
56588	1
47525	1
97061	1
31493	1
51554	1
16879	1
71719	1
93152	1
27360	1
9402	1
74405	1
95587	1
95587	1
63814	1
29712	1
91016	1
53223	1
63814	1
25664	1
74405	1
80906	1
8364	1
99031	1
99700	1
53223	1
80535	1
78311	1
4619	1
77633	1
72386	1
27902	1
68275	1
88224	1
27470	1
5373	1
89783	1
8667	1
93561	1
62691	1
18301	1
74405	1
53223	1
36938	1
74405	1
5983	1
74046	1
74405	1
35682	1
31352	1
53003	1
63814	1
59243	1
19781	1
91546	1
53875	1
78332	1
17838	1
63814	1
27245	1
21139	1
16769	1
453	1
1717	1
84996	1
53223	1
48405	1
98238	1
16769	1
74405	1
19144	1
59459	1
59924	1
74405	1
82331	1
1717	1
10135	1
74405	1
91126	1
30372	1
2616	1
6178	1
84996	1
84996	1
35815	1
95803	1
2753	1
74405	1
1717	1
26045	1
63814	1
50213	1
69232	1
32147	1
19781	1
63947	1
74405	1
95587	1
53223	1
35615	1
73278	1
10965	1
84996	1
98408	1
77567	1
51770	1
3276	1
92444	1
63814	1
25274	1
53252	1
68491	1
63814	1
39599	1
25424	1
73062	1
56173	1
14218	1
59671	1
44040	1
54396	1
55413	1
24323	1
71640	1
68491	1
43531	1
74405	1
59974	1
60005	1
55324	1
16769	1
74405	1
63814	1
53223	1
79082	1
16769	1
19781	1
46983	1
74405	1
63814	1
33241	1
45530	1
63484	1
24191	1
96926	1
19781	1
59378	1
3783	1
38061	1
74405	1
53223	1
64607	1
6178	1
84996	1
58502	1
74405	1
87537	1
60852	1
63814	1
52673	1
6149	1
40963	1
34831	1
98512	1
86555	1
8374	1
13950	1
582	1
47992	1
95587	1
29355	1
38848	1
9323	1
53113	1
74405	1
75092	1
84996	1
53223	1
84996	1
42848	1
88224	1
89457	1
10749	1
7627	1
84996	1
5275	1
74405	1
40361	1
26941	1
59953	1
74405	1
80425	1
56293	1
69708	1
30410	1
94074	1
15536	1
74405	1
44081	1
44467	1
58010	1
53223	1
73141	1
16879	1
29199	1
90057	1
60744	1
74405	1
12331	1
23310	1
79192	1
22351	1
50894	1
85403	1
6049	1
7627	1
95587	1
67858	1
15316	1
78866	1
53223	1
29552	1
74405	1
94028	1
92340	1
84996	1
74405	1
56837	1
54782	1
63814	1
44782	1
90692	1
51581	1
31989	1
21340	1
4626	1
67258	1
80425	1
74405	1
9406	1
95886	1
77743	1
27470	1
81874	1
74405	1
47431	1
15096	1
18438	1
30372	1
30372	1
30372	1
99828	1
16769	1
80535	1
72346	1
1993	1
53223	1
56459	1
20323	1
22899	1
74405	1
94028	1
31463	1
53223	1
10749	1
2043	1
83437	1
95587	1
74405	1
81874	1
57684	1
53223	1
58282	1
84996	1
41505	1
89619	1
24784	1
86943	1
65915	1
26563	1
69724	1
10188	1
47525	1
58647	1
95587	1
44984	1
53223	1
74405	1
13977	1
76184	1
80535	1
39946	1
57217	1
84996	1
74405	1
24568	1
84996	1
77280	1
29280	1
96353	1
74405	1
19781	1
32697	1
89451	1
23829	1
23626	1
74511	1
84996	1
16769	1
44631	1
38061	1
63704	1
84996	1
74405	1
28286	1
74405	1
32253	1
42522	1
84996	1
27470	1
79648	1
71368	1
2043	1
74405	1
6178	1
53223	1
31931	1
70486	1
48652	1
74405	1
102	1
15536	1
12308	1
80751	1
35811	1
23115	1
16879	1
83617	1
20988	1
68491	1
89123	1
25164	1
92625	1
82555	1
95587	1
84859	1
94267	1
1933	1
84996	1
78769	1
59243	1
37783	1
26127	1
74405	1
59243	1
63814	1
70068	1
74405	1
34048	1
21739	1
71393	1
50211	1
32477	1
95587	1
4835	1
42522	1
77741	1
25359	1
95417	1
67694	1
84996	1
7135	1
84996	1
15210	1
93694	1
57684	1
10132	1
62471	1
72371	1
12308	1
56808	1
94244	1
1310	1
59243	1
64034	1
79875	1
74405	1
2479	1
77434	1
84996	1
52634	1
68275	1
30588	1
74405	1
42931	1
75364	1
39400	1
89403	1
54938	1
31931	1
89457	1
49881	1
74405	1
7017	1
15183	1
2259	1
7623	1
41289	1
47749	1
48	1
53223	1
95587	1
16239	1
57755	1
31684	1
22899	1
12308	1
55324	1
84996	1
70214	1
6205	1
12308	1
63223	1
63814	1
30214	1
76506	1
74405	1
6830	1
27360	1
16769	1
63814	1
25023	1
65072	1
63814	1
39813	1
4258	1
84996	1
44081	1
84996	1
92901	1
20213	1
11704	1
57464	1
55525	1
91016	1
68711	1
99592	1
63814	1
20900	1
35375	1
74405	1
63814	1
7208	1
15426	1
80095	1
19034	1
32390	1
48652	1
74405	1
71723	1
53223	1
82381	1
74488	1
27470	1
84996	1
84996	1
86194	1
44191	1
6863	1
59201	1
30588	1
34808	1
58960	1
14739	1
58122	1
3795	1
95587	1
46406	1
31931	1
91016	1
53223	1
16769	1
50321	1
1717	1
16769	1
58214	1
27360	1
72736	1
24717	1
72736	1
16769	1
84089	1
40458	1
80535	1
48248	1
6178	1
90549	1
25575	1
6178	1
23119	1
63316	1
10485	1
63814	1
3492	1
65527	1
15333	1
50285	1
4229	1
51770	1
25288	1
12250	1
369	1
21340	1
6990	1
52862	1
46026	1
53223	1
91126	1
12964	1
27258	1
53223	1
3492	1
38061	1
63594	1
41534	1
4945	1
74405	1
46763	1
15536	1
38061	1
64956	1
74405	1
94028	1
91126	1
53223	1
84996	1
16688	1
96569	1
97092	1
71393	1
44984	1
6064	1
51714	1
71833	1
2616	1
74405	1
8239	1
84996	1
53223	1
90599	1
4771	1
40300	1
57900	1
55507	1
12850	1
84996	1
95587	1
61022	1
60229	1
15210	1
4835	1
74405	1
22899	1
38277	1
84996	1
28915	1
53223	1
74405	1
75738	1
6504	1
16879	1
51098	1
96573	1
89750	1
37841	1
59243	1
74405	1
7737	1
64356	1
81282	1
3602	1
51950	1
98458	1
89291	1
31653	1
27360	1
93903	1
93011	1
54473	1
16769	1
15210	1
18934	1
50911	1
38277	1
74405	1
39620	1
95280	1
75964	1
27470	1
1717	1
84996	1
84996	1
95803	1
15183	1
49634	1
84996	1
15426	1
91126	1
22899	1
74405	1
14990	1
44081	1
7536	1
84996	1
14193	1
54619	1
37746	1
91585	1
50944	1
24400	1
56341	1
16769	1
91861	1
56895	1
80535	1
91126	1
30183	1
84996	1
29671	1
63814	1
91342	1
74405	1
27360	1
8648	1
9846	1
27470	1
91126	1
76506	1
91126	1
86985	1
51554	1
34766	1
32973	1
97200	1
25608	1
35049	1
46076	1
62139	1
74405	1
25471	1
80425	1
80425	1
58914	1
30372	1
53223	1
59506	1
80535	1
4615	1
88384	1
37067	1
16769	1
31931	1
51837	1
18436	1
30919	1
12308	1
13730	1
74405	1
69834	1
33349	1
89501	1
84336	1
52563	1
47464	1
45204	1
74405	1
53223	1
84996	1
96050	1
6830	1
79781	1
21440	1
16879	1
34391	1
37167	1
66739	1
84996	1
95803	1
71472	1
4590	1
24458	1
34895	1
12308	1
89976	1
32280	1
77116	1
6288	1
74405	1
48652	1
84996	1
53223	1
89787	1
80174	1
30148	1
33679	1
49011	1
84996	1
74405	1
84996	1
39529	1
34939	1
92249	1
69882	1
21120	1
21120	1
86441	1
49207	1
28813	1
63814	1
11652	1
71452	1
7627	1
28338	1
80535	1
44270	1
47940	1
63586	1
66932	1
37401	1
16092	1
53223	1
75964	1
20818	1
37062	1
25801	1
38061	1
74405	1
63814	1
74405	1
65948	1
10965	1
55793	1
89343	1
38061	1
81392	1
84996	1
94107	1
27603	1
74405	1
74405	1
51278	1
84996	1
95587	1
67223	1
82638	1
74405	1
66932	1
74841	1
27470	1
41422	1
19860	1
44191	1
94731	1
92685	1
51390	1
38061	1
59243	1
92002	1
99577	1
15613	1
92116	1
590	1
27360	1
51413	1
2493	1
84996	1
23387	1
12308	1
50842	1
24705	1
25093	1
27360	1
39616	1
27470	1
51880	1
76958	1
21340	1
18549	1
7737	1
45330	1
30588	1
72846	1
48652	1
79408	1
91125	1
53659	1
66712	1
89252	1
63814	1
38061	1
27267	1
38769	1
74405	1
95587	1
74405	1
20296	1
6178	1
63814	1
97688	1
52069	1
10373	1
22926	1
99045	1
86475	1
49246	1
93555	1
78368	1
74405	1
53767	1
79082	1
62145	1
65334	1
10749	1
48652	1
81548	1
1230	1
86572	1
16769	1
51876	1
80535	1
76427	1
75964	1
37924	1
84996	1
5821	1
84996	1
11541	1
64030	1
42296	1
13640	1
33039	1
91126	1
18218	1
83154	1
89550	1
15532	1
87097	1
6178	1
15210	1
65373	1
74405	1
74405	1
37895	1
82003	1
36718	1
36394	1
74681	1
89622	1
21882	1
48725	1
95064	1
50385	1
59243	1
62145	1
18002	1
8719	1
56086	1
76180	1
47525	1
84996	1
56898	1
74405	1
25801	1
3903	1
85951	1
74405	1
53223	1
1304	1
15536	1
11216	1
59486	1
11207	1
84996	1
33600	1
73818	1
16879	1
48868	1
85376	1
69307	1
27682	1
22899	1
65373	1
9190	1
92228	1
91016	1
90003	1
16769	1
48	1
56341	1
95095	1
66220	1
53223	1
14026	1
10276	1
1717	1
59843	1
15210	1
72846	1
44764	1
90796	1
14075	1
10141	1
22102	1
84996	1
48740	1
74405	1
70735	1
26532	1
8663	1
70486	1
69421	1
77444	1
59243	1
84996	1
94028	1
36031	1
9732	1
84365	1
95587	1
27682	1
20991	1
51959	1
97256	1
51357	1
33490	1
3928	1
536	1
74405	1
69938	1
7737	1
45750	1
17421	1
53223	1
88633	1
75964	1
55808	1
57528	1
50975	1
59046	1
58226	1
68601	1
48052	1
41337	1
38555	1
16219	1
13647	1
62255	1
59243	1
1717	1
71503	1
53223	1
68601	1
38061	1
39946	1
87728	1
25801	1
14473	1
89457	1
91016	1
84996	1
74405	1
63814	1
12304	1
84996	1
48652	1
3899	1
83144	1
2043	1
74405	1
98815	1
53223	1
95587	1
8306	1
97852	1
20624	1
95587	1
53223	1
80425	1
27360	1
16196	1
74405	1
26140	1
74405	1
84996	1
72925	1
25911	1
73234	1
81108	1
92089	1
59243	1
808	1
23908	1
84996	1
59239	1
67038	1
1933	1
66548	1
74405	1
12576	1
1717	1
17672	1
95587	1
33490	1
61128	1
6668	1
16769	1
55195	1
35811	1
74405	1
81042	1
33297	1
74405	1
53223	1
7289	1
69556	1
95587	1
73330	1
27902	1
79192	1
36720	1
62417	1
14279	1
46327	1
82517	1
74405	1
51660	1
91016	1
78181	1
42954	1
84309	1
84073	1
84313	1
50378	1
70486	1
74405	1
98975	1
16769	1
3434	1
48652	1
32693	1
99768	1
80425	1
22320	1
53223	1
74405	1
19781	1
16769	1
38061	1
74405	1
16180	1
54782	1
84280	1
69834	1
26817	1
74947	1
7496	1
94244	1
80425	1
81735	1
27360	1
29868	1
32082	1
90985	1
95367	1
63814	1
65373	1
5440	1
30013	1
67256	1
72155	1
94028	1
20166	1
95064	1
84996	1
96187	1
60225	1
86555	1
22735	1
74405	1
74947	1
21475	1
61132	1
59243	1
74405	1
74405	1
95587	1
94570	1
14193	1
80141	1
74405	1
91016	1
68055	1
93808	1
30372	1
23021	1
69834	1
36191	1
80645	1
91805	1
75567	1
66650	1
80425	1
6496	1
80425	1
16769	1
91126	1
78146	1
98080	1
40386	1
20873	1
36392	1
42325	1
47066	1
60497	1
24282	1
80425	1
73610	1
53223	1
9190	1
76465	1
29108	1
14158	1
26127	1
27360	1
74405	1
34275	1
77849	1
63814	1
12088	1
89457	1
7737	1
89567	1
35379	1
75964	1
28533	1
83546	1
56887	1
97472	1
44843	1
93088	1
73450	1
80411	1
84315	1
94574	1
57900	1
83873	1
66463	1
21120	1
91016	1
74405	1
29297	1
14417	1
27686	1
68275	1
84996	1
74405	1
74405	1
16989	1
74405	1
16628	1
21336	1
70984	1
40963	1
59764	1
48901	1
72204	1
84996	1
83051	1
27360	1
63814	1
53223	1
91047	1
97146	1
38061	1
94244	1
21886	1
64246	1
65176	1
21556	1
95587	1
53506	1
7683	1
63814	1
74405	1
96793	1
94024	1
12854	1
44646	1
53223	1
26848	1
75964	1
83759	1
61788	1
22295	1
19781	1
59	1
74405	1
53655	1
48652	1
81077	1
39180	1
29791	1
74405	1
84996	1
4835	1
28813	1
42355	1
63814	1
1576	1
21201	1
17450	1
76180	1
27360	1
63814	1
83424	1
66756	1
5622	1
51214	1
51413	1
74405	1
17622	1
74164	1
23441	1
38281	1
4397	1
92002	1
52181	1
70891	1
47529	1
15837	1
84996	1
36392	1
53223	1
84996	1
40963	1
15210	1
42358	1
27360	1
53984	1
84996	1
69834	1
48652	1
72736	1
69647	1
74405	1
30372	1
91126	1
72516	1
91016	1
68255	1
1717	1
51031	1
57900	1
84996	1
12308	1
17421	1
62708	1
40963	1
60165	1
89862	1
80967	1
78866	1
20323	1
74405	1
41505	1
36911	1
63814	1
63814	1
60005	1
74405	1
93916	1
84340	1
48488	1
41291	1
88677	1
16796	1
84996	1
63814	1
59243	1
84996	1
59243	1
27686	1
74405	1
38937	1
22899	1
16879	1
53223	1
74405	1
5734	1
58965	1
25911	1
95587	1
43917	1
16769	1
13867	1
12524	1
5495	1
44191	1
65300	1
74621	1
74405	1
53223	1
35487	1
96193	1
92905	1
86802	1
12308	1
4167	1
33816	1
8283	1
41179	1
80425	1
23389	1
63814	1
56723	1
50722	1
23237	1
65373	1
65346	1
16879	1
11652	1
10269	1
74405	1
70926	1
36718	1
84996	1
59243	1
78098	1
16769	1
46406	1
77137	1
63814	1
92002	1
16769	1
78646	1
55002	1
90765	1
53223	1
14118	1
6178	1
13314	1
74405	1
74405	1
95913	1
7737	1
74405	1
63704	1
12978	1
66255	1
91126	1
46983	1
48652	1
14938	1
13593	1
74405	1
53223	1
41837	1
84996	1
15536	1
84064	1
6178	1
19283	1
38281	1
78440	1
74405	1
27937	1
4702	1
80199	1
91016	1
33795	1
5165	1
69917	1
16769	1
16769	1
49387	1
30945	1
47093	1
53223	1
62255	1
79192	1
63893	1
63814	1
48652	1
49358	1
69834	1
12308	1
69944	1
33490	1
80425	1
48652	1
3498	1
95587	1
63562	1
37173	1
97281	1
84996	1
74405	1
58010	1
37565	1
6778	1
69892	1
29600	1
80425	1
71393	1
63814	1
59243	1
6178	1
61022	1
72736	1
133	1
17315	1
46983	1
91016	1
12477	1
16769	1
74405	1
74405	1
84996	1
88114	1
62471	1
1337	1
41505	1
49418	1
22899	1
62797	1
33876	1
69834	1
16769	1
4802	1
16769	1
50431	1
74405	1
63814	1
84996	1
29245	1
27470	1
55324	1
65840	1
94244	1
64202	1
92272	1
18631	1
38061	1
74424	1
5161	1
75771	1
2421	1
91126	1
72298	1
53223	1
65481	1
27360	1
74405	1
27030	1
62492	1
79895	1
74405	1
59866	1
98238	1
74405	1
74710	1
62145	1
25801	1
10195	1
94244	1
98858	1
59144	1
54232	1
66469	1
16769	1
11185	1
12308	1
30808	1
5024	1
31939	1
63814	1
74621	1
59243	1
5718	1
39701	1
37909	1
74405	1
38881	1
31931	1
58654	1
26127	1
21336	1
39867	1
82090	1
34	1
95587	1
74129	1
86202	1
12524	1
85291	1
80425	1
59243	1
15426	1
40986	1
62145	1
31408	1
59539	1
91919	1
74405	1
63704	1
80358	1
31927	1
21556	1
79088	1
21556	1
40919	1
48652	1
63814	1
71063	1
33490	1
11625	1
77523	1
31931	1
74405	1
56341	1
16495	1
16769	1
94028	1
3281	1
31711	1
16879	1
19841	1
53655	1
56094	1
72736	1
98898	1
66876	1
16879	1
84996	1
66652	1
71279	1
76315	1
74405	1
62255	1
70926	1
35375	1
16769	1
53113	1
46217	1
33600	1
26345	1
67326	1
31354	1
63704	1
6288	1
58747	1
22899	1
69834	1
69944	1
47313	1
35028	1
73876	1
58226	1
95587	1
48434	1
26297	1
94350	1
95587	1
27360	1
63704	1
76772	1
41258	1
39620	1
53223	1
4945	1
72736	1
67532	1
43971	1
57684	1
10674	1
59243	1
17398	1
48652	1
48	1
74947	1
41505	1
78725	1
54998	1
84996	1
29096	1
28012	1
69546	1
20213	1
1933	1
68794	1
4945	1
39176	1
26123	1
16879	1
37181	1
84996	1
3145	1
64356	1
53223	1
88400	1
29139	1
74405	1
8640	1
52908	1
86427	1
64387	1
67097	1
72736	1
32226	1
31331	1
74405	1
23661	1
44623	1
89438	1
29332	1
62591	1
14114	1
14278	1
41949	1
76582	1
84996	1
84996	1
90279	1
60510	1
5817	1
88855	1
83437	1
65012	1
76180	1
23063	1
44733	1
80535	1
38252	1
65701	1
53223	1
25936	1
16769	1
90848	1
4619	1
63814	1
84996	1
74405	1
16879	1
63814	1
675	1
20165	1
15289	1
1717	1
23985	1
74405	1
95253	1
38061	1
25911	1
1717	1
76726	1
16879	1
53223	1
35375	1
44191	1
12308	1
5605	1
29915	1
19168	1
24568	1
76867	1
6381	1
53223	1
1497	1
64929	1
8970	1
59243	1
16769	1
30368	1
13977	1
74405	1
87917	1
16769	1
74405	1
2767	1
74405	1
36392	1
35940	1
71805	1
22206	1
39564	1
33314	1
44706	1
91311	1
61045	1
40166	1
16879	1
63814	1
20213	1
45530	1
4042	1
44081	1
74405	1
91211	1
93015	1
7737	1
48030	1
74405	1
9842	1
88548	1
43797	1
74405	1
27470	1
28616	1
48	1
3532	1
18909	1
30563	1
24238	1
5844	1
88664	1
53223	1
50973	1
74405	1
21592	1
66539	1
58062	1
69834	1
80425	1
16769	1
63202	1
27360	1
16769	1
3350	1
69944	1
69834	1
10649	1
27470	1
49308	1
51793	1
74405	1
72626	1
10749	1
74757	1
84996	1
84996	1
12308	1
27470	1
55874	1
51880	1
30372	1
39240	1
74405	1
67698	1
75100	1
2811	1
51178	1
30588	1
53223	1
75308	1
66712	1
12350	1
92901	1
56561	1
79840	1
63814	1
37785	1
6178	1
72736	1
84169	1
40654	1
3907	1
77303	1
90439	1
80535	1
65844	1
34311	1
74405	1
78509	1
38877	1
52198	1
94138	1
8526	1
94028	1
63814	1
95587	1
33129	1
94354	1
74405	1
27360	1
36502	1
38061	1
74405	1
6288	1
16769	1
69834	1
62728	1
6178	1
89457	1
41505	1
41179	1
99608	1
53223	1
72539	1
9379	1
27360	1
93561	1
63374	1
49775	1
27360	1
84996	1
99438	1
41505	1
63814	1
84996	1
83610	1
43064	1
74405	1
75260	1
84996	1
36045	1
95587	1
54114	1
92901	1
62228	1
2352	1
23441	1
89457	1
6178	1
3575	1
81187	1
55681	1
53223	1
94640	1
65373	1
1717	1
72155	1
83113	1
38061	1
85899	1
96187	1
18841	1
72406	1
12308	1
31618	1
25911	1
24481	1
33156	1
68435	1
32511	1
67179	1
6037	1
91126	1
61140	1
12308	1
23557	1
19781	1
84996	1
31134	1
74102	1
30372	1
38443	1
13890	1
63814	1
65589	1
98919	1
95587	1
92685	1
91614	1
13194	1
46133	1
65373	1
74625	1
95587	1
60991	1
74405	1
38061	1
79911	1
9622	1
64810	1
67698	1
92901	1
95587	1
87925	1
53443	1
95473	1
57684	1
48507	1
74405	1
95587	1
7847	1
92928	1
67611	1
74405	1
42848	1
51880	1
74841	1
56561	1
58226	1
40321	1
14656	1
22650	1
80425	1
57234	1
75501	1
74928	1
65919	1
51990	1
63814	1
64030	1
91126	1
74405	1
94858	1
594	1
86580	1
93502	1
74405	1
14770	1
68601	1
35269	1
95587	1
15868	1
68491	1
92685	1
47942	1
97946	1
95425	1
22899	1
16825	1
69404	1
91126	1
65259	1
71393	1
4015	1
45970	1
63814	1
66031	1
53223	1
47508	1
84996	1
1823	1
76730	1
84996	1
19997	1
48652	1
55345	1
95587	1
57790	1
6178	1
12493	1
38387	1
43342	1
53223	1
58907	1
37374	1
75111	1
95587	1
73149	1
64254	1
20217	1
72846	1
79192	1
99110	1
13867	1
63814	1
60088	1
42367	1
91558	1
11943	1
77083	1
52862	1
45746	1
24784	1
81410	1
48652	1
96546	1
31931	1
74405	1
44773	1
74405	1
84992	1
63814	1
26453	1
86474	1
39620	1
74405	1
3088	1
48652	1
91126	1
77849	1
46983	1
84996	1
43228	1
91126	1
74405	1
1717	1
66155	1
47529	1
31931	1
6178	1
45746	1
74405	1
48652	1
18324	1
63814	1
82310	1
8420	1
61128	1
9732	1
42844	1
77797	1
2965	1
36635	1
62328	1
81077	1
80535	1
6504	1
69834	1
33160	1
6178	1
27466	1
69556	1
99172	1
32147	1
77253	1
53223	1
16518	1
78285	1
32282	1
74405	1
27360	1
94028	1
17838	1
54782	1
27360	1
21199	1
34866	1
43064	1
53223	1
29575	1
62145	1
4659	1
75717	1
54782	1
71640	1
46983	1
71802	1
63814	1
70166	1
69940	1
86937	1
67258	1
41345	1
44108	1
58470	1
53223	1
79082	1
23225	1
75524	1
53223	1
96895	1
4619	1
12308	1
74405	1
47641	1
74405	1
74405	1
60802	1
10733	1
48868	1
74405	1
18654	1
38061	1
84996	1
74405	1
31493	1
34200	1
62008	1
96602	1
53223	1
57790	1
74405	1
80535	1
53223	1
83869	1
66232	1
82669	1
74405	1
36255	1
63814	1
84996	1
54053	1
44243	1
56557	1
89702	1
56341	1
69940	1
16769	1
63814	1
30148	1
44191	1
68067	1
95587	1
27470	1
16769	1
33600	1
1937	1
32473	1
89567	1
69473	1
74405	1
7847	1
84996	1
13427	1
67478	1
74405	1
80751	1
20217	1
83537	1
94028	1
74405	1
27360	1
47068	1
44654	1
62471	1
32477	1
68105	1
18878	1
53223	1
35857	1
91016	1
74405	1
51083	1
59243	1
36392	1
97005	1
47309	1
53223	1
79082	1
39615	1
27360	1
16769	1
74405	1
2153	1
80780	1
16769	1
26482	1
14439	1
74405	1
74405	1
74405	1
11208	1
48652	1
84996	1
64030	1
55434	1
78673	1
83437	1
84996	1
91126	1
95766	1
57464	1
84996	1
74405	1
90032	1
54096	1
2117	1
84996	1
21882	1
1190	1
34451	1
48899	1
61705	1
16769	1
69834	1
95587	1
66932	1
91016	1
30478	1
23661	1
86555	1
38061	1
11185	1
27603	1
48652	1
46350	1
64697	1
85212	1
18307	1
74405	1
59459	1
73741	1
7737	1
69041	1
41480	1
60802	1
12308	1
80425	1
84996	1
88224	1
10749	1
21336	1
24385	1
21340	1
86061	1
84996	1
53223	1
56478	1
38561	1
15866	1
86555	1
76232	1
71256	1
62145	1
96723	1
83437	1
74405	1
99911	1
38962	1
52378	1
24341	1
35128	1
53875	1
6767	1
69834	1
41698	1
62471	1
5030	1
80425	1
6801	1
47396	1
82210	1
59490	1
98466	1
33490	1
74405	1
74405	1
25704	1
50321	1
84996	1
89169	1
15210	1
27360	1
14633	1
8594	1
41117	1
6178	1
61674	1
74405	1
27360	1
11198	1
27360	1
27470	1
97036	1
41293	1
516	1
47093	1
8829	1
15210	1
70633	1
18523	1
4646	1
51770	1
55409	1
16879	1
15866	1
74405	1
35049	1
95587	1
30152	1
63430	1
13680	1
65347	1
44787	1
33920	1
53223	1
98863	1
92234	1
53223	1
35279	1
65744	1
38503	1
91016	1
20817	1
15889	1
48652	1
63814	1
54425	1
79302	1
72736	1
53223	1
92685	1
47529	1
84996	1
58990	1
18301	1
95803	1
74405	1
23063	1
95587	1
42956	1
95587	1
25571	1
57684	1
13647	1
83653	1
53439	1
63326	1
95587	1
48652	1
37123	1
40963	1
87321	1
59459	1
36392	1
63814	1
96710	1
92764	1
42522	1
74405	1
75005	1
590	1
95587	1
97146	1
75964	1
58282	1
74405	1
20792	1
9190	1
76207	1
83020	1
17558	1
91016	1
72107	1
75862	1
50236	1
67191	1
46186	1
51959	1
66432	1
85978	1
25368	1
71497	1
63202	1
57684	1
59655	1
4897	1
89855	1
95587	1
7015	1
39400	1
16769	1
24380	1
29465	1
80971	1
48529	1
83437	1
8966	1
72986	1
15233	1
86809	1
64985	1
74405	1
59243	1
91016	1
87322	1
49309	1
32693	1
62907	1
49358	1
62766	1
88114	1
84587	1
53223	1
38514	1
38061	1
6178	1
53	1
55421	1
80425	1
84996	1
96454	1
92901	1
12946	1
72846	1
97146	1
3276	1
35811	1
89343	1
8993	1
65373	1
51201	1
74405	1
6178	1
74405	1
74405	1
18438	1
84996	1
96525	1
44191	1
89567	1
78316	1
66496	1
84996	1
9277	1
27482	1
63814	1
95803	1
43419	1
26127	1
91016	1
10662	1
269	1
50072	1
95587	1
42924	1
50211	1
66777	1
17597	1
81463	1
75964	1
57084	1
83281	1
36008	1
90221	1
82017	1
16879	1
26127	1
53223	1
48652	1
14338	1
66489	1
63814	1
59243	1
74505	1
84996	1
1717	1
38904	1
57609	1
5408	1
64409	1
53645	1
38277	1
58797	1
45254	1
96569	1
84996	1
63814	1
36581	1
27470	1
75132	1
86251	1
16769	1
59648	1
96729	1
65589	1
13363	1
63810	1
42848	1
84996	1
3986	1
6288	1
4511	1
84378	1
32390	1
61838	1
44411	1
53223	1
39620	1
59243	1
63453	1
84996	1
74405	1
85538	1
76328	1
74405	1
24557	1
88220	1
81874	1
65915	1
75964	1
6500	1
74405	1
57684	1
69834	1
69614	1
30368	1
5305	1
48652	1
16769	1
95587	1
88660	1
53223	1
87807	1
35049	1
36824	1
14193	1
22646	1
21367	1
13091	1
76178	1
59930	1
65460	1
84996	1
74405	1
74702	1
92213	1
99212	1
17355	1
27470	1
91126	1
74405	1
10062	1
11293	1
35379	1
4042	1
51826	1
85243	1
21336	1
26343	1
51527	1
49361	1
31854	1
11864	1
41482	1
48652	1
89457	1
79248	1
41318	1
82420	1
45750	1
16780	1
30229	1
34032	1
74947	1
50211	1
36353	1
74405	1
80311	1
9898	1
91126	1
29355	1
31769	1
68491	1
19997	1
16769	1
74405	1
74405	1
77633	1
86306	1
56721	1
24404	1
15972	1
21670	1
16875	1
16769	1
74405	1
9190	1
18002	1
35539	1
61674	1
31092	1
85189	1
71362	1
9002	1
53223	1
74405	1
24264	1
38277	1
74405	1
54778	1
95473	1
35167	1
24568	1
6178	1
25581	1
6178	1
59243	1
57159	1
88000	1
11675	1
89779	1
74405	1
27470	1
92735	1
89723	1
54782	1
84996	1
27902	1
48652	1
51145	1
53223	1
74405	1
38061	1
32940	1
74405	1
83844	1
10508	1
77633	1
24323	1
91016	1
7878	1
6125	1
4426	1
21340	1
54058	1
11076	1
73337	1
22661	1
82887	1
24898	1
24429	1
13867	1
75140	1
74405	1
80535	1
65699	1
17099	1
53223	1
46983	1
47969	1
16879	1
88114	1
27360	1
35672	1
77938	1
84996	1
74405	1
91668	1
16769	1
12499	1
8055	1
88135	1
37484	1
17203	1
14226	1
84996	1
42580	1
75910	1
63814	1
64833	1
62255	1
80151	1
1433	1
76423	1
64958	1
17501	1
14170	1
81861	1
12308	1
73102	1
19922	1
80041	1
74405	1
70843	1
63814	1
84996	1
37700	1
83653	1
16879	1
61128	1
82212	1
59243	1
74405	1
27470	1
60009	1
27902	1
24238	1
57684	1
16879	1
12850	1
47745	1
15532	1
84996	1
15210	1
84996	1
82314	1
61896	1
53439	1
74405	1
16769	1
84996	1
27360	1
68734	1
53223	1
62859	1
11449	1
27470	1
73062	1
80168	1
30889	1
75964	1
19121	1
74405	1
16655	1
27360	1
25004	1
2043	1
49034	1
51880	1
26127	1
74405	1
90109	1
95587	1
70189	1
22899	1
74405	1
7625	1
94624	1
99060	1
84996	1
33600	1
3804	1
51554	1
20978	1
22185	1
38061	1
83873	1
66382	1
27360	1
96730	1
51770	1
93783	1
18058	1
84996	1
53439	1
91641	1
98343	1
58940	1
73696	1
16769	1
16769	1
94028	1
49142	1
48652	1
53223	1
16879	1
74405	1
69834	1
35375	1
78924	1
38061	1
38854	1
154	1
74405	1
74405	1
8279	1
41289	1
58384	1
51440	1
53223	1
20759	1
39923	1
53782	1
89567	1
27470	1
93177	1
27360	1
9817	1
12694	1
75250	1
27360	1
88548	1
53601	1
84996	1
28436	1
63814	1
95587	1
30372	1
53223	1
69724	1
27470	1
66432	1
84996	1
25801	1
98018	1
27360	1
63814	1
7706	1
31338	1
53223	1
65699	1
92309	1
74405	1
21120	1
71897	1
74405	1
19341	1
84996	1
74405	1
90439	1
19476	1
38061	1
83437	1
97225	1
16769	1
46813	1
1933	1
7737	1
1717	1
14444	1
92901	1
84996	1
45750	1
63814	1
16769	1
17045	1
40963	1
27360	1
73058	1
73965	1
36062	1
74405	1
91126	1
154	1
74405	1
32857	1
57684	1
62255	1
50180	1
74405	1
27360	1
16769	1
21859	1
47776	1
53223	1
27360	1
17861	1
96658	1
86246	1
38603	1
19781	1
93397	1
50321	1
88902	1
74405	1
95392	1
37154	1
1717	1
45750	1
74621	1
13427	1
84996	1
78866	1
38061	1
48432	1
28585	1
60582	1
52995	1
62172	1
62820	1
32257	1
35269	1
60661	1
53985	1
99828	1
16495	1
53223	1
83437	1
26127	1
11462	1
8831	1
42522	1
86988	1
88961	1
58010	1
27250	1
35408	1
74405	1
91126	1
27360	1
14990	1
16869	1
39979	1
6288	1
68821	1
77011	1
92685	1
63814	1
84996	1
65317	1
3056	1
63814	1
3498	1
26376	1
6178	1
46983	1
25911	1
33224	1
75970	1
53503	1
8854	1
3891	1
69944	1
84996	1
45800	1
7984	1
74405	1
84996	1
91016	1
80535	1
34019	1
82094	1
31491	1
6288	1
60802	1
61016	1
74405	1
5705	1
73388	1
7623	1
75205	1
48978	1
4835	1
75964	1
12854	1
27360	1
20267	1
9190	1
55525	1
59158	1
10965	1
53624	1
31931	1
46269	1
5848	1
42154	1
96596	1
88276	1
74405	1
89783	1
69720	1
84996	1
9622	1
97252	1
38061	1
24636	1
55961	1
62471	1
21670	1
80535	1
35375	1
49443	1
13514	1
74405	1
84996	1
17975	1
2730	1
43151	1
84996	1
1717	1
74405	1
6178	1
44407	1
62255	1
19704	1
74405	1
53223	1
74405	1
30588	1
93011	1
63675	1
63814	1
86590	1
16879	1
95587	1
69944	1
11291	1
12360	1
38061	1
75989	1
40860	1
16769	1
74405	1
72705	1
22988	1
53223	1
84996	1
31707	1
73421	1
7737	1
39543	1
20696	1
45123	1
31931	1
85457	1
76506	1
1717	1
87973	1
44623	1
42192	1
74405	1
74405	1
55762	1
72736	1
84544	1
43452	1
53223	1
69944	1
50211	1
63814	1
64979	1
63814	1
84996	1
27360	1
9190	1
20873	1
86194	1
52096	1
24458	1
75964	1
53223	1
46857	1
90574	1
53223	1
37171	1
96733	1
91126	1
92685	1
57383	1
81658	1
94763	1
15069	1
6404	1
28317	1
39620	1
65373	1
83437	1
38061	1
44191	1
53084	1
84996	1
67258	1
48652	1
84631	1
78067	1
45750	1
36747	1
10965	1
84996	1
37585	1
63814	1
97146	1
18297	1
12308	1
86690	1
84662	1
63814	1
50456	1
62145	1
1717	1
68711	1
95587	1
30372	1
14126	1
57051	1
36718	1
12470	1
63814	1
74405	1
78289	1
84996	1
84996	1
27470	1
67698	1
74405	1
51554	1
6178	1
87676	1
38277	1
87946	1
5408	1
67731	1
41725	1
6290	1
74405	1
48652	1
74625	1
84996	1
58851	1
27360	1
69944	1
80535	1
63484	1
44623	1
53223	1
13647	1
39400	1
16879	1
63814	1
49240	1
85446	1
32477	1
16769	1
79082	1
64223	1
74405	1
63814	1
66218	1
74405	1
83437	1
54014	1
84996	1
17572	1
16769	1
36984	1
30644	1
6288	1
68601	1
74648	1
6288	1
53088	1
92139	1
10282	1
34057	1
76346	1
14172	1
16879	1
84996	1
90985	1
62145	1
57684	1
91126	1
35765	1
90858	1
20701	1
45204	1
13047	1
2961	1
74405	1
56068	1
11125	1
67835	1
8970	1
84996	1
29352	1
30372	1
53223	1
88440	1
57719	1
5126	1
38061	1
16769	1
94028	1
80535	1
16875	1
31931	1
16769	1
16152	1
74405	1
68491	1
58340	1
94790	1
73278	1
49881	1
1717	1
84996	1
47668	1
32147	1
13074	1
93507	1
58010	1
1288	1
95587	1
50190	1
74405	1
47928	1
36797	1
52806	1
63814	1
84996	1
23282	1
63814	1
67997	1
77849	1
6178	1
15866	1
85212	1
11565	1
53223	1
74081	1
80535	1
37187	1
75528	1
40496	1
17877	1
19997	1
44081	1
65915	1
28620	1
97146	1
14975	1
6178	1
17709	1
84996	1
13867	1
6500	1
63814	1
74405	1
12524	1
48191	1
38061	1
46076	1
53223	1
63814	1
4945	1
31082	1
50211	1
67538	1
88116	1
25889	1
79408	1
80425	1
50321	1
33953	1
6178	1
14739	1
84996	1
6178	1
42165	1
5958	1
27360	1
63814	1
51334	1
91558	1
6178	1
74405	1
33328	1
89567	1
92625	1
16597	1
63814	1
61120	1
12088	1
84996	1
40903	1
30478	1
40494	1
21336	1
46973	1
56667	1
80425	1
66496	1
11380	1
48652	1
25801	1
27360	1
82750	1
53223	1
24584	1
74405	1
51289	1
89387	1
69944	1
29355	1
15558	1
26347	1
84799	1
6504	1
12076	1
38061	1
45119	1
53223	1
65373	1
58886	1
62255	1
59785	1
53223	1
85212	1
38407	1
93312	1
18002	1
94024	1
24622	1
42265	1
75964	1
53389	1
63814	1
63814	1
27360	1
158	1
16769	1
27381	1
74405	1
7486	1
80425	1
53223	1
31958	1
25801	1
90991	1
74405	1
61030	1
18075	1
48652	1
74405	1
66967	1
53113	1
16879	1
6425	1
62145	1
5958	1
11621	1
53223	1
63697	1
27360	1
35489	1
64505	1
20213	1
91314	1
16879	1
65201	1
22679	1
16879	1
33339	1
27360	1
51247	1
8779	1
78316	1
63592	1
68821	1
44081	1
25548	1
59243	1
7737	1
68601	1
74405	1
6909	1
39513	1
12308	1
96710	1
95803	1
94028	1
69834	1
53659	1
63814	1
74405	1
74405	1
40959	1
57983	1
12289	1
80124	1
53223	1
74405	1
86555	1
84996	1
12308	1
43896	1
35400	1
54778	1
82346	1
45750	1
16769	1
7544	1
3332	1
32774	1
69504	1
38744	1
54916	1
74405	1
63102	1
89702	1
86493	1
44081	1
45503	1
27470	1
74405	1
98925	1
88308	1
3851	1
38831	1
72736	1
17170	1
7625	1
54419	1
63802	1
74405	1
53223	1
55134	1
53659	1
12995	1
53223	1
97146	1
81953	1
1717	1
95220	1
32421	1
15752	1
16879	1
53983	1
386	1
84996	1
4619	1
21556	1
69037	1
40546	1
11664	1
67287	1
31734	1
69834	1
74405	1
63814	1
74405	1
43064	1
57211	1
90223	1
74405	1
71113	1
80564	1
16769	1
45530	1
54755	1
55434	1
66056	1
99535	1
39562	1
20653	1
74405	1
12727	1
62255	1
74405	1
49826	1
36502	1
39269	1
92448	1
36502	1
91676	1
97146	1
32440	1
48461	1
86634	1
94354	1
74405	1
57122	1
36556	1
65593	1
4619	1
99031	1
27790	1
89343	1
58280	1
95587	1
63814	1
75308	1
15096	1
74405	1
84996	1
74405	1
53223	1
74405	1
63814	1
74405	1
84996	1
41706	1
74577	1
60688	1
46983	1
58882	1
50973	1
92901	1
63814	1
62770	1
74625	1
74405	1
53223	1
91016	1
77204	1
69036	1
84996	1
20410	1
17477	1
47635	1
38061	1
53223	1
60487	1
78561	1
84996	1
22399	1
9190	1
39176	1
27470	1
74405	1
72842	1
53223	1
45505	1
74405	1
53223	1
79300	1
84996	1
15534	1
64958	1
21855	1
24458	1
19832	1
75132	1
50769	1
27360	1
27360	1
30372	1
42628	1
35049	1
6901	1
6288	1
35595	1
86630	1
91016	1
11291	1
69560	1
71235	1
64030	1
7328	1
84996	1
72736	1
53223	1
64138	1
6178	1
15887	1
57900	1
534	1
77917	1
30478	1
37158	1
65589	1
44081	1
7984	1
54203	1
49632	1
84996	1
65703	1
58006	1
87101	1
74405	1
91126	1
27470	1
16879	1
69834	1
91016	1
44191	1
45874	1
74405	1
1472	1
5385	1
27470	1
63814	1
24377	1
98051	1
58197	1
92955	1
74405	1
63814	1
62145	1
44870	1
14197	1
53223	1
65317	1
34692	1
2479	1
29245	1
58990	1
84996	1
1717	1
74405	1
63814	1
27360	1
12524	1
63783	1
74511	1
74405	1
40963	1
54425	1
89457	1
53223	1
536	1
6288	1
93015	1
65797	1
91558	1
77222	1
81118	1
9553	1
62255	1
63814	1
42711	1
36502	1
6398	1
74405	1
91126	1
14770	1
84996	1
72736	1
60229	1
38603	1
19997	1
55586	1
53223	1
88384	1
85911	1
90765	1
93374	1
91126	1
70069	1
88197	1
27360	1
14928	1
84996	1
7681	1
78310	1
99938	1
95170	1
6178	1
46732	1
77523	1
69088	1
40523	1
44985	1
59243	1
21001	1
90549	1
2043	1
51554	1
53223	1
89816	1
59883	1
44627	1
44820	1
47093	1
6178	1
83437	1
8456	1
64578	1
12308	1
2423	1
36431	1
51405	1
68491	1
7737	1
51610	1
39836	1
33490	1
5381	1
77548	1
27470	1
33490	1
63814	1
24427	1
1695	1
15926	1
74405	1
35838	1
16769	1
33581	1
39325	1
74785	1
93152	1
34692	1
16769	1
75501	1
88137	1
62139	1
22106	1
83101	1
41399	1
95587	1
8896	1
21778	1
38061	1
65699	1
90746	1
74405	1
44081	1
53223	1
53738	1
9813	1
82468	1
74405	1
4046	1
34460	1
65942	1
55928	1
46508	1
88000	1
83437	1
61109	1
93231	1
29820	1
16879	1
1717	1
33635	1
74405	1
58226	1
74405	1
97472	1
5848	1
18765	1
40633	1
4254	1
84996	1
41972	1
74405	1
59785	1
44191	1
63814	1
72624	1
23142	1
24014	1
84996	1
78067	1
69944	1
38061	1
6178	1
29646	1
33490	1
74405	1
74405	1
80724	1
38061	1
84996	1
62035	1
96349	1
39319	1
74405	1
28122	1
9998	1
9655	1
12088	1
58587	1
74405	1
53223	1
80425	1
961	1
62035	1
46449	1
74405	1
38462	1
65776	1
57294	1
86881	1
7015	1
6178	1
84996	1
57900	1
74841	1
65373	1
78866	1
69689	1
74405	1
23379	1
49582	1
30372	1
5302	1
17091	1
27922	1
27360	1
27470	1
40372	1
27412	1
36718	1
16879	1
41720	1
33490	1
158	1
31750	1
89567	1
69944	1
95587	1
9190	1
53223	1
95587	1
84996	1
64300	1
8217	1
27470	1
2857	1
44567	1
38744	1
64904	1
72846	1
35842	1
84996	1
29685	1
34962	1
23200	1
33631	1
27360	1
61128	1
84996	1
51824	1
3575	1
66135	1
55494	1
49717	1
31931	1
16429	1
18147	1
27470	1
75960	1
35400	1
74405	1
66548	1
87078	1
62774	1
56777	1
4945	1
6288	1
27360	1
16879	1
27470	1
60088	1
66932	1
49441	1
74405	1
1213	1
69834	1
16769	1
93804	1
3496	1
27360	1
3303	1
84996	1
47498	1
74405	1
14087	1
2155	1
58286	1
74405	1
16879	1
3878	1
70160	1
9135	1
84996	1
74405	1
51554	1
35049	1
16769	1
35816	1
80184	1
36986	1
86335	1
60802	1
13622	1
78432	1
74405	1
2263	1
64505	1
43481	1
56557	1
68491	1
74405	1
80535	1
24568	1
74405	1
10118	1
40260	1
84996	1
85559	1
38061	1
44191	1
14056	1
89590	1
52399	1
84996	1
65593	1
53223	1
74405	1
49202	1
38061	1
86582	1
69834	1
62471	1
74405	1
6178	1
49235	1
34616	1
17315	1
94354	1
80971	1
57184	1
50016	1
41729	1
74405	1
84996	1
31923	1
6178	1
19781	1
64030	1
38277	1
91126	1
19972	1
57711	1
12308	1
79315	1
95587	1
56802	1
74405	1
74405	1
63814	1
1717	1
21643	1
77793	1
62145	1
58587	1
62114	1
455	1
53256	1
69724	1
16769	1
27360	1
7681	1
78866	1
84996	1
79082	1
59243	1
82534	1
54782	1
28066	1
50537	1
22538	1
16769	1
76353	1
63119	1
80535	1
49227	1
29272	1
96629	1
37413	1
48782	1
27470	1
69114	1
74405	1
16902	1
55575	1
9959	1
62004	1
98655	1
74405	1
97472	1
98592	1
81548	1
74405	1
91016	1
74405	1
71719	1
12308	1
53223	1
30588	1
69834	1
74405	1
59243	1
95913	1
70054	1
52204	1
74405	1
54599	1
6178	1
65373	1
82337	1
92625	1
16769	1
14087	1
27470	1
30372	1
48652	1
72736	1
37486	1
61558	1
92685	1
20543	1
78922	1
54421	1
32824	1
26507	1
96870	1
63814	1
74405	1
26563	1
69834	1
55929	1
90439	1
30478	1
95587	1
84996	1
80174	1
95587	1
86231	1
74405	1
77822	1
21699	1
69037	1
13867	1
65593	1
63814	1
74405	1
64250	1
374	1
59243	1
13867	1
89615	1
25643	1
53223	1
27360	1
68575	1
82437	1
23881	1
1904	1
93125	1
53223	1
30449	1
84996	1
58148	1
95714	1
69749	1
63814	1
45966	1
80091	1
84776	1
61124	1
97146	1
27351	1
51596	1
97941	1
74405	1
75744	1
30372	1
74405	1
31455	1
20275	1
14297	1
16769	1
27360	1
24300	1
20292	1
79082	1
63814	1
53223	1
49194	1
46690	1
61072	1
63814	1
24118	1
12308	1
74405	1
74405	1
15615	1
47093	1
33133	1
51554	1
64356	1
36282	1
4846	1
91499	1
73365	1
24767	1
11291	1
57599	1
80383	1
34	1
60937	1
74405	1
16879	1
65510	1
74405	1
31244	1
18438	1
7737	1
50505	1
22899	1
94697	1
42192	1
74405	1
42302	1
26826	1
2263	1
78449	1
75964	1
7957	1
69581	1
27470	1
34032	1
20900	1
26127	1
19781	1
40496	1
57900	1
27360	1
70567	1
83869	1
63607	1
36199	1
82078	1
24458	1
66492	1
6720	1
74405	1
72460	1
63814	1
84996	1
9190	1
59243	1
74405	1
63814	1
38061	1
38061	1
48652	1
84996	1
30723	1
70160	1
16769	1
78891	1
58450	1
45669	1
87948	1
27470	1
13294	1
74405	1
84996	1
86910	1
84749	1
74405	1
74405	1
74405	1
12308	1
7390	1
51880	1
59243	1
27360	1
61377	1
16769	1
6641	1
84996	1
25911	1
16769	1
84996	1
88224	1
16769	1
16769	1
74405	1
19781	1
41527	1
9578	1
47529	1
53223	1
38061	1
74405	1
17838	1
63484	1
54782	1
72114	1
7847	1
94134	1
91122	1
95587	1
22721	1
87873	1
86555	1
91753	1
68821	1
74405	1
71997	1
4285	1
61276	1
49362	1
88930	1
77602	1
84996	1
74621	1
71584	1
27360	1
11567	1
15536	1
92822	1
56667	1
16879	1
34252	1
7731	1
84996	1
62255	1
49555	1
15283	1
98033	1
83977	1
23445	1
84996	1
84996	1
69229	1
87343	1
74841	1
81328	1
1717	1
94543	1
36438	1
66496	1
74405	1
59459	1
66915	1
91016	1
79736	1
16769	1
56839	1
66981	1
74405	1
90109	1
16879	1
76506	1
6628	1
24208	1
1030	1
80535	1
53439	1
158	1
94051	1
26127	1
16769	1
44191	1
74405	1
35578	1
16769	1
9294	1
65373	1
53223	1
31158	1
28350	1
374	1
57047	1
48652	1
5084	1
53223	1
94028	1
51083	1
71013	1
5958	1
63814	1
42522	1
68275	1
74405	1
8023	1
47309	1
21882	1
64582	1
12308	1
21429	1
22673	1
29496	1
85322	1
15210	1
72719	1
74405	1
74405	1
27360	1
13290	1
7855	1
1717	1
27360	1
24705	1
74405	1
7745	1
86856	1
90686	1
42171	1
6178	1
88194	1
95863	1
70903	1
1084	1
74405	1
3332	1
5601	1
16769	1
29465	1
74405	1
53520	1
74405	1
83653	1
6288	1
31864	1
93507	1
114	1
19499	1
56144	1
98352	1
34013	1
6178	1
63890	1
57408	1
78012	1
90906	1
53223	1
62797	1
3822	1
98375	1
46983	1
74405	1
42545	1
62471	1
12308	1
62579	1
11754	1
90368	1
38061	1
44081	1
27470	1
52532	1
53223	1
28320	1
47093	1
53223	1
44191	1
841	1
74405	1
47093	1
95587	1
10193	1
16769	1
79188	1
16879	1
66932	1
61813	1
27470	1
16769	1
77390	1
48428	1
59243	1
10965	1
27686	1
94570	1
80425	1
74405	1
53443	1
53223	1
84996	1
8167	1
47147	1
74405	1
60467	1
47992	1
84996	1
17232	1
93092	1
95587	1
6510	1
91016	1
93231	1
39944	1
78266	1
30953	1
3986	1
72865	1
22019	1
27470	1
74405	1
63814	1
83240	1
74405	1
76808	1
80888	1
91016	1
21556	1
53223	1
21120	1
51768	1
40963	1
40575	1
73539	1
53223	1
74405	1
89457	1
53223	1
95587	1
39288	1
33490	1
72736	1
95587	1
57271	1
22978	1
6178	1
36392	1
84996	1
7328	1
51622	1
17421	1
93011	1
51820	1
15210	1
74405	1
34852	1
74405	1
48978	1
42746	1
24568	1
40710	1
16769	1
60582	1
66575	1
29355	1
81606	1
94127	1
61313	1
82310	1
84996	1
84996	1
27360	1
74405	1
32295	1
38061	1
23115	1
19781	1
53223	1
6178	1
74183	1
51550	1
12416	1
97146	1
47309	1
38497	1
82017	1
21120	1
85094	1
47093	1
71283	1
9622	1
38061	1
27360	1
81853	1
97256	1
27360	1
99251	1
87805	1
54782	1
92708	1
1717	1
31392	1
74405	1
80556	1
12524	1
53223	1
22152	1
75827	1
12308	1
39128	1
6975	1
76045	1
25207	1
65033	1
89457	1
75335	1
92430	1
18658	1
53223	1
74405	1
49335	1
36718	1
1933	1
8420	1
10749	1
91126	1
83002	1
84996	1
9190	1
46161	1
73686	1
11338	1
75630	1
53223	1
37044	1
84996	1
95008	1
78343	1
39400	1
60833	1
91016	1
78255	1
19997	1
14907	1
89783	1
84996	1
82418	1
48	1
60366	1
24105	1
66224	1
32960	1
14693	1
67611	1
8474	1
89567	1
50307	1
94028	1
32085	1
84996	1
5927	1
98435	1
26779	1
84996	1
52480	1
33816	1
22938	1
74405	1
16769	1
6288	1
84996	1
84996	1
65016	1
86555	1
67835	1
38113	1
91126	1
38061	1
74405	1
53223	1
24344	1
5873	1
95587	1
42670	1
84996	1
84996	1
39545	1
80425	1
93011	1
16769	1
74405	1
54900	1
57684	1
27360	1
30199	1
43348	1
44465	1
27306	1
44191	1
88114	1
38603	1
2356	1
21556	1
14629	1
16769	1
32257	1
74405	1
99172	1
82557	1
95587	1
74405	1
75632	1
96349	1
84996	1
43172	1
51770	1
86165	1
92808	1
11044	1
71503	1
95587	1
53962	1
3484	1
93968	1
80535	1
63814	1
4395	1
24348	1
83294	1
69944	1
49748	1
2342	1
85212	1
84996	1
74405	1
63262	1
39905	1
16769	1
89783	1
49458	1
74405	1
38603	1
71393	1
84996	1
83437	1
91016	1
13867	1
53223	1
95587	1
93447	1
63814	1
69064	1
98595	1
6281	1
56622	1
74405	1
70255	1
49634	1
12279	1
69944	1
74405	1
61296	1
72064	1
73633	1
93808	1
43421	1
36417	1
53223	1
76867	1
12308	1
12308	1
84996	1
66768	1
74405	1
75987	1
4945	1
57103	1
22538	1
2676	1
95587	1
6178	1
19997	1
6504	1
66863	1
1570	1
47093	1
10749	1
46514	1
32367	1
40963	1
12308	1
44407	1
35022	1
24784	1
45586	1
68546	1
700	1
74405	1
24678	1
10965	1
94028	1
7650	1
87921	1
68275	1
30478	1
6504	1
26453	1
47273	1
51083	1
70486	1
55864	1
63814	1
5161	1
15414	1
57761	1
69944	1
19781	1
37924	1
23885	1
73274	1
41179	1
51660	1
74405	1
73006	1
41347	1
62255	1
9406	1
32147	1
35952	1
74405	1
3492	1
14849	1
83437	1
53435	1
26127	1
16879	1
11675	1
80535	1
50537	1
6178	1
47309	1
84996	1
84996	1
48652	1
84996	1
29496	1
59785	1
74405	1
43121	1
52096	1
91126	1
27360	1
63814	1
38061	1
95913	1
27246	1
51874	1
41289	1
4862	1
88501	1
15015	1
26623	1
76822	1
63814	1
93121	1
73552	1
74405	1
47969	1
74405	1
62191	1
36392	1
20788	1
62255	1
81077	1
74405	1
53223	1
63814	1
90686	1
6288	1
81517	1
51880	1
84996	1
57684	1
95807	1
72846	1
11787	1
44081	1
80232	1
48652	1
45133	1
74405	1
53223	1
59500	1
48484	1
38061	1
85615	1
95587	1
53466	1
2136	1
59882	1
74405	1
46983	1
39103	1
62959	1
16769	1
7737	1
84996	1
8993	1
46983	1
38717	1
74405	1
75740	1
25687	1
95587	1
99674	1
29575	1
27360	1
62251	1
36778	1
19781	1
63673	1
63814	1
29355	1
6803	1
74405	1
2952	1
45261	1
65844	1
17282	1
75964	1
12308	1
47758	1
43064	1
21834	1
49142	1
8279	1
50502	1
32830	1
23422	1
16769	1
97079	1
53223	1
1717	1
95587	1
91409	1
24655	1
38061	1
66494	1
7737	1
38061	1
65373	1
76180	1
40859	1
15316	1
84996	1
50537	1
74405	1
94859	1
84996	1
72375	1
51554	1
86858	1
30914	1
63814	1
89818	1
30588	1
71752	1
15125	1
78293	1
86474	1
16769	1
80425	1
5088	1
27360	1
73062	1
97036	1
95315	1
80998	1
84715	1
51880	1
74405	1
25191	1
44187	1
14506	1
82094	1
16769	1
30670	1
63814	1
88224	1
50306	1
74405	1
54782	1
84867	1
70160	1
48	1
2573	1
84996	1
29355	1
84996	1
33312	1
47309	1
16879	1
7706	1
97765	1
84996	1
158	1
74405	1
98948	1
87678	1
27470	1
17095	1
69500	1
16769	1
23040	1
84996	1
26590	1
79082	1
16769	1
74405	1
78866	1
63814	1
80955	1
51554	1
13195	1
74405	1
29945	1
16879	1
64385	1
53223	1
65593	1
63814	1
76353	1
79534	1
62145	1
74405	1
74164	1
78713	1
45966	1
53223	1
74405	1
16879	1
72051	1
66932	1
64190	1
48131	1
158	1
75167	1
70054	1
73446	1
33189	1
16461	1
43728	1
74405	1
68275	1
69944	1
98375	1
63893	1
13475	1
18714	1
64607	1
46539	1
99897	1
75192	1
74405	1
50597	1
25911	1
54537	1
95587	1
89457	1
20479	1
16879	1
10305	1
74405	1
27470	1
84	1
53223	1
23966	1
80425	1
23555	1
5105	1
78370	1
36392	1
36718	1
96023	1
78518	1
6288	1
78846	1
9190	1
28184	1
158	1
90549	1
4551	1
18438	1
84996	1
73278	1
53223	1
74405	1
66496	1
53738	1
53223	1
84305	1
19781	1
6288	1
20919	1
95587	1
74405	1
25911	1
74405	1
80425	1
80535	1
46047	1
1717	1
60829	1
27360	1
74405	1
31229	1
90561	1
72516	1
90902	1
70160	1
18355	1
87014	1
82420	1
50116	1
18104	1
13043	1
16879	1
34335	1
27360	1
68365	1
1570	1
84996	1
47093	1
84996	1
74405	1
9406	1
38593	1
84992	1
22546	1
36735	1
65944	1
55575	1
62145	1
86775	1
24811	1
47969	1
70903	1
64246	1
22899	1
16879	1
15210	1
84996	1
84996	1
49528	1
74405	1
63814	1
16061	1
6178	1
34032	1
49546	1
99460	1
98815	1
74405	1
28546	1
84992	1
48692	1
1561	1
6178	1
6288	1
96376	1
10558	1
76240	1
12414	1
69944	1
62687	1
53223	1
53223	1
86555	1
54782	1
53223	1
76305	1
21556	1
84556	1
91016	1
69834	1
5379	1
81874	1
75032	1
45750	1
62145	1
32830	1
53223	1
16769	1
32693	1
22399	1
84996	1
35890	1
30400	1
91016	1
86555	1
51334	1
96212	1
97524	1
87757	1
99166	1
63814	1
74405	1
53223	1
74405	1
77060	1
41305	1
74405	1
23688	1
65373	1
5522	1
6288	1
87580	1
13095	1
41919	1
74405	1
26127	1
43120	1
47579	1
41289	1
38061	1
68794	1
94028	1
99307	1
16769	1
44953	1
5827	1
84996	1
68173	1
62276	1
53223	1
3058	1
31931	1
92125	1
63110	1
25539	1
38474	1
74405	1
8914	1
63814	1
65373	1
57346	1
68354	1
74405	1
63818	1
15752	1
56561	1
4449	1
57302	1
86775	1
13221	1
47288	1
19231	1
98728	1
53223	1
44843	1
68414	1
84772	1
74405	1
73938	1
63814	1
5927	1
74405	1
68354	1
60086	1
68275	1
74405	1
74405	1
48652	1
59427	1
91126	1
31713	1
87097	1
25513	1
21234	1
98296	1
4568	1
16879	1
62004	1
74405	1
88224	1
8970	1
63814	1
64246	1
84996	1
53223	1
74405	1
58882	1
16769	1
69834	1
53223	1
53439	1
16879	1
77249	1
46983	1
74405	1
65344	1
68900	1
46983	1
75528	1
74405	1
95587	1
20105	1
53223	1
89783	1
44870	1
62145	1
27470	1
16769	1
19781	1
39593	1
2452	1
18654	1
74405	1
87317	1
53223	1
63814	1
50454	1
31602	1
16769	1
74405	1
20759	1
38061	1
84996	1
17833	1
12767	1
48111	1
72846	1
34427	1
83844	1
17995	1
74405	1
90003	1
72626	1
47093	1
95587	1
48	1
97146	1
35516	1
53223	1
84199	1
55324	1
85872	1
41179	1
52350	1
30372	1
27470	1
63814	1
34856	1
84996	1
10749	1
56341	1
74405	1
40085	1
81980	1
5605	1
72072	1
94244	1
40195	1
95587	1
96785	1
12744	1
50757	1
96261	1
82061	1
84996	1
62797	1
62145	1
15708	1
84996	1
52563	1
25720	1
95010	1
16603	1
22926	1
16769	1
62687	1
53223	1
32693	1
53223	1
33490	1
3429	1
74405	1
27360	1
88224	1
74405	1
85217	1
17531	1
84996	1
18257	1
91253	1
30914	1
48652	1
16769	1
27360	1
68703	1
83653	1
97005	1
72516	1
83190	1
55266	1
74405	1
62145	1
59672	1
74405	1
90960	1
80535	1
74405	1
97715	1
85978	1
72736	1
1717	1
13985	1
57684	1
74405	1
79792	1
72846	1
28224	1
78022	1
76290	1
4038	1
9406	1
63814	1
21446	1
16769	1
84996	1
65512	1
71256	1
53223	1
33490	1
95587	1
22837	1
68491	1
63814	1
79522	1
27360	1
89567	1
84996	1
48652	1
85594	1
50315	1
48652	1
37980	1
61952	1
27360	1
12308	1
82310	1
63814	1
74405	1
60510	1
19997	1
84481	1
45370	1
94028	1
97420	1
84996	1
92399	1
94323	1
53223	1
74405	1
48652	1
25197	1
13186	1
3406	1
25874	1
84996	1
6830	1
26343	1
98815	1
19021	1
52017	1
74405	1
1900	1
72736	1
17429	1
37262	1
74405	1
92627	1
25801	1
56420	1
81077	1
68098	1
10824	1
18258	1
15756	1
18492	1
6830	1
80475	1
84996	1
79134	1
72155	1
65699	1
95655	1
32257	1
41557	1
75964	1
22071	1
7957	1
99828	1
22899	1
22370	1
13786	1
94244	1
74405	1
28430	1
52484	1
27470	1
74405	1
10965	1
64030	1
2367	1
48978	1
25085	1
23441	1
88670	1
16769	1
36990	1
85621	1
63814	1
3851	1
74405	1
16769	1
32777	1
44982	1
91817	1
12304	1
81874	1
70243	1
94463	1
74405	1
6288	1
453	1
38277	1
95174	1
32533	1
16879	1
74405	1
38277	1
62687	1
52783	1
9757	1
88114	1
2672	1
92901	1
94433	1
27360	1
18438	1
19781	1
91641	1
74405	1
73502	1
158	1
64613	1
50263	1
48490	1
44999	1
74405	1
84996	1
68568	1
2284	1
53223	1
80425	1
68711	1
89779	1
77263	1
91728	1
56667	1
74405	1
72454	1
72736	1
25471	1
16769	1
84996	1
84996	1
96376	1
84996	1
69834	1
74405	1
19781	1
84864	1
74758	1
29056	1
95587	1
95587	1
6425	1
91016	1
32147	1
12308	1
90175	1
29355	1
16879	1
76587	1
93630	1
91126	1
51122	1
25550	1
46257	1
84475	1
37508	1
73388	1
74405	1
341	1
18530	1
74041	1
5657	1
21803	1
77741	1
95803	1
74405	1
92382	1
84996	1
93171	1
63814	1
30152	1
59519	1
20213	1
25801	1
19638	1
84996	1
71503	1
62145	1
46983	1
63704	1
8499	1
38061	1
34719	1
84996	1
6178	1
23136	1
33156	1
9269	1
88554	1
78316	1
84996	1
27248	1
74405	1
27360	1
69834	1
12308	1
32577	1
72406	1
41968	1
53223	1
94267	1
47309	1
74405	1
10965	1
44407	1
74405	1
74405	1
73388	1
99145	1
74405	1
76867	1
91126	1
28996	1
82970	1
4538	1
46900	1
82200	1
82310	1
21340	1
27360	1
75340	1
74405	1
84496	1
4121	1
84996	1
37841	1
59243	1
60582	1
84996	1
74621	1
11566	1
47093	1
90486	1
68491	1
74405	1
84996	1
91016	1
79082	1
38061	1
89563	1
81606	1
25602	1
2730	1
2263	1
91126	1
27470	1
95587	1
71823	1
22785	1
63374	1
74405	1
26760	1
74405	1
96025	1
31608	1
94491	1
87294	1
53223	1
27470	1
6720	1
27360	1
84996	1
27470	1
63810	1
48652	1
15177	1
23225	1
68414	1
24568	1
46026	1
57493	1
64630	1
97146	1
59243	1
61535	1
74405	1
60802	1
32473	1
68491	1
89783	1
93781	1
15210	1
12783	1
79758	1
22899	1
74405	1
59243	1
74405	1
91197	1
62471	1
85212	1
71503	1
62691	1
74405	1
74405	1
374	1
49194	1
40716	1
79192	1
74405	1
84996	1
89567	1
27360	1
6178	1
84996	1
27140	1
12308	1
75020	1
74405	1
51797	1
17099	1
45856	1
6178	1
74405	1
26762	1
80425	1
25801	1
30451	1
45929	1
62855	1
13458	1
84996	1
78646	1
55324	1
59679	1
84996	1
11964	1
16879	1
53223	1
95587	1
44191	1
63685	1
3444	1
7737	1
27360	1
70054	1
53223	1
68819	1
74405	1
401	1
38061	1
84064	1
37984	1
2153	1
62687	1
92133	1
74405	1
74405	1
83622	1
69944	1
48652	1
5821	1
94960	1
68601	1
74405	1
74405	1
69834	1
52913	1
62145	1
95587	1
93018	1
74405	1
6178	1
44953	1
19640	1
11291	1
15889	1
91016	1
14413	1
22671	1
2145	1
80535	1
84996	1
11023	1
91016	1
82067	1
80425	1
83653	1
16422	1
74405	1
53223	1
84093	1
74405	1
38505	1
74405	1
68462	1
15426	1
71393	1
84996	1
74405	1
80535	1
41588	1
41129	1
37077	1
8067	1
13647	1
84996	1
39827	1
41126	1
96362	1
61455	1
63814	1
4619	1
54205	1
53686	1
84093	1
30694	1
82094	1
62145	1
36934	1
69944	1
65446	1
15210	1
88903	1
36239	1
41158	1
26264	1
60636	1
84996	1
47183	1
66816	1
99332	1
82420	1
65373	1
38823	1
59243	1
19663	1
23229	1
16769	1
89781	1
41289	1
65373	1
89312	1
74405	1
15640	1
16769	1
72516	1
30914	1
23775	1
95666	1
30974	1
22546	1
74405	1
90003	1
9449	1
50537	1
74405	1
64600	1
75308	1
59050	1
53223	1
94028	1
53223	1
53223	1
23885	1
84996	1
21882	1
29116	1
62439	1
72736	1
8279	1
41985	1
63447	1
48652	1
84996	1
95587	1
50537	1
93169	1
84996	1
80967	1
44081	1
6178	1
31354	1
19997	1
3492	1
91126	1
6015	1
18805	1
95677	1
63036	1
71279	1
94433	1
21523	1
53962	1
35124	1
22516	1
3276	1
69695	1
30329	1
75607	1
65373	1
62828	1
51876	1
47996	1
53223	1
27605	1
27360	1
84996	1
27360	1
62580	1
45966	1
6547	1
33635	1
80448	1
51092	1
45017	1
32697	1
74405	1
90148	1
73260	1
95010	1
95587	1
53223	1
15426	1
63814	1
27470	1
88637	1
2433	1
91016	1
82310	1
16823	1
14197	1
79875	1
45393	1
94434	1
62471	1
9186	1
58282	1
95587	1
17923	1
53223	1
70062	1
97303	1
99145	1
24568	1
54705	1
74405	1
30969	1
20653	1
53223	1
68782	1
21556	1
84996	1
20929	1
65915	1
14621	1
74405	1
86167	1
81199	1
87321	1
95587	1
1104	1
71719	1
26220	1
62338	1
53223	1
29791	1
44081	1
38358	1
74405	1
78733	1
50757	1
30671	1
95587	1
2800	1
51554	1
68238	1
55957	1
5055	1
73828	1
71423	1
18214	1
4835	1
27470	1
27607	1
48405	1
84996	1
38028	1
85212	1
16879	1
56341	1
56056	1
74405	1
89783	1
74405	1
8970	1
79072	1
53223	1
47855	1
32720	1
53223	1
46983	1
56645	1
7737	1
74405	1
74405	1
63814	1
33490	1
63814	1
8253	1
88981	1
21340	1
70031	1
38061	1
42522	1
51554	1
74405	1
47776	1
13479	1
80425	1
63814	1
88114	1
48679	1
44191	1
16769	1
86092	1
82719	1
41667	1
74405	1
53688	1
63814	1
6288	1
73278	1
80535	1
36382	1
84747	1
53223	1
30175	1
55133	1
86790	1
7420	1
51770	1
50873	1
74405	1
38061	1
47093	1
46267	1
86721	1
52032	1
65373	1
85212	1
36506	1
42522	1
52096	1
41788	1
74405	1
39184	1
38061	1
38061	1
95587	1
36141	1
96789	1
44528	1
3694	1
6201	1
91016	1
25801	1
41534	1
95587	1
59243	1
56584	1
84996	1
67226	1
53223	1
33782	1
74405	1
50321	1
26814	1
72838	1
46076	1
5055	1
24568	1
57414	1
74405	1
1060	1
75964	1
61155	1
33081	1
41399	1
27360	1
42522	1
99911	1
12524	1
40963	1
59243	1
93808	1
74405	1
74405	1
74405	1
53223	1
83437	1
2840	1
51880	1
14241	1
53223	1
95247	1
74405	1
40114	1
74268	1
92025	1
55822	1
61049	1
26920	1
97146	1
47828	1
17315	1
94408	1
72736	1
53223	1
72410	1
71964	1
74405	1
56227	1
98866	1
16792	1
88857	1
35738	1
44843	1
47309	1
44156	1
1717	1
63231	1
37588	1
87894	1
27470	1
7312	1
67752	1
4179	1
27360	1
72736	1
36581	1
84996	1
29193	1
59132	1
76290	1
6178	1
70348	1
95587	1
70419	1
74405	1
27690	1
74405	1
8042	1
6288	1
95587	1
74405	1
72626	1
98888	1
26430	1
74405	1
19800	1
77083	1
63814	1
66932	1
74587	1
41725	1
41285	1
16769	1
69834	1
74405	1
38061	1
38798	1
74405	1
48652	1
53223	1
370	1
27360	1
17630	1
72846	1
63814	1
71613	1
27360	1
96019	1
8499	1
17122	1
59243	1
57684	1
30372	1
734	1
90630	1
28342	1
55434	1
30762	1
72846	1
95604	1
94335	1
74405	1
83437	1
90729	1
26453	1
2043	1
55517	1
90024	1
38061	1
50238	1
78866	1
91645	1
84330	1
27360	1
21120	1
88224	1
53223	1
91126	1
74405	1
158	1
74405	1
50285	1
13605	1
11296	1
85243	1
18438	1
37405	1
54016	1
88218	1
74405	1
25379	1
30850	1
84996	1
74405	1
40963	1
84996	1
43064	1
32561	1
27130	1
11291	1
70623	1
68578	1
62120	1
63814	1
48	1
27360	1
27470	1
38744	1
74405	1
59584	1
61421	1
66224	1
74405	1
38003	1
48652	1
19781	1
38198	1
33980	1
42408	1
69614	1
47635	1
84996	1
74405	1
63893	1
74405	1
94659	1
94897	1
60445	1
38524	1
14510	1
87101	1
2840	1
52237	1
74405	1
60556	1
75306	1
32164	1
93808	1
53223	1
74405	1
31755	1
84996	1
60119	1
64956	1
49194	1
63814	1
54668	1
41999	1
53223	1
17315	1
58010	1
95770	1
97146	1
74044	1
2300	1
79545	1
76082	1
32147	1
65433	1
74405	1
51554	1
84996	1
10091	1
74405	1
36502	1
23389	1
48467	1
81328	1
80425	1
55156	1
18386	1
27470	1
63814	1
27470	1
71283	1
97715	1
69477	1
9873	1
62988	1
74405	1
97256	1
27360	1
74405	1
56240	1
72726	1
62145	1
53223	1
41231	1
21882	1
74405	1
22264	1
33160	1
28045	1
80967	1
6674	1
67258	1
54205	1
52044	1
4702	1
76782	1
6178	1
27360	1
83653	1
36718	1
74405	1
4642	1
66320	1
62276	1
65373	1
30588	1
83769	1
66197	1
22721	1
27360	1
43420	1
53223	1
48652	1
80950	1
83908	1
56667	1
84996	1
44191	1
27360	1
56341	1
47010	1
4646	1
52096	1
63814	1
73282	1
74405	1
80425	1
43224	1
84996	1
31011	1
17099	1
38061	1
84996	1
84996	1
20873	1
72736	1
57682	1
80425	1
74405	1
44444	1
65865	1
14938	1
73085	1
74405	1
27875	1
44191	1
7320	1
34084	1
16769	1
36282	1
79192	1
46983	1
84996	1
91016	1
74405	1
85511	1
84996	1
89459	1
69944	1
53223	1
85322	1
72468	1
74405	1
74405	1
38061	1
63814	1
53223	1
25911	1
63814	1
91006	1
16379	1
6720	1
30572	1
59243	1
74405	1
27360	1
16769	1
1821	1
84089	1
44081	1
36498	1
32070	1
13867	1
38607	1
60912	1
85899	1
74405	1
16769	1
37075	1
58010	1
8970	1
80535	1
65699	1
84529	1
46105	1
78987	1
55565	1
60487	1
84656	1
9190	1
2286	1
22899	1
53223	1
27360	1
74405	1
53223	1
16769	1
91016	1
27360	1
81849	1
26343	1
19781	1
61651	1
87732	1
18517	1
86131	1
63814	1
65373	1
74405	1
33324	1
16316	1
24134	1
16769	1
52321	1
42987	1
26209	1
42518	1
19781	1
84996	1
82894	1
15368	1
74405	1
12365	1
33596	1
4042	1
59243	1
55984	1
84529	1
16879	1
4619	1
16196	1
31408	1
62336	1
53223	1
27360	1
42711	1
18438	1
27327	1
58909	1
60841	1
74405	1
74405	1
18214	1
68491	1
48652	1
44081	1
30775	1
30257	1
56341	1
72217	1
1524	1
81077	1
44301	1
96926	1
73168	1
13647	1
74405	1
56777	1
33702	1
50211	1
45966	1
63814	1
7737	1
1852	1
3822	1
89000	1
84996	1
12634	1
31931	1
87097	1
90794	1
45401	1
16219	1
4196	1
44934	1
64246	1
74405	1
53223	1
21340	1
59243	1
7131	1
59785	1
44306	1
35049	1
30478	1
36141	1
53383	1
23661	1
74405	1
52129	1
5298	1
27564	1
95913	1
76867	1
40523	1
47444	1
84996	1
31979	1
32720	1
95587	1
63814	1
16879	1
12634	1
6996	1
74317	1
95587	1
60125	1
6178	1
76389	1
53223	1
69834	1
72736	1
11652	1
36392	1
21832	1
43372	1
15674	1
65176	1
65373	1
27470	1
47388	1
6178	1
53223	1
77853	1
27360	1
84996	1
24458	1
24512	1
79765	1
54782	1
1717	1
98073	1
80535	1
74405	1
74405	1
1717	1
80308	1
21635	1
8609	1
4748	1
81874	1
50211	1
42821	1
59243	1
56102	1
21959	1
58338	1
44081	1
24796	1
9190	1
87234	1
74405	1
68711	1
29355	1
89326	1
38061	1
53875	1
74405	1
34032	1
37673	1
63814	1
16769	1
38061	1
7737	1
53223	1
53223	1
76290	1
16617	1
84996	1
26636	1
74405	1
74405	1
78038	1
75198	1
125	1
59243	1
57076	1
72736	1
77303	1
82290	1
99388	1
23088	1
74405	1
28012	1
16769	1
3602	1
6313	1
68491	1
31263	1
82094	1
26052	1
75281	1
43844	1
44191	1
65373	1
70054	1
16879	1
18897	1
48978	1
72681	1
63870	1
58340	1
15654	1
4208	1
16769	1
2733	1
55858	1
42192	1
16769	1
12308	1
53223	1
53223	1
77687	1
74405	1
29767	1
1366	1
68491	1
74405	1
85322	1
74405	1
14135	1
10244	1
56756	1
53223	1
50663	1
85843	1
15889	1
63814	1
68275	1
74405	1
29355	1
67043	1
53223	1
74405	1
33490	1
62934	1
99278	1
29737	1
59243	1
57240	1
84996	1
74405	1
29270	1
74297	1
91126	1
33613	1
74405	1
46263	1
33517	1
57184	1
47529	1
85212	1
63814	1
99031	1
21670	1
158	1
35269	1
91016	1
27360	1
38061	1
44191	1
60636	1
98294	1
18764	1
12308	1
61265	1
17797	1
33490	1
89373	1
94024	1
25911	1
64713	1
42848	1
44189	1
11726	1
53223	1
74405	1
38061	1
80535	1
84996	1
48	1
74405	1
61815	1
74405	1
92685	1
74735	1
25911	1
73821	1
65373	1
47500	1
53223	1
84749	1
33893	1
5819	1
93011	1
13949	1
53223	1
74405	1
70054	1
44191	1
29355	1
36502	1
14118	1
9593	1
52102	1
68483	1
39396	1
2483	1
75987	1
61894	1
74405	1
16335	1
16591	1
6178	1
6178	1
69944	1
38061	1
15532	1
55764	1
98815	1
27274	1
74405	1
18330	1
71240	1
74405	1
73062	1
82200	1
21523	1
27360	1
47581	1
74405	1
9186	1
74405	1
63814	1
62031	1
2043	1
80535	1
84996	1
74405	1
12439	1
73062	1
42632	1
83852	1
10749	1
4945	1
52210	1
50614	1
59243	1
30372	1
33600	1
37893	1
91126	1
7540	1
41318	1
74405	1
57194	1
64246	1
46383	1
74405	1
59243	1
4619	1
95587	1
94028	1
8420	1
81548	1
84996	1
22015	1
91171	1
53223	1
32137	1
60366	1
74405	1
74405	1
14507	1
72842	1
80425	1
18671	1
84996	1
60086	1
34692	1
38061	1
48	1
22882	1
3492	1
47093	1
74405	1
45452	1
16769	1
6178	1
10749	1
13427	1
44598	1
60854	1
74405	1
84996	1
48652	1
69834	1
49194	1
16219	1
84996	1
65373	1
45173	1
29519	1
74405	1
16769	1
63814	1
48432	1
74405	1
9190	1
63814	1
59489	1
68217	1
25293	1
75989	1
85511	1
16879	1
95093	1
13897	1
53223	1
70486	1
32853	1
99828	1
27360	1
53223	1
84996	1
19781	1
47752	1
53047	1
34776	1
62687	1
61155	1
13507	1
10749	1
81963	1
74405	1
85179	1
53796	1
74405	1
74405	1
97636	1
84996	1
20328	1
34856	1
856	1
41179	1
48382	1
29355	1
97353	1
84996	1
9190	1
44081	1
13404	1
32761	1
63814	1
9406	1
74405	1
38061	1
37295	1
6178	1
40963	1
48652	1
6178	1
53223	1
27470	1
9190	1
62138	1
23885	1
9190	1
80535	1
85102	1
10282	1
88440	1
85511	1
81980	1
65346	1
69834	1
84996	1
54269	1
38061	1
51554	1
36392	1
89567	1
88554	1
38387	1
94028	1
63567	1
91595	1
36037	1
86881	1
53223	1
74405	1
74972	1
60273	1
84996	1
74405	1
44407	1
87599	1
28867	1
74405	1
44081	1
67478	1
77633	1
45975	1
23426	1
63814	1
84996	1
20888	1
51550	1
78098	1
84996	1
95473	1
74405	1
9066	1
57281	1
25320	1
74405	1
22899	1
83979	1
47093	1
1717	1
53001	1
85476	1
93791	1
63814	1
63814	1
95587	1
89567	1
82507	1
15316	1
16879	1
42082	1
86555	1
74405	1
27360	1
14247	1
52210	1
39896	1
57900	1
74405	1
89457	1
79770	1
95454	1
63814	1
27360	1
53223	1
43313	1
16879	1
74405	1
17048	1
31871	1
74405	1
63814	1
1800	1
11432	1
98815	1
16879	1
2167	1
27360	1
68246	1
16769	1
73145	1
16769	1
91016	1
39419	1
54290	1
21340	1
24458	1
88449	1
63814	1
27360	1
16105	1
97335	1
18986	1
61684	1
61128	1
5384	1
594	1
74100	1
32257	1
40963	1
24784	1
48652	1
84996	1
57900	1
5161	1
14633	1
46873	1
91016	1
6288	1
70440	1
91865	1
70612	1
76171	1
62145	1
58010	1
5302	1
90360	1
53223	1
62901	1
78949	1
74405	1
43151	1
27360	1
60582	1
32597	1
28122	1
16769	1
74405	1
51197	1
63814	1
21363	1
17280	1
74405	1
94574	1
4835	1
68325	1
38603	1
91126	1
48899	1
69720	1
38823	1
33490	1
29575	1
48075	1
27360	1
2228	1
52893	1
67540	1
84996	1
16769	1
74405	1
25801	1
14193	1
8947	1
72352	1
18542	1
99172	1
89920	1
53520	1
51149	1
7898	1
4341	1
65699	1
27887	1
65263	1
94354	1
74405	1
78808	1
91886	1
84996	1
16769	1
97146	1
54955	1
27360	1
79443	1
9402	1
33897	1
69944	1
53223	1
86468	1
53223	1
58450	1
84996	1
78866	1
1835	1
12649	1
38061	1
98962	1
78866	1
74405	1
91016	1
71613	1
40305	1
35269	1
40248	1
5601	1
67179	1
97009	1
45966	1
8557	1
74841	1
16769	1
15442	1
38061	1
78266	1
1007	1
27618	1
12308	1
17263	1
30607	1
27763	1
71613	1
17533	1
84996	1
14230	1
47747	1
78893	1
98049	1
36392	1
84996	1
74405	1
50321	1
80425	1
53223	1
79680	1
64030	1
16879	1
80394	1
38061	1
64030	1
29416	1
16769	1
18857	1
24192	1
33490	1
54782	1
54782	1
24238	1
44081	1
55326	1
59748	1
62959	1
74405	1
67142	1
63814	1
48652	1
44081	1
32425	1
74405	1
63814	1
41889	1
81135	1
17114	1
23681	1
18764	1
80535	1
14905	1
50973	1
16769	1
56290	1
77743	1
83437	1
74405	1
38169	1
84996	1
86881	1
3492	1
16769	1
43648	1
69944	1
74405	1
27360	1
77453	1
94292	1
27470	1
11652	1
21666	1
33490	1
67258	1
87491	1
95587	1
45966	1
53223	1
1717	1
97393	1
53223	1
53223	1
53223	1
16879	1
63814	1
90578	1
43669	1
13753	1
98348	1
91066	1
58010	1
45970	1
76275	1
39236	1
84969	1
38412	1
74405	1
33600	1
80293	1
8260	1
39236	1
60472	1
58915	1
38061	1
89727	1
7706	1
72736	1
27061	1
63814	1
91973	1
84996	1
63814	1
69944	1
84996	1
35049	1
64906	1
97472	1
16769	1
84996	1
92139	1
81548	1
74405	1
76506	1
60802	1
59646	1
63814	1
38061	1
72736	1
74405	1
74412	1
4835	1
82198	1
74405	1
24348	1
94028	1
33902	1
49308	1
15752	1
19094	1
79628	1
68074	1
57684	1
74405	1
59142	1
197	1
88986	1
12308	1
95587	1
19508	1
7737	1
27223	1
63814	1
6178	1
31217	1
91122	1
84996	1
12850	1
35375	1
59094	1
39072	1
59785	1
84996	1
74405	1
41729	1
53182	1
84996	1
44081	1
59187	1
84089	1
814	1
81901	1
89787	1
22899	1
6288	1
62797	1
74405	1
33540	1
39946	1
92025	1
27360	1
27360	1
55573	1
6178	1
28637	1
47085	1
24400	1
84996	1
12225	1
27470	1
1717	1
68051	1
93011	1
63949	1
53113	1
53223	1
58849	1
42061	1
16654	1
84232	1
95587	1
42221	1
33490	1
74405	1
91016	1
21558	1
28046	1
24020	1
74405	1
91558	1
46732	1
57900	1
18002	1
52081	1
88060	1
74405	1
55438	1
74405	1
91126	1
59160	1
95064	1
13977	1
9441	1
1156	1
72296	1
13855	1
87101	1
90271	1
74405	1
1717	1
52017	1
40766	1
15752	1
42522	1
56341	1
48476	1
72846	1
72736	1
54894	1
38022	1
36255	1
83404	1
27360	1
76039	1
14193	1
98898	1
84996	1
13280	1
30372	1
57038	1
84996	1
4619	1
45393	1
40849	1
2454	1
74405	1
26631	1
38061	1
55565	1
80535	1
88876	1
74405	1
27470	1
74262	1
60661	1
67835	1
47471	1
94028	1
6178	1
93393	1
74405	1
91778	1
52012	1
62145	1
16879	1
53223	1
33490	1
53223	1
53223	1
52972	1
95587	1
1933	1
31898	1
93588	1
15536	1
69944	1
74405	1
91126	1
93628	1
80425	1
83873	1
21340	1
26264	1
6178	1
27360	1
47749	1
80535	1
83437	1
51554	1
86555	1
75964	1
63814	1
69834	1
21556	1
63814	1
74785	1
72736	1
23445	1
68161	1
83305	1
77409	1
74405	1
77500	1
66932	1
80425	1
3139	1
43327	1
69940	1
44081	1
12308	1
36172	1
16879	1
33816	1
27360	1
85102	1
79661	1
58006	1
73145	1
5190	1
4619	1
91016	1
3681	1
82887	1
93011	1
71156	1
51251	1
84996	1
2464	1
14853	1
93835	1
69500	1
95783	1
84996	1
67914	1
47855	1
74405	1
84043	1
67335	1
14087	1
27470	1
15532	1
74405	1
53223	1
91016	1
74210	1
74405	1
4653	1
30694	1
85027	1
80425	1
74405	1
49881	1
84996	1
22322	1
70048	1
12308	1
9174	1
43751	1
91782	1
33623	1
7764	1
10591	1
74405	1
55521	1
48652	1
35516	1
15051	1
80535	1
73789	1
57900	1
75964	1
74405	1
27713	1
74405	1
84996	1
74405	1
66712	1
74405	1
56341	1
74405	1
59891	1
39103	1
39405	1
21556	1
88060	1
16879	1
40458	1
99398	1
94786	1
9406	1
59741	1
38277	1
11648	1
38949	1
84996	1
37158	1
74405	1
97647	1
74405	1
9622	1
95587	1
84996	1
370	1
78866	1
27686	1
74405	1
28288	1
84996	1
50973	1
88440	1
74405	1
84996	1
52509	1
47093	1
63814	1
33490	1
27360	1
57684	1
27360	1
6267	1
12308	1
53910	1
78312	1
12163	1
27466	1
39184	1
39836	1
60935	1
56385	1
53223	1
32257	1
74557	1
89260	1
78532	1
91668	1
18544	1
61740	1
45503	1
84996	1
84996	1
39373	1
75528	1
48978	1
84996	1
61811	1
84996	1
77849	1
63814	1
86314	1
16399	1
36502	1
4835	1
74405	1
74405	1
99145	1
31817	1
53223	1
35296	1
86555	1
15752	1
53113	1
82368	1
27360	1
19725	1
53621	1
16769	1
21579	1
71802	1
63814	1
84996	1
74405	1
44899	1
65373	1
39813	1
61235	1
77849	1
74405	1
36735	1
53223	1
45642	1
78073	1
94894	1
19997	1
64615	1
63814	1
9678	1
60445	1
22899	1
24784	1
77060	1
78972	1
21556	1
65915	1
59243	1
94406	1
38061	1
18434	1
38281	1
63814	1
24617	1
24022	1
6284	1
7737	1
78866	1
4835	1
27250	1
8594	1
81077	1
13786	1
15237	1
93675	1
21340	1
57188	1
16769	1
38061	1
7187	1
74405	1
48432	1
45254	1
69834	1
63814	1
91510	1
89976	1
35379	1
51550	1
65589	1
65589	1
33270	1
95587	1
63814	1
74405	1
6178	1
74405	1
63814	1
74405	1
30372	1
8723	1
51656	1
1846	1
90335	1
81077	1
48088	1
86555	1
43569	1
62145	1
84996	1
46692	1
2456	1
158	1
99411	1
89457	1
83739	1
63814	1
63814	1
84996	1
31927	1
13211	1
8967	1
76180	1
89457	1
74405	1
40682	1
25481	1
72736	1
74405	1
62471	1
85212	1
62145	1
89567	1
38964	1
69944	1
20433	1
84996	1
89748	1
74405	1
74405	1
70267	1
48652	1
49007	1
84996	1
62467	1
84336	1
45580	1
11291	1
97079	1
52700	1
72842	1
7496	1
30368	1
95587	1
70544	1
25801	1
84996	1
70376	1
8086	1
12304	1
39836	1
56341	1
94431	1
15210	1
71036	1
44191	1
59243	1
12308	1
6025	1
17128	1
74405	1
71524	1
74405	1
42302	1
74405	1
33816	1
44191	1
43855	1
53875	1
12352	1
87672	1
68051	1
4619	1
39969	1
63814	1
99693	1
53223	1
91778	1
74405	1
89567	1
9138	1
93154	1
603	1
74405	1
63814	1
30013	1
27360	1
81573	1
97285	1
2202	1
4553	1
81748	1
58078	1
74621	1
63814	1
34563	1
95587	1
53223	1
17421	1
86370	1
25907	1
58122	1
77413	1
80425	1
48	1
53223	1
19781	1
74405	1
91278	1
63814	1
15210	1
16769	1
31305	1
1717	1
11658	1
62467	1
698	1
16769	1
66739	1
26127	1
16769	1
56088	1
74405	1
84996	1
53223	1
154	1
63947	1
55870	1
53223	1
5014	1
12308	1
25801	1
35124	1
26835	1
88554	1
11274	1
73348	1
95587	1
44301	1
65699	1
44081	1
1933	1
84996	1
63814	1
16879	1
74405	1
24784	1
69834	1
74405	1
9190	1
21116	1
7737	1
63814	1
34692	1
71723	1
52539	1
71719	1
27360	1
53223	1
27360	1
74920	1
85102	1
95008	1
30372	1
92901	1
108	1
65315	1
27030	1
38497	1
36278	1
56177	1
27470	1
14029	1
28099	1
74405	1
53223	1
77166	1
84996	1
88440	1
84996	1
3728	1
68491	1
41021	1
84996	1
97420	1
65844	1
95587	1
3185	1
374	1
84996	1
74405	1
9676	1
16769	1
62255	1
10749	1
84996	1
14625	1
43751	1
72736	1
28452	1
53223	1
34567	1
56487	1
44081	1
48652	1
16879	1
63814	1
46792	1
16769	1
63814	1
46983	1
83869	1
63814	1
6504	1
7297	1
63814	1
78866	1
44081	1
70025	1
55725	1
11864	1
67615	1
41289	1
53223	1
59789	1
55984	1
74405	1
53223	1
80425	1
91016	1
27470	1
74405	1
74648	1
4835	1
41405	1
28217	1
25764	1
32147	1
63814	1
67428	1
75391	1
38174	1
3440	1
98815	1
37484	1
39620	1
74405	1
6803	1
38061	1
41179	1
16879	1
48	1
23115	1
35132	1
74405	1
27470	1
49858	1
60419	1
86555	1
63814	1
22899	1
36498	1
53223	1
82094	1
11765	1
59770	1
97285	1
5381	1
55654	1
74405	1
74405	1
95987	1
55061	1
27470	1
91643	1
97036	1
75964	1
22868	1
27770	1
95587	1
65699	1
47498	1
53223	1
53223	1
80425	1
158	1
69834	1
95585	1
21556	1
49352	1
7592	1
27317	1
22615	1
38061	1
74405	1
84996	1
81874	1
57684	1
16769	1
44081	1
60912	1
74405	1
82090	1
73531	1
74405	1
58827	1
27360	1
95587	1
1717	1
19787	1
72846	1
60590	1
90439	1
16769	1
84180	1
90219	1
48652	1
86675	1
21803	1
12906	1
24101	1
27360	1
85322	1
2153	1
83437	1
38061	1
27360	1
65917	1
74405	1
84996	1
91558	1
62255	1
80535	1
20024	1
99475	1
87517	1
97196	1
33851	1
33490	1
65373	1
22646	1
84842	1
63282	1
38005	1
53223	1
41650	1
65373	1
15210	1
16769	1
63814	1
27360	1
53223	1
74405	1
85182	1
74405	1
22899	1
32693	1
74405	1
84996	1
89457	1
93588	1
41729	1
94244	1
91016	1
16769	1
75964	1
72159	1
77139	1
27470	1
12389	1
80535	1
74405	1
59789	1
21683	1
67866	1
53223	1
58000	1
97146	1
16273	1
47093	1
15183	1
69112	1
65373	1
95587	1
68491	1
54315	1
74405	1
7787	1
62755	1
99683	1
95147	1
5985	1
27360	1
74405	1
51658	1
8811	1
63810	1
10100	1
36392	1
74405	1
28890	1
8640	1
49771	1
71719	1
25714	1
35049	1
70735	1
4945	1
29029	1
43240	1
74405	1
48208	1
84996	1
30752	1
4538	1
56997	1
74405	1
84996	1
51649	1
38061	1
53223	1
80971	1
24784	1
83869	1
69317	1
42522	1
64030	1
88797	1
28070	1
83437	1
56881	1
19476	1
76510	1
55348	1
81953	1
51413	1
5777	1
66264	1
83964	1
74405	1
98002	1
82470	1
74405	1
79192	1
87408	1
74405	1
47093	1
25801	1
74405	1
45856	1
74405	1
45067	1
27360	1
3631	1
18002	1
74405	1
83780	1
53439	1
76506	1
70040	1
27360	1
42383	1
84996	1
62897	1
74405	1
70486	1
16769	1
13074	1
21369	1
33816	1
62114	1
43163	1
50211	1
96463	1
50470	1
88176	1
38869	1
95587	1
18223	1
74405	1
63814	1
71749	1
21340	1
17558	1
75470	1
85511	1
7616	1
13126	1
48652	1
52330	1
74405	1
36392	1
41424	1
71806	1
63814	1
38389	1
35516	1
6178	1
83286	1
15949	1
54346	1
24078	1
5570	1
95587	1
54782	1
84996	1
73062	1
97632	1
24425	1
78098	1
59243	1
16140	1
91122	1
13035	1
63814	1
92685	1
48648	1
95826	1
72485	1
38061	1
84996	1
59243	1
69614	1
10965	1
21556	1
63814	1
97822	1
88122	1
75521	1
74405	1
74405	1
56557	1
16769	1
48011	1
51251	1
36824	1
86092	1
65373	1
63484	1
42138	1
19842	1
32996	1
97584	1
46895	1
18654	1
85760	1
63814	1
74405	1
83151	1
27360	1
74405	1
68734	1
62471	1
32861	1
27360	1
16769	1
89999	1
19005	1
39371	1
91919	1
66996	1
84996	1
84996	1
29029	1
52096	1
374	1
27470	1
34968	1
84996	1
72925	1
95587	1
45551	1
17421	1
33248	1
18201	1
82740	1
6288	1
62471	1
16331	1
31663	1
45837	1
92341	1
12308	1
27470	1
44081	1
33816	1
63814	1
63814	1
19781	1
12391	1
2132	1
63680	1
12088	1
63885	1
33490	1
37295	1
27470	1
74405	1
56144	1
69267	1
95583	1
69834	1
77446	1
34449	1
6373	1
95587	1
91016	1
27470	1
96129	1
84996	1
91346	1
51361	1
51880	1
27360	1
79711	1
74405	1
39620	1
10089	1
44081	1
48652	1
53113	1
84996	1
96023	1
43198	1
33816	1
91016	1
72267	1
32147	1
51550	1
24161	1
74405	1
2456	1
21475	1
52778	1
71283	1
53223	1
96845	1
53223	1
27360	1
19301	1
82069	1
44058	1
62687	1
16879	1
38281	1
74405	1
53223	1
57381	1
27360	1
63201	1
27825	1
22899	1
69834	1
3276	1
84996	1
41388	1
20717	1
59160	1
5572	1
53250	1
63814	1
88178	1
66635	1
26995	1
16769	1
84164	1
97256	1
80751	1
21556	1
71613	1
42194	1
53223	1
22328	1
69834	1
76427	1
65373	1
27360	1
28838	1
49200	1
72846	1
67774	1
84637	1
52372	1
34119	1
44411	1
47309	1
38061	1
98815	1
5705	1
39616	1
53223	1
15704	1
84996	1
61485	1
62255	1
27360	1
3691	1
46983	1
84556	1
46267	1
27360	1
20331	1
16769	1
12634	1
65373	1
29249	1
41206	1
92685	1
86738	1
60692	1
71393	1
94024	1
51880	1
74405	1
69718	1
84340	1
95587	1
44081	1
84996	1
76194	1
20516	1
58882	1
14413	1
8420	1
11185	1
58963	1
14413	1
91668	1
85511	1
27360	1
53223	1
29027	1
21199	1
65373	1
80535	1
64656	1
62145	1
6720	1
53223	1
76973	1
74405	1
53223	1
44191	1
63814	1
37154	1
15426	1
59569	1
74405	1
74405	1
63814	1
71935	1
2043	1
97256	1
80971	1
84996	1
52514	1
56437	1
74405	1
12555	1
6178	1
74405	1
38061	1
43884	1
97281	1
74405	1
29791	1
76647	1
8200	1
27470	1
16992	1
37044	1
90001	1
57684	1
1717	1
21556	1
62255	1
80425	1
48	1
84393	1
6178	1
83437	1
74405	1
16769	1
28263	1
41399	1
30559	1
94028	1
14687	1
13074	1
53223	1
80425	1
48652	1
95167	1
4835	1
74405	1
41179	1
1717	1
1609	1
5770	1
74397	1
48652	1
25824	1
36278	1
56227	1
74405	1
74405	1
74405	1
68275	1
6178	1
84996	1
82588	1
40963	1
20437	1
19451	1
40883	1
84996	1
93286	1
44191	1
35544	1
40826	1
15462	1
32720	1
79395	1
81018	1
74405	1
80724	1
53047	1
87674	1
86582	1
69477	1
54338	1
84996	1
27140	1
63814	1
59924	1
77087	1
11291	1
53765	1
38061	1
53223	1
53223	1
28041	1
53223	1
63814	1
84996	1
44081	1
6014	1
87402	1
88521	1
63814	1
6178	1
91558	1
44847	1
24788	1
72846	1
91126	1
9622	1
74405	1
72736	1
16769	1
91016	1
74405	1
76555	1
74405	1
79522	1
72842	1
84996	1
78866	1
19928	1
53223	1
92249	1
6178	1
62664	1
48432	1
1717	1
38061	1
24732	1
60908	1
63814	1
84996	1
80535	1
69944	1
74405	1
62379	1
9653	1
74405	1
34499	1
16879	1
79890	1
80095	1
34416	1
26343	1
55355	1
30372	1
8829	1
87676	1
8283	1
74405	1
63712	1
65589	1
21556	1
77751	1
93611	1
90530	1
74405	1
7355	1
11511	1
21116	1
11625	1
85212	1
20526	1
34420	1
21911	1
30993	1
71173	1
58969	1
46400	1
84996	1
27902	1
33600	1
75167	1
3284	1
7737	1
75684	1
87037	1
74405	1
70160	1
52971	1
84996	1
18436	1
84996	1
72846	1
84529	1
74405	1
84776	1
40963	1
81934	1
77087	1
854	1
74405	1
74405	1
25195	1
53223	1
74405	1
84996	1
68275	1
25801	1
38387	1
91016	1
49194	1
54941	1
16769	1
59850	1
53223	1
75217	1
48839	1
49771	1
63814	1
42408	1
63814	1
11623	1
63704	1
16769	1
158	1
74405	1
47093	1
97393	1
75740	1
97715	1
71063	1
22891	1
27360	1
84996	1
77759	1
16769	1
93831	1
48899	1
33953	1
34717	1
17523	1
29305	1
69693	1
38664	1
32367	1
41725	1
41590	1
89457	1
80170	1
16879	1
40363	1
61873	1
75771	1
59243	1
74405	1
32913	1
1717	1
36172	1
82420	1
74405	1
8063	1
18654	1
53223	1
16769	1
82622	1
27360	1
53223	1
3272	1
95803	1
38061	1
74405	1
16769	1
52476	1
74405	1
16879	1
77270	1
57051	1
78372	1
90151	1
74405	1
83657	1
74405	1
46983	1
71613	1
61348	1
36718	1
10583	1
74621	1
14193	1
91699	1
17311	1
38061	1
14633	1
63814	1
12308	1
27470	1
6178	1
30945	1
75964	1
18764	1
86715	1
74405	1
74405	1
50817	1
50066	1
26127	1
4096	1
62797	1
86555	1
63814	1
85322	1
74405	1
66932	1
16879	1
88224	1
23229	1
13823	1
12816	1
14353	1
63814	1
63731	1
72103	1
84996	1
62056	1
87333	1
41534	1
96710	1
6261	1
46317	1
84094	1
50211	1
49275	1
29932	1
15210	1
62633	1
32257	1
43201	1
89457	1
53223	1
53223	1
37773	1
99002	1
98815	1
13753	1
93584	1
74405	1
56447	1
39479	1
41452	1
16769	1
44191	1
1717	1
16989	1
73168	1
814	1
91016	1
87981	1
70081	1
53223	1
74405	1
84996	1
17491	1
42383	1
27587	1
78646	1
63814	1
39727	1
30368	1
49383	1
59106	1
72516	1
44081	1
12111	1
54782	1
9190	1
48978	1
25911	1
54342	1
94616	1
69944	1
48652	1
7056	1
7737	1
38061	1
98595	1
79082	1
42522	1
46983	1
86385	1
41258	1
58666	1
11055	1
84996	1
31275	1
47855	1
29029	1
909	1
74405	1
14739	1
27190	1
25430	1
85870	1
86042	1
30372	1
47093	1
41972	1
22899	1
89783	1
16879	1
84996	1
58309	1
39944	1
53765	1
80425	1
20684	1
74405	1
33461	1
71723	1
16769	1
27360	1
16769	1
53136	1
97146	1
65373	1
48652	1
48652	1
16769	1
72265	1
95170	1
98811	1
2153	1
63814	1
72626	1
16769	1
67835	1
12308	1
7419	1
42522	1
75964	1
89127	1
14193	1
93867	1
27507	1
2089	1
4288	1
48272	1
94028	1
87674	1
80041	1
67412	1
77743	1
27470	1
27360	1
38061	1
57680	1
96762	1
27360	1
84996	1
84996	1
26347	1
74405	1
53223	1
92849	1
99577	1
72846	1
65282	1
42302	1
4835	1
79522	1
41289	1
50838	1
31258	1
74405	1
74405	1
97011	1
74405	1
65259	1
20786	1
10965	1
74405	1
74405	1
81517	1
98815	1
38061	1
77822	1
38823	1
80031	1
65296	1
8283	1
67164	1
79105	1
80425	1
2840	1
50016	1
74405	1
74405	1
63814	1
13614	1
14278	1
16769	1
57684	1
69516	1
97146	1
84996	1
49788	1
84996	1
98593	1
19702	1
58299	1
8067	1
63704	1
53223	1
51554	1
69093	1
64607	1
74405	1
41235	1
68671	1
62471	1
25880	1
74405	1
22052	1
92685	1
12088	1
65373	1
69693	1
74405	1
46778	1
75711	1
33490	1
53223	1
24264	1
34561	1
11852	1
74405	1
16879	1
4046	1
91122	1
40716	1
96243	1
20240	1
83680	1
74405	1
97061	1
63814	1
28915	1
61923	1
91016	1
69940	1
88114	1
80425	1
31653	1
59243	1
18081	1
48652	1
85451	1
41366	1
53435	1
42848	1
34395	1
4912	1
74405	1
9765	1
1985	1
43641	1
75607	1
38823	1
32658	1
45750	1
50487	1
6178	1
10965	1
53223	1
30372	1
74405	1
74405	1
26997	1
47093	1
74405	1
51612	1
53223	1
4619	1
13263	1
86555	1
83437	1
36392	1
5927	1
99168	1
77170	1
58720	1
19997	1
53223	1
1717	1
9016	1
84996	1
27360	1
44301	1
12308	1
74405	1
62687	1
4835	1
38061	1
30013	1
8640	1
80967	1
81257	1
53223	1
81384	1
35572	1
38061	1
31931	1
6178	1
53223	1
42852	1
17263	1
74405	1
98375	1
15440	1
54126	1
76240	1
84996	1
57445	1
74405	1
31927	1
59243	1
74405	1
33270	1
65942	1
43064	1
84996	1
73058	1
84996	1
69834	1
95606	1
74405	1
19534	1
53223	1
69834	1
57684	1
49194	1
44081	1
22899	1
39616	1
84996	1
28346	1
69834	1
56860	1
44081	1
37926	1
82937	1
15210	1
48868	1
88332	1
84996	1
32761	1
12275	1
64937	1
6178	1
53223	1
74947	1
64470	1
6178	1
74405	1
51550	1
11691	1
66276	1
82094	1
21882	1
88552	1
85855	1
74405	1
47279	1
72753	1
36199	1
37980	1
84996	1
23908	1
12088	1
59679	1
29465	1
39427	1
19231	1
21735	1
48	1
24101	1
68601	1
48758	1
74405	1
5198	1
85322	1
68570	1
74405	1
95770	1
25911	1
74955	1
13229	1
74405	1
16769	1
48072	1
25110	1
31211	1
74405	1
21340	1
16879	1
13074	1
63814	1
26438	1
47373	1
84996	1
58876	1
68817	1
53223	1
52644	1
5055	1
16664	1
74405	1
74405	1
27470	1
80751	1
74405	1
40903	1
80425	1
23115	1
4945	1
71719	1
7795	1
34212	1
55957	1
12308	1
61153	1
63258	1
53223	1
22899	1
57684	1
53113	1
74405	1
84996	1
12308	1
95077	1
18978	1
20317	1
53223	1
74405	1
84996	1
88603	1
78449	1
33492	1
69944	1
84996	1
16769	1
99031	1
22899	1
45561	1
48652	1
44191	1
29575	1
98601	1
79985	1
95587	1
6178	1
35458	1
3328	1
19997	1
48668	1
2043	1
55222	1
13224	1
67395	1
65313	1
84996	1
85420	1
74405	1
91016	1
58010	1
74405	1
51524	1
65373	1
67475	1
7297	1
64437	1
77442	1
84996	1
84996	1
73836	1
64634	1
54203	1
98155	1
12308	1
34032	1
93011	1
91622	1
14197	1
98771	1
74405	1
80425	1
95587	1
95587	1
53223	1
36085	1
27360	1
77139	1
6178	1
44598	1
18301	1
48006	1
12308	1
94028	1
85359	1
27470	1
8860	1
80201	1
74405	1
86094	1
44191	1
39042	1
74405	1
1717	1
16879	1
48	1
11405	1
42977	1
40164	1
54782	1
49501	1
20981	1
85108	1
90109	1
48652	1
36616	1
40544	1
48978	1
47992	1
89596	1
27360	1
91016	1
44081	1
75964	1
18438	1
38962	1
26347	1
50187	1
12308	1
8913	1
71393	1
35898	1
22793	1
53223	1
16879	1
73062	1
84996	1
53763	1
26702	1
53223	1
80425	1
1740	1
38358	1
50844	1
84996	1
32614	1
74681	1
55133	1
17452	1
36511	1
91558	1
76375	1
3318	1
56667	1
34719	1
93312	1
44081	1
9788	1
89457	1
90327	1
53223	1
36502	1
80425	1
21662	1
80425	1
91782	1
38901	1
43971	1
95587	1
35415	1
82887	1
89783	1
69944	1
19449	1
35620	1
53223	1
4835	1
87395	1
10141	1
3272	1
84996	1
83437	1
55764	1
6284	1
16196	1
72846	1
47093	1
65919	1
95587	1
82970	1
38935	1
29737	1
9309	1
91016	1
85457	1
69134	1
22899	1
4619	1
80751	1
90030	1
75740	1
74405	1
27360	1
94354	1
14197	1
27819	1
53223	1
17807	1
74405	1
8499	1
74405	1
48083	1
27360	1
10282	1
49560	1
65373	1
97131	1
63020	1
33490	1
25911	1
8860	1
12308	1
27360	1
74405	1
30372	1
58006	1
44584	1
53223	1
28342	1
95587	1
94028	1
82094	1
69041	1
15536	1
84996	1
16879	1
5904	1
7737	1
28012	1
6361	1
4602	1
44764	1
34362	1
84996	1
3838	1
12308	1
31491	1
48652	1
85899	1
26381	1
70160	1
74405	1
26453	1
9190	1
7517	1
78646	1
76979	1
78846	1
23524	1
2840	1
32395	1
42848	1
64497	1
81077	1
74405	1
94408	1
65699	1
35269	1
42848	1
69834	1
58747	1
19125	1
99649	1
74405	1
38061	1
22899	1
12308	1
26673	1
50865	1
80556	1
63814	1
74405	1
53223	1
22175	1
370	1
69602	1
62114	1
99938	1
79082	1
63814	1
1717	1
53223	1
33490	1
48	1
69834	1
74405	1
84996	1
75454	1
74405	1
48652	1
97036	1
53223	1
74405	1
6178	1
84996	1
84996	1
21446	1
44623	1
3928	1
84996	1
32788	1
89783	1
69834	1
47554	1
73685	1
63814	1
16769	1
21340	1
95587	1
63814	1
63814	1
91016	1
1717	1
91016	1
71005	1
77123	1
30588	1
65373	1
66056	1
74405	1
7490	1
93125	1
95803	1
53203	1
53223	1
54998	1
74405	1
95803	1
2963	1
47388	1
43784	1
59243	1
84996	1
30044	1
74405	1
36471	1
35375	1
86798	1
38061	1
32367	1
16102	1
52488	1
68518	1
99583	1
79192	1
11562	1
10008	1
20896	1
65373	1
53966	1
53439	1
62255	1
12308	1
32830	1
47636	1
84996	1
84720	1
6178	1
40799	1
93152	1
77697	1
96102	1
40265	1
84996	1
44191	1
6674	1
63814	1
60912	1
38061	1
12414	1
78509	1
36502	1
11401	1
57983	1
39620	1
81934	1
91016	1
71227	1
69944	1
16439	1
50074	1
84996	1
31931	1
96901	1
27360	1
59243	1
25779	1
80755	1
18426	1
53223	1
91016	1
38037	1
48652	1
20240	1
95587	1
91126	1
14197	1
44081	1
74405	1
74405	1
60551	1
47969	1
44191	1
65373	1
77851	1
92288	1
91016	1
29932	1
71933	1
50919	1
48652	1
63238	1
77787	1
51770	1
47749	1
83215	1
15210	1
15889	1
96710	1
48206	1
46230	1
40963	1
80535	1
9219	1
91016	1
6178	1
53223	1
27470	1
29930	1
63814	1
95587	1
3033	1
25911	1
16879	1
53242	1
30588	1
30372	1
74405	1
52588	1
74405	1
17755	1
37947	1
65593	1
17814	1
22164	1
81658	1
40411	1
59243	1
53223	1
81328	1
73062	1
36660	1
84996	1
36220	1
33270	1
19993	1
22899	1
18297	1
74405	1
41837	1
16769	1
3013	1
53144	1
84996	1
19781	1
27360	1
74405	1
92901	1
84996	1
60802	1
27360	1
78293	1
91126	1
72526	1
1717	1
59129	1
74405	1
81629	1
42522	1
74405	1
32367	1
53223	1
73332	1
87861	1
69944	1
32822	1
21467	1
65373	1
95587	1
53223	1
54782	1
48652	1
80425	1
27470	1
38387	1
96434	1
41945	1
74405	1
73905	1
91126	1
71227	1
53642	1
69834	1
74405	1
94028	1
80425	1
97173	1
84996	1
81272	1
74405	1
53223	1
53439	1
80425	1
58745	1
6178	1
69834	1
23441	1
53223	1
89283	1
84996	1
36606	1
53223	1
96353	1
95587	1
89567	1
97256	1
62797	1
30605	1
89779	1
32693	1
28126	1
12850	1
92685	1
90080	1
99938	1
84996	1
74405	1
86131	1
67179	1
23335	1
4970	1
71503	1
30372	1
59858	1
38061	1
78646	1
731	1
16769	1
42522	1
14876	1
27360	1
60997	1
94039	1
77963	1
84996	1
16879	1
16628	1
88141	1
88080	1
64246	1
84996	1
70069	1
94244	1
48652	1
73110	1
69834	1
73988	1
97885	1
16879	1
62493	1
1717	1
74405	1
2028	1
74405	1
80535	1
80425	1
3689	1
4914	1
63814	1
63065	1
59708	1
65809	1
24599	1
24568	1
27470	1
47618	1
2872	1
30505	1
58909	1
47255	1
14745	1
37066	1
26963	1
54643	1
1717	1
27084	1
74405	1
97146	1
25801	1
62770	1
53443	1
51415	1
46983	1
33490	1
84996	1
28753	1
10745	1
16769	1
27470	1
48652	1
23719	1
22899	1
46983	1
82094	1
48	1
65335	1
67567	1
57103	1
6504	1
62988	1
34275	1
72626	1
71063	1
54562	1
7627	1
17849	1
35408	1
74405	1
16769	1
59197	1
16300	1
25911	1
75935	1
89349	1
74405	1
20873	1
59243	1
16769	1
74405	1
30372	1
17394	1
53663	1
1383	1
47309	1
1717	1
84996	1
62428	1
33490	1
97935	1
35049	1
77853	1
74405	1
18214	1
47292	1
47529	1
62255	1
74405	1
42628	1
53223	1
40963	1
30372	1
62471	1
21228	1
53223	1
48652	1
84996	1
63814	1
60802	1
48652	1
16769	1
21496	1
2730	1
16879	1
54680	1
84450	1
63434	1
74891	1
53223	1
36502	1
1325	1
53439	1
14193	1
59243	1
69944	1
57137	1
51660	1
48	1
53180	1
15181	1
30013	1
40384	1
71393	1
12501	1
74405	1
15329	1
20022	1
77793	1
91126	1
30628	1
64879	1
11241	1
79192	1
63884	1
96053	1
56383	1
91126	1
53439	1
58340	1
16319	1
89316	1
23202	1
95587	1
63814	1
73552	1
68601	1
72516	1
55324	1
158	1
74405	1
91126	1
32946	1
74405	1
74405	1
33816	1
68821	1
84996	1
13253	1
74405	1
66932	1
53223	1
57680	1
84996	1
74405	1
74561	1
55897	1
75823	1
36172	1
59785	1
19474	1
63814	1
27360	1
56584	1
54562	1
38061	1
73778	1
82285	1
48059	1
62255	1
28011	1
11401	1
90549	1
31383	1
74405	1
60673	1
85196	1
97005	1
49358	1
30372	1
18745	1
89316	1
16769	1
84996	1
74405	1
93341	1
60445	1
2400	1
60246	1
26673	1
93349	1
16769	1
1935	1
94624	1
32257	1
20076	1
63814	1
17114	1
53223	1
95587	1
57080	1
99494	1
16547	1
35952	1
14315	1
84996	1
80535	1
99708	1
74405	1
25801	1
59243	1
97146	1
66561	1
3523	1
30945	1
11675	1
28491	1
14546	1
69834	1
74405	1
53223	1
15410	1
74405	1
89999	1
81980	1
80535	1
63814	1
65373	1
53655	1
6178	1
90678	1
14577	1
69393	1
16769	1
96241	1
47309	1
89783	1
92905	1
87277	1
94543	1
97065	1
63814	1
36502	1
41289	1
53223	1
53223	1
84996	1
78402	1
82090	1
97172	1
390	1
13977	1
92820	1
16769	1
99938	1
80535	1
28254	1
50817	1
78293	1
53223	1
44191	1
11518	1
93059	1
60756	1
86690	1
38061	1
14550	1
5628	1
12308	1
81548	1
91016	1
66609	1
58010	1
98944	1
94244	1
69834	1
74405	1
47855	1
48978	1
1717	1
78949	1
50454	1
3577	1
65809	1
70573	1
39310	1
84093	1
39234	1
20968	1
59729	1
74405	1
95143	1
51527	1
79082	1
78866	1
74405	1
47093	1
74405	1
74405	1
53223	1
26210	1
8283	1
27470	1
18002	1
74505	1
53223	1
27470	1
23497	1
75441	1
92530	1
91126	1
42248	1
80425	1
16769	1
84996	1
28759	1
70526	1
11652	1
28892	1
97256	1
38387	1
6178	1
84996	1
74405	1
74405	1
45750	1
38061	1
52181	1
74405	1
27360	1
74841	1
44191	1
92875	1
23441	1
38061	1
43751	1
72736	1
47309	1
23605	1
79848	1
25911	1
38207	1
22791	1
30372	1
87068	1
53223	1
93831	1
5904	1
94491	1
26453	1
45810	1
85978	1
29989	1
16769	1
86775	1
74405	1
51880	1
44081	1
15210	1
53223	1
74405	1
51731	1
84996	1
80170	1
26343	1
97806	1
84996	1
66029	1
36392	1
31291	1
53439	1
42756	1
74405	1
74405	1
16439	1
88361	1
64601	1
9269	1
54782	1
74405	1
7055	1
65699	1
45916	1
1416	1
48652	1
74405	1
59459	1
9155	1
94754	1
74405	1
2286	1
36887	1
85750	1
39176	1
53223	1
81099	1
91016	1
24917	1
1717	1
44187	1
95393	1
79082	1
94028	1
95587	1
74405	1
38146	1
73502	1
66143	1
53223	1
84772	1
97146	1
51496	1
74405	1
52783	1
88058	1
57684	1
14612	1
27360	1
74405	1
74841	1
72846	1
75964	1
24878	1
74405	1
59194	1
6178	1
53223	1
75964	1
43807	1
74405	1
63849	1
71503	1
39946	1
88968	1
3357	1
2840	1
78664	1
68705	1
59102	1
53223	1
38061	1
53489	1
52612	1
16219	1
53223	1
1937	1
15916	1
12555	1
80535	1
75964	1
67208	1
77595	1
27470	1
21579	1
1717	1
95226	1
86555	1
39863	1
46291	1
46983	1
62797	1
54782	1
38277	1
85621	1
4291	1
30588	1
13182	1
53223	1
16769	1
74405	1
65915	1
47309	1
95587	1
50149	1
37044	1
96038	1
40774	1
63814	1
83404	1
53223	1
27814	1
74405	1
83041	1
35379	1
74405	1
56291	1
16769	1
16769	1
89779	1
50790	1
51990	1
60715	1
40963	1
62772	1
94394	1
39236	1
38061	1
53223	1
33490	1
23665	1
13371	1
2043	1
51554	1
44208	1
1171	1
52916	1
36502	1
93011	1
67835	1
30667	1
95587	1
95803	1
42765	1
66135	1
82200	1
84996	1
4106	1
61033	1
53223	1
97146	1
84055	1
59243	1
67258	1
38061	1
53223	1
78866	1
81607	1
33262	1
12084	1
53223	1
41262	1
25801	1
83437	1
70160	1
97548	1
23953	1
83437	1
70173	1
27360	1
53223	1
77060	1
74405	1
74405	1
53223	1
73278	1
74405	1
9186	1
285	1
52893	1
33490	1
57900	1
72429	1
57684	1
75497	1
27360	1
42468	1
21924	1
2043	1
42628	1
72488	1
71003	1
77195	1
81453	1
96133	1
84996	1
48	1
35622	1
66712	1
1717	1
84996	1
74405	1
8860	1
53659	1
84996	1
15210	1
63814	1
7898	1
35921	1
16769	1
74405	1
15135	1
91016	1
88340	1
53308	1
30897	1
7737	1
49987	1
80425	1
69834	1
17099	1
89999	1
56341	1
46983	1
78868	1
80425	1
15536	1
29465	1
48652	1
95587	1
48652	1
63814	1
94844	1
41806	1
87894	1
7438	1
79408	1
4096	1
84996	1
74405	1
6178	1
38061	1
99685	1
80425	1
20896	1
65373	1
57900	1
71823	1
50431	1
44081	1
81191	1
65593	1
74405	1
81953	1
65915	1
12308	1
44191	1
30748	1
74405	1
53223	1
74405	1
24568	1
8420	1
99471	1
92164	1
62540	1
68165	1
13290	1
60229	1
72508	1
55293	1
78780	1
92004	1
27470	1
63166	1
73062	1
5323	1
74405	1
15210	1
74621	1
18751	1
13427	1
158	1
20547	1
84996	1
53223	1
95587	1
74405	1
97146	1
91016	1
65373	1
74405	1
56401	1
53223	1
49538	1
89783	1
91782	1
21120	1
91016	1
47093	1
90748	1
40683	1
74405	1
53223	1
37044	1
15426	1
35269	1
78972	1
81351	1
98232	1
21340	1
71723	1
15426	1
16769	1
47309	1
58390	1
74405	1
24944	1
70376	1
80425	1
95587	1
47309	1
74405	1
36581	1
91558	1
88276	1
74405	1
91126	1
84996	1
69697	1
81783	1
22218	1
88633	1
16028	1
74405	1
99251	1
24344	1
20719	1
28456	1
5761	1
74405	1
16879	1
14034	1
88172	1
36392	1
42522	1
16769	1
40963	1
19316	1
74405	1
63453	1
34699	1
38061	1
89783	1
98159	1
93260	1
12308	1
98815	1
84996	1
59243	1
79408	1
25801	1
29791	1
84911	1
80535	1
38061	1
95587	1
83437	1
74405	1
74405	1
67823	1
25801	1
26706	1
9552	1
38061	1
24458	1
91126	1
70061	1
91016	1
6288	1
84776	1
9406	1
73062	1
26673	1
74405	1
75524	1
66218	1
90879	1
44575	1
21340	1
16769	1
51880	1
69614	1
65809	1
59243	1
74405	1
54782	1
16879	1
90140	1
15532	1
45966	1
53223	1
39836	1
23441	1
87678	1
84996	1
47280	1
84996	1
74405	1
57429	1
48652	1
63814	1
48652	1
42522	1
23061	1
74405	1
8918	1
98129	1
9985	1
70897	1
12715	1
87834	1
59243	1
53223	1
36392	1
77278	1
75304	1
72736	1
66541	1
51334	1
69944	1
69944	1
27360	1
59243	1
14197	1
86555	1
6421	1
53936	1
16769	1
56258	1
36502	1
39863	1
63814	1
53223	1
63511	1
34019	1
84996	1
33600	1
18002	1
74405	1
75964	1
79221	1
42653	1
67069	1
10888	1
74044	1
8325	1
53223	1
70764	1
14226	1
21228	1
83653	1
95587	1
27470	1
80535	1
40963	1
1717	1
33816	1
6178	1
15210	1
83873	1
75960	1
5070	1
16787	1
84996	1
75931	1
11291	1
91369	1
50481	1
54562	1
52645	1
3303	1
28012	1
53443	1
51880	1
40934	1
59382	1
42439	1
53445	1
87290	1
74405	1
63814	1
6178	1
6178	1
44623	1
6720	1
69504	1
63814	1
73772	1
50047	1
49168	1
42161	1
2651	1
80535	1
63704	1
74405	1
91126	1
35402	1
29859	1
74405	1
69834	1
8970	1
71827	1
74405	1
59569	1
84996	1
44371	1
72861	1
63814	1
59231	1
36718	1
35269	1
74457	1
53435	1
59243	1
78561	1
44600	1
95803	1
22899	1
48652	1
76739	1
63704	1
16769	1
84996	1
27360	1
73070	1
74405	1
77443	1
39370	1
74405	1
56258	1
60605	1
48652	1
79655	1
27360	1
31121	1
50042	1
74405	1
80425	1
27360	1
46983	1
4945	1
84996	1
80751	1
95587	1
5844	1
40297	1
86555	1
95587	1
14114	1
53223	1
68217	1
79329	1
68271	1
77129	1
21340	1
62904	1
54998	1
84996	1
63814	1
70926	1
84996	1
27613	1
38603	1
9289	1
64030	1
3550	1
74405	1
39813	1
63814	1
1717	1
23638	1
46433	1
81658	1
51880	1
96816	1
94267	1
74405	1
53223	1
55499	1
78799	1
95587	1
63814	1
8586	1
8893	1
30401	1
74405	1
27470	1
34144	1
44081	1
6288	1
74405	1
16769	1
16769	1
36170	1
74405	1
23323	1
42071	1
84996	1
53223	1
39177	1
32010	1
47776	1
65915	1
85278	1
53067	1
74405	1
86881	1
55324	1
27360	1
88114	1
91126	1
24105	1
49881	1
74405	1
60802	1
95803	1
59546	1
50315	1
30478	1
91342	1
27360	1
28012	1
2593	1
25691	1
11376	1
6178	1
72265	1
20296	1
71607	1
48652	1
71337	1
27360	1
74405	1
27470	1
61815	1
64495	1
64888	1
27470	1
65373	1
29245	1
74405	1
68491	1
21340	1
12308	1
96789	1
74144	1
63814	1
37683	1
59785	1
80203	1
74405	1
80425	1
98595	1
80315	1
64466	1
42522	1
79408	1
82563	1
6178	1
27360	1
1993	1
27632	1
61128	1
83354	1
69261	1
24568	1
1717	1
87514	1
84996	1
80247	1
14656	1
66982	1
49414	1
43832	1
72736	1
9190	1
63814	1
34457	1
62934	1
63814	1
30478	1
16769	1
27102	1
74405	1
51656	1
54421	1
51029	1
90171	1
91919	1
99058	1
35516	1
27470	1
86225	1
74405	1
63814	1
33490	1
88554	1
23387	1
36392	1
47373	1
53223	1
46076	1
53223	1
25820	1
87512	1
35228	1
53223	1
69834	1
13640	1
16769	1
60665	1
35375	1
92901	1
97430	1
66932	1
16904	1
57684	1
65373	1
91122	1
36714	1
78646	1
72626	1
69834	1
38061	1
72626	1
54778	1
80535	1
11511	1
49026	1
7957	1
68711	1
95587	1
63814	1
27360	1
85212	1
61757	1
11734	1
64019	1
48758	1
93494	1
48652	1
53223	1
98002	1
37131	1
6288	1
8283	1
96957	1
61815	1
25251	1
74405	1
2813	1
45530	1
30395	1
63814	1
61797	1
33710	1
25473	1
54782	1
44050	1
83553	1
16879	1
71416	1
17704	1
2836	1
93588	1
97117	1
3840	1
43971	1
74405	1
50896	1
84996	1
6178	1
27470	1
30372	1
84996	1
63814	1
74405	1
23746	1
96926	1
62687	1
95587	1
58518	1
17672	1
74405	1
48652	1
6288	1
27360	1
99882	1
91016	1
12308	1
5126	1
16769	1
93804	1
19810	1
64034	1
98815	1
1441	1
49553	1
38823	1
47992	1
38061	1
63973	1
8279	1
27360	1
74405	1
89457	1
76611	1
74208	1
20597	1
77735	1
23435	1
71746	1
59847	1
48652	1
63982	1
1250	1
6373	1
31927	1
28466	1
15438	1
47365	1
98978	1
48129	1
42522	1
74405	1
64356	1
38285	1
53223	1
66899	1
95587	1
4862	1
16879	1
72736	1
39400	1
12524	1
80535	1
4669	1
27674	1
51324	1
72881	1
95587	1
22797	1
72736	1
74405	1
59243	1
74047	1
32147	1
71503	1
53223	1
41725	1
53223	1
57680	1
23775	1
6504	1
23908	1
91446	1
65591	1
59243	1
62471	1
48235	1
71779	1
4038	1
44081	1
74405	1
84996	1
84996	1
74405	1
54695	1
74405	1
44191	1
38387	1
84996	1
52276	1
20759	1
74405	1
71036	1
53551	1
68491	1
89787	1
85513	1
19453	1
23119	1
84996	1
44191	1
86775	1
36392	1
74405	1
69944	1
12308	1
96023	1
53223	1
74405	1
27360	1
68817	1
91016	1
2840	1
39946	1
53223	1
66932	1
54562	1
62577	1
69944	1
86221	1
63814	1
89567	1
74405	1
30368	1
47027	1
53223	1
74405	1
347	1
97256	1
38061	1
95587	1
48758	1
2813	1
88334	1
19239	1
74405	1
64794	1
6178	1
65373	1
61618	1
84996	1
74405	1
58450	1
35159	1
28832	1
53223	1
6178	1
37733	1
62145	1
74405	1
87894	1
27470	1
16331	1
72736	1
99797	1
62471	1
1717	1
18002	1
27360	1
93011	1
8921	1
75740	1
55222	1
36674	1
91126	1
57900	1
74405	1
95670	1
22899	1
85141	1
59243	1
49632	1
16769	1
63814	1
22899	1
29353	1
35049	1
68491	1
45582	1
9242	1
18438	1
63165	1
80843	1
25197	1
88467	1
22546	1
53223	1
92764	1
90746	1
84112	1
10965	1
94028	1
64030	1
13066	1
10613	1
6641	1
34636	1
1603	1
74405	1
95587	1
65699	1
47093	1
56445	1
7737	1
29575	1
16769	1
6178	1
89783	1
69834	1
19173	1
95587	1
4754	1
92012	1
28726	1
63814	1
94028	1
31931	1
33436	1
25120	1
72296	1
45393	1
1113	1
63814	1
3413	1
74405	1
84996	1
68601	1
60553	1
158	1
60912	1
97775	1
50122	1
31304	1
31032	1
63814	1
89343	1
83722	1
74405	1
69093	1
47093	1
47436	1
53659	1
63704	1
19997	1
63571	1
86555	1
9622	1
27360	1
490	1
22434	1
40963	1
53223	1
33490	1
31931	1
98570	1
74405	1
81548	1
37158	1
70041	1
69944	1
74405	1
95587	1
27360	1
38068	1
81681	1
41563	1
97337	1
49821	1
81517	1
38061	1
59243	1
50537	1
53223	1
74405	1
99031	1
92162	1
74405	1
34200	1
97472	1
7548	1
98595	1
45831	1
16253	1
74405	1
89000	1
74405	1
69834	1
44407	1
25911	1
50097	1
70600	1
21602	1
39946	1
28529	1
27360	1
62575	1
23530	1
21662	1
7737	1
59729	1
75744	1
48026	1
18658	1
22899	1
22027	1
53223	1
45893	1
976	1
69473	1
46983	1
78509	1
10749	1
90958	1
25718	1
84996	1
74405	1
75304	1
95587	1
44081	1
15590	1
71156	1
74405	1
63814	1
16846	1
54778	1
54894	1
65373	1
14193	1
33490	1
815	1
75119	1
45553	1
16769	1
16989	1
51554	1
74405	1
47309	1
12308	1
78532	1
74872	1
74405	1
38738	1
82750	1
83437	1
31954	1
43751	1
56700	1
35049	1
24184	1
84996	1
74405	1
74405	1
51083	1
94244	1
89567	1
48652	1
6178	1
25801	1
36502	1
59243	1
15857	1
74405	1
22899	1
66905	1
25691	1
19781	1
63264	1
38839	1
27360	1
51554	1
23939	1
74405	1
84996	1
75823	1
82090	1
84996	1
94244	1
12308	1
84996	1
44081	1
89567	1
63484	1
34559	1
91122	1
72736	1
48918	1
77002	1
63704	1
93098	1
59961	1
49118	1
50284	1
53223	1
98340	1
66903	1
17311	1
52399	1
84996	1
17367	1
89454	1
74405	1
47066	1
39946	1
74405	1
33947	1
19038	1
22899	1
10880	1
50157	1
71935	1
50738	1
63814	1
15426	1
59243	1
11478	1
9190	1
62255	1
7648	1
14193	1
40382	1
53252	1
65707	1
6178	1
72622	1
44843	1
12850	1
84996	1
50973	1
20597	1
74405	1
63814	1
95587	1
5167	1
83437	1
53223	1
53223	1
85638	1
27360	1
10749	1
56881	1
6444	1
9844	1
54670	1
74405	1
76319	1
7737	1
93480	1
6178	1
51554	1
46489	1
77330	1
42522	1
83979	1
30372	1
17311	1
97146	1
84996	1
18438	1
73419	1
34032	1
69944	1
25801	1
85069	1
79989	1
25994	1
72846	1
17099	1
74405	1
34692	1
12391	1
84996	1
45750	1
95339	1
16769	1
51880	1
8063	1
74405	1
37905	1
53223	1
13811	1
84089	1
5165	1
82094	1
86501	1
88554	1
79620	1
79408	1
24238	1
61676	1
74405	1
83765	1
78306	1
15536	1
56916	1
54902	1
48991	1
65373	1
58388	1
74405	1
88874	1
35811	1
39726	1
63814	1
42848	1
59546	1
84996	1
72846	1
4441	1
90447	1
46393	1
38061	1
11625	1
87678	1
15210	1
53223	1
62193	1
74405	1
45445	1
81679	1
47633	1
72846	1
30283	1
40963	1
96561	1
85455	1
1603	1
12244	1
74405	1
42458	1
72566	1
31931	1
63814	1
72736	1
53223	1
21859	1
54782	1
43701	1
59875	1
43078	1
53223	1
6178	1
13404	1
59160	1
17641	1
88403	1
80041	1
7625	1
74405	1
6442	1
94244	1
74405	1
66135	1
89775	1
74405	1
66265	1
53223	1
74405	1
62853	1
54682	1
74405	1
92509	1
73502	1
154	1
59110	1
89567	1
44627	1
48	1
41069	1
74841	1
84996	1
57155	1
74405	1
76290	1
8028	1
2043	1
95100	1
50561	1
99168	1
51193	1
93447	1
6178	1
80535	1
84556	1
84996	1
44191	1
8503	1
47309	1
700	1
76319	1
98925	1
6178	1
50977	1
95637	1
80535	1
88361	1
1406	1
95587	1
27470	1
53223	1
14849	1
91016	1
95587	1
99770	1
8283	1
85189	1
158	1
99828	1
19993	1
63814	1
4638	1
99714	1
74405	1
84210	1
90933	1
77409	1
66793	1
92571	1
31663	1
95175	1
74405	1
33490	1
54372	1
62797	1
72736	1
27470	1
84996	1
88114	1
10965	1
48652	1
81548	1
95587	1
86555	1
64341	1
66388	1
56420	1
74405	1
4619	1
89567	1
74405	1
38061	1
47492	1
36282	1
27360	1
84996	1
1933	1
1717	1
53223	1
7737	1
76180	1
74405	1
16977	1
84996	1
61973	1
29112	1
12194	1
36718	1
74405	1
46983	1
53223	1
59243	1
20316	1
57271	1
26262	1
52210	1
70199	1
37864	1
72265	1
72842	1
61348	1
35954	1
60192	1
80425	1
20373	1
78285	1
80897	1
62633	1
32477	1
16769	1
84996	1
96397	1
98159	1
84996	1
4835	1
97252	1
33816	1
23702	1
35070	1
53223	1
56012	1
98159	1
16769	1
16769	1
95587	1
57684	1
14712	1
62824	1
51876	1
68778	1
74405	1
78349	1
74405	1
97146	1
16769	1
59243	1
38061	1
42177	1
58006	1
57684	1
9622	1
74405	1
74405	1
84996	1
50734	1
7449	1
83437	1
86555	1
97499	1
89889	1
65931	1
33160	1
23593	1
80535	1
374	1
20323	1
5165	1
12850	1
24238	1
10965	1
36247	1
27360	1
95807	1
60065	1
35375	1
2259	1
53439	1
9938	1
88984	1
67987	1
48212	1
16769	1
1717	1
84996	1
26623	1
36392	1
53223	1
80219	1
69693	1
72406	1
1717	1
69944	1
53223	1
38061	1
69834	1
11401	1
84996	1
91016	1
79078	1
15293	1
5161	1
96129	1
30588	1
59243	1
19476	1
42522	1
84336	1
84996	1
55401	1
94271	1
76052	1
16769	1
74405	1
15752	1
84996	1
25608	1
72846	1
95587	1
22816	1
96029	1
27360	1
84996	1
74405	1
29193	1
44081	1
16769	1
74405	1
33490	1
50062	1
84996	1
98655	1
29735	1
63587	1
44081	1
12308	1
91126	1
74405	1
32718	1
53223	1
89596	1
11835	1
75740	1
74405	1
95587	1
20433	1
43542	1
26563	1
1717	1
59785	1
84776	1
55989	1
17780	1
39212	1
4179	1
30399	1
58685	1
59239	1
16792	1
19721	1
91122	1
91562	1
10818	1
49755	1
53223	1
19781	1
74405	1
73718	1
95529	1
69477	1
69940	1
74405	1
16769	1
66336	1
59490	1
93298	1
67200	1
38061	1
25911	1
64470	1
30968	1
19781	1
89590	1
84996	1
57790	1
50559	1
70449	1
53223	1
12308	1
84996	1
69944	1
99168	1
74405	1
22351	1
38061	1
86111	1
50321	1
23193	1
84996	1
91016	1
84996	1
89779	1
22899	1
23225	1
19781	1
8260	1
63057	1
84996	1
74405	1
84996	1
84996	1
27819	1
53223	1
78866	1
21770	1
74405	1
81077	1
44291	1
63814	1
48652	1
17421	1
74405	1
44081	1
38061	1
65373	1
21882	1
59679	1
74405	1
29932	1
74376	1
49447	1
84612	1
89590	1
6178	1
63814	1
17778	1
75528	1
82094	1
16769	1
33490	1
10635	1
3492	1
27173	1
84996	1
74405	1
74405	1
95587	1
12850	1
12308	1
86744	1
74405	1
38061	1
27470	1
35155	1
56364	1
35950	1
53223	1
90859	1
49140	1
45908	1
95286	1
23691	1
47886	1
57103	1
48652	1
95587	1
40936	1
17535	1
22322	1
43751	1
72651	1
91558	1
48432	1
92905	1
48899	1
95587	1
74405	1
89567	1
59243	1
38061	1
99851	1
84996	1
46788	1
6178	1
24568	1
22706	1
29288	1
18434	1
95587	1
42522	1
91016	1
88673	1
8260	1
43971	1
71874	1
16769	1
74405	1
53113	1
34032	1
26453	1
95780	1
6178	1
84199	1
69151	1
99031	1
22540	1
48652	1
53223	1
16769	1
73585	1
80072	1
53223	1
50155	1
13427	1
53223	1
27329	1
30070	1
76039	1
19534	1
63814	1
64080	1
49171	1
16769	1
73531	1
72599	1
74405	1
74405	1
44268	1
53223	1
71503	1
84149	1
41426	1
74405	1
19285	1
88789	1
70820	1
12308	1
15669	1
91668	1
43064	1
38603	1
15019	1
53223	1
84996	1
74405	1
27360	1
91342	1
66932	1
60966	1
46748	1
80751	1
27470	1
74405	1
53223	1
34229	1
59243	1
32996	1
54998	1
91016	1
7675	1
2493	1
53223	1
53223	1
74405	1
45146	1
16632	1
19781	1
41945	1
30611	1
44295	1
74405	1
91585	1
978	1
48	1
16769	1
11355	1
39508	1
63814	1
65373	1
23115	1
8412	1
26347	1
84673	1
79628	1
75145	1
81054	1
95587	1
74405	1
55438	1
48243	1
13763	1
87894	1
99982	1
62145	1
85204	1
76211	1
83977	1
26358	1
74503	1
65915	1
93152	1
74405	1
73278	1
86175	1
84996	1
47344	1
63814	1
73282	1
80425	1
51769	1
16769	1
27470	1
6261	1
81548	1
74405	1
13977	1
53223	1
20919	1
95803	1
46983	1
33617	1
49742	1
97642	1
16769	1
77297	1
60912	1
89999	1
12506	1
63814	1
37401	1
92249	1
32830	1
61705	1
71613	1
91016	1
75524	1
96129	1
49167	1
36502	1
16879	1
57983	1
68578	1
5354	1
16879	1
48735	1
27761	1
35811	1
50759	1
53223	1
16769	1
10749	1
2836	1
95587	1
21556	1
77550	1
10373	1
95587	1
25911	1
86555	1
28570	1
84419	1
43068	1
39726	1
48652	1
59679	1
78505	1
63814	1
20217	1
53223	1
1717	1
92737	1
92069	1
27360	1
85810	1
22899	1
53223	1
53223	1
16769	1
10749	1
93879	1
83840	1
13130	1
31570	1
28319	1
84120	1
4945	1
27140	1
10965	1
12850	1
53223	1
6288	1
64246	1
97659	1
11943	1
74405	1
53223	1
4669	1
74405	1
1648	1
18741	1
74405	1
74405	1
75663	1
1717	1
79506	1
89684	1
87321	1
6178	1
18214	1
54946	1
53814	1
84996	1
61705	1
80425	1
23939	1
74405	1
97146	1
53223	1
6288	1
36714	1
59266	1
87740	1
89206	1
96812	1
15426	1
72815	1
14193	1
59243	1
78369	1
87784	1
71939	1
84996	1
53667	1
74405	1
89866	1
8364	1
57184	1
71476	1
72626	1
9512	1
7737	1
50256	1
17095	1
69044	1
29631	1
74405	1
7324	1
15536	1
74405	1
69834	1
63814	1
9551	1
9732	1
63814	1
2149	1
54998	1
15210	1
45613	1
51089	1
53223	1
11466	1
74405	1
91016	1
69834	1
64194	1
74405	1
41918	1
40963	1
27360	1
211	1
80396	1
74405	1
49194	1
85978	1
33490	1
74405	1
19094	1
74405	1
30549	1
73280	1
56777	1
25911	1
71858	1
4963	1
52972	1
74405	1
49094	1
33390	1
90518	1
18654	1
72182	1
57684	1
59648	1
91016	1
30997	1
39497	1
21186	1
80425	1
39890	1
49771	1
59243	1
48592	1
47309	1
36990	1
17371	1
58942	1
16769	1
62145	1
94028	1
55737	1
74405	1
53223	1
88114	1
27470	1
50321	1
32917	1
23532	1
2561	1
63814	1
48652	1
53223	1
3452	1
23246	1
63814	1
34593	1
6584	1
98568	1
41731	1
67914	1
54106	1
17508	1
53223	1
32147	1
27470	1
74405	1
74405	1
44081	1
7737	1
78752	1
25984	1
63814	1
51637	1
86881	1
24940	1
80556	1
95587	1
12308	1
57900	1
99031	1
27360	1
44081	1
28122	1
92496	1
39411	1
93447	1
91782	1
41422	1
84996	1
14090	1
73214	1
41725	1
35375	1
52864	1
53223	1
74405	1
13043	1
45642	1
3272	1
62695	1
18270	1
82094	1
45856	1
53223	1
64686	1
63814	1
33403	1
97561	1
57394	1
74405	1
45783	1
10965	1
66382	1
70758	1
57767	1
569	1
21363	1
63814	1
54799	1
44081	1
52411	1
65006	1
51593	1
76955	1
53223	1
88224	1
52806	1
11808	1
16879	1
45173	1
71999	1
89541	1
70592	1
23927	1
18461	1
60596	1
60065	1
27360	1
80425	1
84996	1
33490	1
99031	1
74405	1
18517	1
25220	1
12331	1
10122	1
14253	1
60661	1
53223	1
13705	1
14051	1
36502	1
63814	1
90595	1
74405	1
89787	1
13693	1
15206	1
26899	1
57900	1
43068	1
93984	1
42522	1
27360	1
47305	1
44191	1
5904	1
39000	1
38499	1
70133	1
74405	1
63814	1
53223	1
9678	1
72846	1
33573	1
84491	1
63814	1
61705	1
38061	1
16879	1
40963	1
53223	1
25911	1
58803	1
93507	1
46983	1
77523	1
74405	1
17296	1
51554	1
54232	1
42161	1
73388	1
53223	1
91016	1
80425	1
25911	1
25419	1
38061	1
14222	1
88585	1
19781	1
74405	1
28965	1
91149	1
18997	1
68773	1
64030	1
85810	1
40990	1
10114	1
62824	1
76448	1
74405	1
14853	1
95612	1
23507	1
36392	1
84996	1
40729	1
67478	1
21120	1
27470	1
22882	1
42767	1
59459	1
66932	1
75036	1
93588	1
80425	1
38061	1
93011	1
32826	1
6178	1
38881	1
16879	1
93920	1
45204	1
24458	1
74405	1
41289	1
82644	1
84247	1
54101	1
59443	1
18083	1
67835	1
94292	1
72998	1
63814	1
89783	1
80425	1
6288	1
12308	1
21556	1
74405	1
98132	1
25340	1
53223	1
87784	1
85696	1
48980	1
82094	1
84996	1
53223	1
69834	1
43396	1
74405	1
84996	1
41399	1
53223	1
4862	1
74405	1
64246	1
94020	1
74405	1
91016	1
95147	1
53223	1
74405	1
78312	1
16769	1
53223	1
38061	1
84419	1
17815	1
74405	1
88932	1
83653	1
63814	1
53223	1
25801	1
15497	1
63287	1
81128	1
78069	1
42366	1
57350	1
27360	1
80535	1
16879	1
27360	1
18192	1
68491	1
50	1
74405	1
69834	1
65373	1
67954	1
51000	1
71470	1
66467	1
79082	1
63567	1
65481	1
69834	1
91126	1
20543	1
6178	1
32010	1
19912	1
74405	1
95587	1
30372	1
97146	1
63814	1
95587	1
63814	1
15916	1
18654	1
44081	1
38061	1
12528	1
70486	1
21579	1
63667	1
38061	1
44191	1
15210	1
62145	1
73380	1
21882	1
64356	1
32645	1
88199	1
74405	1
35047	1
41675	1
74405	1
25526	1
27470	1
36758	1
86881	1
43064	1
38277	1
38304	1
36502	1
85351	1
91126	1
44191	1
48652	1
95587	1
96025	1
16769	1
62421	1
54342	1
95587	1
74405	1
2944	1
80987	1
44606	1
27682	1
84996	1
33600	1
16219	1
84996	1
35159	1
44652	1
17122	1
80425	1
80535	1
27360	1
48652	1
5802	1
6178	1
61757	1
74405	1
83642	1
7737	1
14108	1
84996	1
38516	1
84996	1
53223	1
61557	1
94767	1
44311	1
53223	1
33737	1
25168	1
19316	1
95587	1
39176	1
86555	1
74405	1
52210	1
18764	1
6388	1
74405	1
38061	1
37953	1
90206	1
74405	1
67665	1
53223	1
74405	1
27360	1
53223	1
17035	1
49559	1
44081	1
92685	1
1250	1
42808	1
44191	1
73338	1
20136	1
59243	1
92815	1
44243	1
48559	1
26587	1
63814	1
37648	1
74405	1
12308	1
44191	1
37027	1
74405	1
91126	1
60032	1
22978	1
69834	1
58226	1
34725	1
9190	1
34032	1
29525	1
53223	1
35049	1
40467	1
35431	1
37341	1
50543	1
44214	1
74405	1
74405	1
96469	1
74405	1
82631	1
13867	1
85702	1
65479	1
83732	1
46865	1
54481	1
590	1
92867	1
72976	1
53223	1
65373	1
6178	1
63814	1
25801	1
77633	1
91278	1
59243	1
96291	1
48652	1
57024	1
79792	1
74405	1
74405	1
56865	1
36392	1
32257	1
78866	1
47083	1
74405	1
74405	1
53223	1
70486	1
45966	1
27686	1
52073	1
44191	1
53223	1
7083	1
67735	1
94937	1
48652	1
50330	1
74405	1
80425	1
94047	1
5958	1
26590	1
98	1
6720	1
33417	1
63814	1
74405	1
91259	1
16769	1
51440	1
76180	1
77629	1
10172	1
30094	1
65373	1
84996	1
17095	1
95587	1
2180	1
16883	1
74405	1
90622	1
63814	1
53223	1
81615	1
16879	1
63814	1
64285	1
67038	1
47249	1
14197	1
45667	1
6288	1
48	1
16769	1
99035	1
84996	1
84996	1
48000	1
43699	1
35280	1
33490	1
15536	1
54782	1
158	1
80425	1
38061	1
74405	1
71935	1
36745	1
38868	1
6178	1
72516	1
92922	1
53223	1
58696	1
30779	1
67054	1
57094	1
12308	1
44081	1
42302	1
53223	1
84996	1
94798	1
53223	1
60457	1
74405	1
29712	1
48652	1
53223	1
74405	1
74405	1
15426	1
133	1
39188	1
34269	1
15916	1
78866	1
46467	1
34142	1
74405	1
42302	1
74405	1
951	1
14629	1
33490	1
25442	1
30372	1
22456	1
59243	1
758	1
27470	1
36934	1
22899	1
89017	1
84996	1
58010	1
3602	1
8499	1
84996	1
80031	1
21171	1
39620	1
46107	1
99031	1
47855	1
19804	1
53223	1
38061	1
59023	1
53223	1
69973	1
71966	1
51190	1
97146	1
74405	1
23665	1
77035	1
38061	1
95587	1
69331	1
92162	1
63594	1
70039	1
84996	1
38823	1
9300	1
6660	1
74405	1
66513	1
46983	1
52972	1
74405	1
59509	1
63704	1
28012	1
69473	1
53223	1
37218	1
20103	1
28616	1
81050	1
40739	1
75304	1
19781	1
81471	1
39620	1
74405	1
91016	1
84996	1
84996	1
66355	1
85316	1
27507	1
94028	1
16879	1
19781	1
13099	1
5161	1
56667	1
13867	1
47529	1
97472	1
4970	1
75308	1
53223	1
94616	1
84996	1
78780	1
53223	1
38061	1
57464	1
5111	1
66228	1
38281	1
66496	1
72522	1
51880	1
53223	1
74405	1
35029	1
38061	1
59921	1
53983	1
11658	1
72099	1
34411	1
3104	1
9190	1
71103	1
95583	1
38225	1
1717	1
69944	1
37955	1
53223	1
62255	1
11302	1
53439	1
84996	1
30140	1
33423	1
86115	1
22899	1
91342	1
74405	1
74405	1
40963	1
12634	1
9323	1
16769	1
74405	1
71723	1
53223	1
49200	1
79559	1
74405	1
25911	1
71418	1
27289	1
74405	1
49306	1
47093	1
74405	1
51253	1
84996	1
79192	1
40602	1
74405	1
60625	1
16769	1
84996	1
11598	1
3959	1
89999	1
79140	1
84996	1
51990	1
3276	1
82534	1
59299	1
16769	1
83437	1
44640	1
35159	1
95587	1
74405	1
74405	1
60175	1
86229	1
60802	1
42885	1
33617	1
46763	1
62471	1
33490	1
25907	1
38061	1
8943	1
83329	1
87757	1
951	1
62471	1
3276	1
74405	1
73365	1
48868	1
28012	1
42562	1
12308	1
5817	1
87930	1
82005	1
86729	1
44303	1
17340	1
60605	1
79084	1
53551	1
82094	1
52237	1
9190	1
63797	1
59243	1
91126	1
23335	1
75696	1
60692	1
53985	1
74405	1
44569	1
27360	1
27223	1
72270	1
63704	1
90906	1
49775	1
16769	1
69834	1
63814	1
27686	1
63814	1
74405	1
74405	1
73278	1
20213	1
49443	1
67123	1
91765	1
63814	1
858	1
16769	1
27470	1
13097	1
32693	1
30951	1
95587	1
86555	1
32201	1
53223	1
74405	1
52343	1
17508	1
1250	1
59243	1
91016	1
69834	1
74405	1
63814	1
74405	1
17523	1
74405	1
37295	1
37706	1
92905	1
59490	1
74405	1
17101	1
53223	1
53223	1
84523	1
1105	1
49634	1
44191	1
13329	1
82314	1
98196	1
4285	1
7924	1
63814	1
38061	1
63814	1
82490	1
73722	1
57884	1
16769	1
9269	1
22899	1
59459	1
53223	1
6178	1
53223	1
84996	1
79004	1
12634	1
74405	1
76948	1
74699	1
16879	1
1717	1
34032	1
57300	1
3955	1
79659	1
63814	1
158	1
94354	1
74405	1
33476	1
54502	1
92901	1
16879	1
86582	1
46983	1
99828	1
31711	1
63814	1
91016	1
7569	1
10608	1
95587	1
50973	1
63814	1
46983	1
45652	1
33980	1
16769	1
25801	1
63814	1
74654	1
80091	1
74405	1
8063	1
53223	1
94354	1
42985	1
63814	1
44081	1
39440	1
74405	1
10965	1
27360	1
16769	1
67846	1
22899	1
78073	1
80425	1
94244	1
67914	1
74405	1
39529	1
21857	1
19997	1
15646	1
27360	1
6288	1
47305	1
16769	1
8308	1
35204	1
53223	1
6068	1
91861	1
68491	1
53223	1
86795	1
24458	1
59459	1
97011	1
80425	1
39971	1
43292	1
27470	1
63673	1
89183	1
53136	1
61352	1
235	1
74405	1
47093	1
74808	1
25911	1
16879	1
6288	1
58506	1
71393	1
29712	1
70376	1
18218	1
59121	1
96793	1
78725	1
95587	1
58064	1
69834	1
53223	1
72736	1
74405	1
29135	1
85212	1
63594	1
3056	1
96926	1
98325	1
158	1
47093	1
3679	1
49555	1
80425	1
40447	1
45632	1
82094	1
74621	1
74405	1
43448	1
74405	1
6288	1
4646	1
84806	1
74405	1
46983	1
39699	1
1034	1
33953	1
84996	1
9190	1
17703	1
57684	1
63814	1
99623	1
83653	1
68240	1
68491	1
84996	1
48099	1
36502	1
40963	1
75520	1
56189	1
2263	1
84996	1
74405	1
8348	1
47388	1
64030	1
27360	1
17156	1
15426	1
84996	1
88419	1
74405	1
27792	1
27306	1
3276	1
78285	1
93808	1
70706	1
38061	1
75635	1
56121	1
53223	1
38061	1
84996	1
29301	1
54502	1
59785	1
60908	1
56399	1
47375	1
59243	1
53223	1
79443	1
32115	1
83978	1
16219	1
32477	1
38369	1
84996	1
62145	1
99379	1
65479	1
27249	1
98971	1
74405	1
74405	1
4042	1
69261	1
54782	1
74405	1
74405	1
59785	1
71575	1
78866	1
67673	1
49858	1
55489	1
70068	1
68306	1
82764	1
59463	1
74405	1
48652	1
69529	1
33490	1
55795	1
31931	1
90329	1
74405	1
80535	1
53223	1
94543	1
41125	1
13711	1
57684	1
14516	1
53223	1
57684	1
69261	1
41289	1
77104	1
30372	1
74405	1
27360	1
83350	1
74405	1
27360	1
25550	1
74405	1
71503	1
74405	1
41509	1
26127	1
31275	1
68275	1
85621	1
18658	1
38547	1
7957	1
54892	1
36788	1
82420	1
36502	1
39400	1
40990	1
87618	1
38717	1
40862	1
15884	1
84992	1
63814	1
46763	1
74405	1
62145	1
53223	1
66069	1
78096	1
78388	1
51880	1
6178	1
74405	1
23825	1
48652	1
75964	1
98598	1
32147	1
34032	1
65128	1
74405	1
38061	1
31326	1
23441	1
6288	1
47309	1
35055	1
38198	1
1717	1
84996	1
30478	1
6178	1
24755	1
74405	1
74405	1
33793	1
96342	1
36554	1
25222	1
53223	1
74405	1
84996	1
91512	1
74405	1
74405	1
74405	1
89868	1
11676	1
63704	1
35198	1
53655	1
53223	1
48868	1
53223	1
45530	1
53223	1
47965	1
26127	1
36255	1
34457	1
45273	1
84996	1
10828	1
53223	1
91448	1
26127	1
29791	1
97146	1
62145	1
87361	1
74405	1
69365	1
36282	1
95203	1
12308	1
74405	1
57684	1
51697	1
25852	1
6178	1
94244	1
71719	1
14166	1
80425	1
25911	1
38881	1
63453	1
53223	1
16769	1
25714	1
53223	1
83437	1
66276	1
84996	1
84996	1
91016	1
38497	1
30372	1
32147	1
77724	1
53223	1
20752	1
4619	1
40575	1
35313	1
63814	1
6178	1
5408	1
92218	1
74405	1
16769	1
18046	1
41241	1
80425	1
87213	1
74405	1
92019	1
84996	1
47309	1
95587	1
30372	1
75528	1
36392	1
63314	1
16769	1
6288	1
84996	1
58720	1
84996	1
80371	1
91016	1
54782	1
8970	1
27360	1
47751	1
71719	1
53223	1
6504	1
75964	1
36941	1
21446	1
89438	1
74405	1
69834	1
97642	1
69944	1
74405	1
16769	1
79001	1
29110	1
65373	1
11708	1
88224	1
78505	1
77849	1
23441	1
97628	1
99905	1
47249	1
84996	1
84996	1
63814	1
53223	1
96023	1
53223	1
80535	1
16769	1
84996	1
8067	1
80448	1
80535	1
77523	1
10400	1
48767	1
83979	1
65373	1
89567	1
74405	1
47309	1
24784	1
89779	1
74405	1
33955	1
78849	1
53223	1
53223	1
53223	1
5134	1
9219	1
44191	1
93160	1
41191	1
60337	1
84996	1
74405	1
30372	1
25651	1
70569	1
59679	1
53620	1
16769	1
86785	1
69944	1
13977	1
16879	1
84996	1
64921	1
28012	1
75528	1
27470	1
33490	1
37011	1
9190	1
35159	1
68601	1
96129	1
37949	1
70291	1
6178	1
6178	1
84996	1
80535	1
74405	1
69834	1
23284	1
6178	1
39081	1
74405	1
2201	1
97472	1
16879	1
9512	1
51880	1
74405	1
83979	1
76290	1
53506	1
72176	1
12634	1
71393	1
14197	1
73060	1
76510	1
48	1
77743	1
16769	1
72543	1
36718	1
22899	1
25911	1
74405	1
83190	1
6178	1
15426	1
94684	1
64246	1
60032	1
74405	1
89017	1
28070	1
5055	1
82106	1
12308	1
2373	1
38356	1
27360	1
53032	1
84996	1
75281	1
24026	1
84996	1
10079	1
91016	1
4218	1
84996	1
32832	1
74405	1
68601	1
72238	1
48652	1
62899	1
55959	1
98815	1
6178	1
38603	1
60935	1
84996	1
84313	1
16879	1
8779	1
53223	1
16769	1
16769	1
63814	1
24666	1
38745	1
63814	1
53223	1
74405	1
27329	1
46649	1
51338	1
41831	1
53985	1
33490	1
45629	1
54355	1
74621	1
72846	1
63814	1
95587	1
60802	1
92978	1
71494	1
74405	1
24348	1
47415	1
69560	1
4885	1
29029	1
16763	1
60802	1
9010	1
46454	1
23908	1
6446	1
53223	1
39400	1
30694	1
32031	1
27360	1
86555	1
47855	1
69834	1
53223	1
13298	1
73058	1
54417	1
33490	1
53223	1
29671	1
19781	1
50238	1
13211	1
82744	1
13977	1
25911	1
4370	1
71140	1
33816	1
57900	1
84996	1
86416	1
29293	1
74405	1
83251	1
12308	1
27360	1
60912	1
93694	1
16769	1
85322	1
68241	1
74405	1
21501	1
72649	1
52367	1
39946	1
44764	1
52829	1
38497	1
27360	1
56777	1
48	1
95587	1
78073	1
62799	1
57302	1
14197	1
74621	1
89920	1
51880	1
50811	1
84996	1
39325	1
24458	1
39946	1
29355	1
29355	1
53655	1
1717	1
95587	1
51880	1
89355	1
53223	1
70081	1
38061	1
27360	1
74405	1
80531	1
10226	1
78293	1
74405	1
95587	1
55737	1
74621	1
28346	1
74405	1
84996	1
97366	1
60245	1
95770	1
63814	1
53223	1
51143	1
36714	1
74405	1
51482	1
80838	1
79742	1
52096	1
78505	1
60912	1
48652	1
4945	1
52372	1
36882	1
29803	1
74405	1
25967	1
78866	1
23335	1
63814	1
36282	1
25519	1
74405	1
54730	1
69387	1
55550	1
74405	1
62145	1
53223	1
32280	1
80039	1
80535	1
47508	1
91913	1
71393	1
74405	1
36282	1
78096	1
91342	1
74405	1
72736	1
38061	1
16769	1
74405	1
1717	1
30447	1
30372	1
63814	1
53439	1
27700	1
29029	1
59243	1
54782	1
9552	1
10965	1
1048	1
51660	1
59243	1
84718	1
63814	1
23088	1
25911	1
95587	1
91668	1
49287	1
86775	1
96023	1
78646	1
60802	1
63814	1
70764	1
36934	1
32257	1
63814	1
66133	1
16769	1
74405	1
78264	1
28066	1
60146	1
38061	1
53223	1
91016	1
84996	1
95587	1
56092	1
35622	1
72838	1
18301	1
78073	1
88560	1
17095	1
75599	1
15949	1
71393	1
95587	1
47776	1
38476	1
16769	1
84996	1
84996	1
95226	1
90794	1
13427	1
74258	1
95587	1
73485	1
95587	1
74405	1
74405	1
29245	1
48652	1
74405	1
67395	1
74758	1
41055	1
48652	1
17324	1
33789	1
54205	1
84996	1
23665	1
69944	1
12308	1
53223	1
74625	1
20437	1
31872	1
6178	1
71503	1
54429	1
82839	1
81874	1
74405	1
12308	1
94574	1
21556	1
63814	1
9485	1
12308	1
72846	1
74405	1
61022	1
80425	1
53655	1
25228	1
59569	1
80535	1
53223	1
6284	1
46076	1
16769	1
68275	1
80425	1
28346	1
27360	1
87429	1
43916	1
1644	1
14490	1
38061	1
55931	1
56341	1
6178	1
9190	1
57464	1
48652	1
75142	1
25911	1
98838	1
74405	1
95913	1
84996	1
53223	1
74405	1
74405	1
24597	1
5198	1
68817	1
73799	1
28149	1
35921	1
51554	1
16769	1
85322	1
84996	1
74405	1
36060	1
66492	1
99006	1
84996	1
40523	1
7517	1
53223	1
24568	1
56224	1
93447	1
13647	1
53223	1
27360	1
74405	1
32257	1
76821	1
72902	1
33317	1
56561	1
89158	1
41729	1
6504	1
54062	1
41636	1
84996	1
22899	1
25747	1
59243	1
20228	1
6178	1
28450	1
46944	1
2259	1
59625	1
71393	1
74405	1
6676	1
25801	1
21556	1
70164	1
75607	1
15501	1
16769	1
78972	1
56777	1
56478	1
59729	1
44191	1
53223	1
53223	1
53223	1
74405	1
48652	1
68624	1
27360	1
8063	1
90329	1
54782	1
74405	1
60912	1
53659	1
93652	1
51770	1
94250	1
59706	1
1520	1
74405	1
14417	1
374	1
21876	1
6747	1
39088	1
40305	1
23335	1
53223	1
91016	1
99739	1
17311	1
35902	1
40863	1
59210	1
77686	1
57205	1
65732	1
51770	1
77876	1
16769	1
85538	1
58747	1
62859	1
84996	1
41917	1
35049	1
63814	1
53223	1
35578	1
84996	1
91016	1
64356	1
35595	1
96129	1
75964	1
77909	1
48309	1
42302	1
64317	1
2400	1
27360	1
38281	1
53223	1
96023	1
13982	1
1746	1
23312	1
80068	1
74405	1
29364	1
53223	1
74405	1
74405	1
88112	1
53223	1
12084	1
44081	1
53223	1
53223	1
8860	1
62334	1
48652	1
44623	1
69805	1
60252	1
1306	1
33490	1
96901	1
35811	1
36511	1
13977	1
4663	1
6212	1
3033	1
48652	1
35159	1
65373	1
63814	1
63947	1
69666	1
53223	1
34935	1
30403	1
47525	1
67287	1
84996	1
63249	1
65373	1
89818	1
63814	1
74405	1
74405	1
76320	1
36075	1
44843	1
99056	1
58010	1
18266	1
85762	1
27974	1
79688	1
95587	1
7847	1
90974	1
74405	1
53223	1
41972	1
71393	1
21666	1
91122	1
70628	1
3405	1
62334	1
44081	1
80967	1
91126	1
53223	1
49914	1
74405	1
95587	1
38061	1
76140	1
36913	1
37803	1
28738	1
83437	1
39946	1
50226	1
77523	1
70108	1
74405	1
99311	1
38061	1
31226	1
27360	1
8607	1
73343	1
53223	1
84996	1
27562	1
74405	1
48652	1
69944	1
78316	1
6178	1
44191	1
63150	1
13286	1
78866	1
53223	1
51454	1
41490	1
22978	1
18764	1
15949	1
1030	1
69834	1
60009	1
55977	1
79412	1
19231	1
63814	1
17558	1
52185	1
86555	1
63511	1
21967	1
97393	1
17747	1
74405	1
89839	1
8067	1
74405	1
17564	1
9190	1
57983	1
84996	1
19802	1
7847	1
27360	1
16879	1
53223	1
27470	1
88114	1
13346	1
62145	1
42101	1
71186	1
19283	1
74405	1
72516	1
91016	1
74405	1
5512	1
83802	1
22216	1
87595	1
27470	1
84996	1
5165	1
1933	1
26024	1
63632	1
9197	1
59679	1
82530	1
93011	1
44187	1
74405	1
95772	1
37712	1
80311	1
84996	1
20227	1
80967	1
34962	1
20213	1
84996	1
49858	1
21006	1
62145	1
8067	1
80535	1
33158	1
8146	1
74405	1
85096	1
24981	1
82634	1
30588	1
95587	1
16769	1
74405	1
2917	1
83390	1
33854	1
38340	1
69834	1
19781	1
84996	1
27470	1
87666	1
91016	1
57113	1
42302	1
80395	1
82619	1
32234	1
46983	1
27655	1
31643	1
43369	1
54616	1
16879	1
53439	1
74405	1
70105	1
36802	1
34775	1
84996	1
23441	1
78866	1
94350	1
74405	1
6288	1
45778	1
85928	1
53223	1
4619	1
66129	1
88660	1
91126	1
12113	1
40575	1
58010	1
561	1
65330	1
65919	1
72626	1
29820	1
36174	1
83653	1
9686	1
22899	1
34032	1
53223	1
73062	1
69944	1
84996	1
53223	1
94682	1
40598	1
96710	1
31408	1
54126	1
7737	1
21228	1
74405	1
53223	1
27574	1
25010	1
99577	1
55438	1
36718	1
95587	1
84996	1
53223	1
60688	1
99031	1
44326	1
16879	1
74405	1
50973	1
74405	1
22899	1
41017	1
31601	1
38061	1
74405	1
71970	1
9406	1
11405	1
69537	1
62255	1
69944	1
1717	1
71393	1
36392	1
92905	1
3986	1
7737	1
46794	1
92712	1
99388	1
84996	1
15210	1
74405	1
86881	1
7847	1
38823	1
82039	1
42138	1
68711	1
8211	1
75825	1
83437	1
41289	1
17421	1
74405	1
53443	1
69944	1
69037	1
74018	1
39691	1
72516	1
84996	1
65622	1
27949	1
24568	1
42711	1
68275	1
86281	1
99007	1
4945	1
91016	1
46983	1
65386	1
80207	1
2080	1
44191	1
73365	1
41675	1
93588	1
36502	1
51554	1
39946	1
27140	1
84996	1
53128	1
54778	1
51660	1
90848	1
21369	1
60829	1
59243	1
10507	1
19673	1
38061	1
18949	1
74405	1
66492	1
51855	1
47093	1
97146	1
2276	1
30779	1
78866	1
78615	1
74405	1
48951	1
51554	1
53223	1
384	1
60908	1
16769	1
2178	1
91016	1
59243	1
38387	1
88451	1
91126	1
86555	1
59270	1
74405	1
12308	1
99909	1
89783	1
31134	1
53439	1
47093	1
7907	1
74405	1
63704	1
65919	1
84996	1
21259	1
63814	1
56876	1
76118	1
18218	1
6178	1
53223	1
53223	1
32961	1
90796	1
63814	1
21666	1
63814	1
30372	1
700	1
10749	1
31849	1
57078	1
68491	1
27470	1
91016	1
53223	1
39836	1
63814	1
16987	1
98694	1
60366	1
74405	1
38061	1
49167	1
30478	1
16769	1
59679	1
71445	1
74405	1
87979	1
27360	1
70820	1
99035	1
27360	1
82287	1
34974	1
46983	1
39599	1
90755	1
27360	1
1989	1
84996	1
9325	1
1823	1
19303	1
44191	1
74405	1
54205	1
98049	1
69269	1
87950	1
9406	1
60912	1
79302	1
19121	1
78744	1
55434	1
7737	1
53223	1
62687	1
13550	1
48652	1
62471	1
27470	1
27360	1
82993	1
71169	1
82634	1
66647	1
73062	1
5414	1
48416	1
74850	1
40413	1
608	1
85316	1
48	1
74621	1
48185	1
62145	1
51197	1
25911	1
25801	1
89123	1
5626	1
25467	1
98811	1
90360	1
73419	1
55654	1
60912	1
79271	1
36502	1
25608	1
27470	1
80425	1
53223	1
84996	1
57680	1
69834	1
48395	1
29795	1
4945	1
93447	1
87079	1
63814	1
84996	1
91261	1
89567	1
9406	1
15999	1
96388	1
25442	1
69720	1
49941	1
59546	1
4065	1
49194	1
71719	1
57684	1
74405	1
60337	1
17128	1
91126	1
72530	1
19781	1
38520	1
36282	1
74405	1
97918	1
27470	1
49412	1
20900	1
27360	1
91126	1
53223	1
84996	1
251	1
9427	1
19781	1
48652	1
19646	1
95587	1
50838	1
35954	1
31051	1
59243	1
97472	1
86775	1
97146	1
30694	1
82420	1
2890	1
74405	1
65231	1
27360	1
62967	1
24388	1
9657	1
45746	1
74405	1
74405	1
9406	1
38061	1
42402	1
72410	1
53223	1
74405	1
64796	1
53223	1
74405	1
7737	1
22762	1
67179	1
74405	1
67790	1
90252	1
78285	1
53223	1
74405	1
20873	1
61265	1
1933	1
44081	1
47089	1
25120	1
99718	1
36502	1
81716	1
63704	1
41845	1
91016	1
53223	1
20355	1
27360	1
6421	1
95587	1
56341	1
79192	1
40985	1
57684	1
74405	1
6749	1
74405	1
84996	1
53435	1
34447	1
74405	1
86005	1
30914	1
84996	1
89364	1
44081	1
47664	1
9406	1
53223	1
69834	1
77523	1
95587	1
62145	1
96095	1
64223	1
38277	1
53223	1
10635	1
60802	1
51770	1
9190	1
88853	1
69944	1
91126	1
94661	1
90135	1
44820	1
74405	1
99828	1
41487	1
19781	1
89567	1
9350	1
35921	1
84545	1
70629	1
81077	1
74405	1
16769	1
88857	1
16769	1
55258	1
29768	1
17834	1
4505	1
74405	1
72736	1
93098	1
42920	1
42522	1
53223	1
48152	1
6178	1
74405	1
87099	1
42046	1
53223	1
41296	1
22899	1
16769	1
49418	1
93011	1
74405	1
87564	1
16879	1
74405	1
49949	1
32305	1
1717	1
74405	1
62826	1
80425	1
91122	1
91016	1
74405	1
28205	1
63594	1
93208	1
95587	1
42522	1
80425	1
35155	1
73112	1
6178	1
74405	1
25801	1
75964	1
79188	1
64030	1
55865	1
66403	1
63814	1
82094	1
73861	1
63814	1
67478	1
96264	1
74405	1
6288	1
77853	1
95587	1
72622	1
16408	1
90765	1
80049	1
75964	1
36718	1
95587	1
86555	1
6288	1
38061	1
59679	1
27381	1
76203	1
69261	1
53113	1
84996	1
27360	1
28593	1
34684	1
19451	1
57684	1
86744	1
76730	1
74405	1
47388	1
84996	1
41723	1
23335	1
80535	1
72736	1
77523	1
84996	1
27470	1
2598	1
91016	1
40963	1
74405	1
25801	1
44733	1
14990	1
25770	1
19993	1
79082	1
20576	1
25195	1
92743	1
82094	1
27544	1
72736	1
84996	1
6178	1
13317	1
16769	1
14193	1
6288	1
39072	1
53223	1
84996	1
72209	1
55079	1
89457	1
59634	1
63814	1
52017	1
6066	1
33270	1
36934	1
75964	1
84996	1
84996	1
72516	1
19345	1
86555	1
88089	1
25911	1
59243	1
33963	1
23335	1
95587	1
46327	1
72406	1
38061	1
21507	1
35103	1
28583	1
73120	1
84579	1
10054	1
44097	1
37295	1
33490	1
26347	1
48652	1
84996	1
57885	1
89783	1
60229	1
74405	1
33490	1
33490	1
25653	1
14629	1
55002	1
53223	1
8943	1
51811	1
84996	1
53223	1
74405	1
84996	1
90883	1
9622	1
4835	1
69724	1
93144	1
6288	1
4835	1
6178	1
79905	1
74405	1
95010	1
30311	1
84996	1
65261	1
36934	1
63814	1
23445	1
6830	1
57464	1
60657	1
90003	1
74405	1
74405	1
53223	1
95587	1
65647	1
39709	1
69944	1
39723	1
46076	1
38061	1
99714	1
12088	1
68491	1
34962	1
84996	1
63814	1
92850	1
62853	1
23964	1
99471	1
89303	1
25911	1
94096	1
53223	1
16769	1
95803	1
50563	1
2188	1
59243	1
67530	1
81595	1
23553	1
51554	1
11864	1
38603	1
89567	1
12514	1
42844	1
74405	1
97688	1
27470	1
12308	1
97146	1
52532	1
74405	1
15536	1
74405	1
74405	1
71167	1
74405	1
90901	1
13867	1
87027	1
72846	1
66068	1
9732	1
84996	1
33600	1
72736	1
91126	1
31817	1
22679	1
21340	1
6504	1
84996	1
17315	1
64356	1
37349	1
50211	1
72265	1
99856	1
74405	1
45150	1
17558	1
39703	1
6178	1
27360	1
48652	1
5958	1
41490	1
14739	1
74405	1
48056	1
6917	1
35049	1
80394	1
82366	1
16769	1
29905	1
75061	1
74405	1
74405	1
74405	1
54782	1
97256	1
45750	1
53223	1
74141	1
71775	1
38061	1
16769	1
74405	1
54778	1
53223	1
95587	1
95587	1
53223	1
49991	1
22531	1
69944	1
25801	1
66932	1
55888	1
12308	1
63814	1
14473	1
74405	1
41349	1
81428	1
27470	1
36938	1
95205	1
84996	1
64773	1
65714	1
77087	1
19593	1
74405	1
6178	1
76180	1
53223	1
158	1
74405	1
16769	1
91126	1
74405	1
5819	1
74405	1
97688	1
2967	1
33353	1
62471	1
54083	1
47212	1
99193	1
24458	1
12287	1
53223	1
74405	1
85131	1
44081	1
84996	1
85550	1
79922	1
84996	1
56667	1
18544	1
49796	1
18668	1
51417	1
6697	1
890	1
65896	1
55385	1
74405	1
16769	1
74405	1
99473	1
47498	1
70793	1
18654	1
84996	1
66932	1
65699	1
45094	1
63814	1
36392	1
74841	1
16491	1
29573	1
10965	1
29711	1
84996	1
6178	1
27470	1
70959	1
43809	1
65373	1
65809	1
95587	1
15669	1
9493	1
88907	1
27360	1
50211	1
38061	1
53223	1
98076	1
97146	1
40276	1
2263	1
59243	1
17016	1
30310	1
74405	1
59035	1
16769	1
11868	1
18764	1
95587	1
53111	1
435	1
74405	1
58670	1
74405	1
8943	1
62247	1
36822	1
47309	1
25655	1
76211	1
79011	1
5422	1
33750	1
83483	1
37484	1
48758	1
16879	1
86578	1
84996	1
48652	1
16439	1
21093	1
27360	1
85212	1
75744	1
6178	1
27360	1
81548	1
42271	1
6178	1
79082	1
84963	1
99448	1
16769	1
48652	1
74629	1
24238	1
30857	1
74405	1
66464	1
8896	1
46076	1
44081	1
17099	1
55494	1
59243	1
59789	1
53223	1
68491	1
91699	1
16766	1
43029	1
74405	1
49987	1
88266	1
4283	1
38061	1
91126	1
80535	1
40131	1
58016	1
90954	1
78073	1
74405	1
19333	1
91398	1
95340	1
5134	1
2462	1
63814	1
92571	1
74567	1
6178	1
91342	1
74405	1
74405	1
80425	1
64189	1
94354	1
44654	1
58969	1
89839	1
17817	1
4698	1
16769	1
21683	1
39176	1
72736	1
76056	1
9186	1
26507	1
74405	1
59160	1
65915	1
69944	1
4945	1
56032	1
99031	1
88000	1
71393	1
38387	1
84996	1
30671	1
74405	1
38299	1
57684	1
16769	1
1717	1
65373	1
14685	1
27360	1
84996	1
92901	1
72076	1
11542	1
95197	1
25037	1
69261	1
69614	1
69834	1
74405	1
61097	1
4802	1
9190	1
95587	1
95587	1
85785	1
27470	1
56013	1
23358	1
15004	1
21666	1
74405	1
48652	1
10581	1
25079	1
63814	1
14550	1
33191	1
84776	1
75040	1
25963	1
21120	1
62145	1
33183	1
45690	1
74405	1
63814	1
91016	1
48652	1
65217	1
80425	1
74405	1
52617	1
1717	1
24655	1
74405	1
25388	1
24705	1
42628	1
35921	1
16769	1
74405	1
16879	1
77085	1
33468	1
82530	1
65421	1
74405	1
19781	1
25877	1
14739	1
27611	1
84996	1
85079	1
76946	1
33490	1
53223	1
91126	1
13977	1
84996	1
51000	1
63814	1
37895	1
62828	1
89181	1
80535	1
27360	1
88193	1
2448	1
44081	1
11648	1
84996	1
64297	1
16769	1
36498	1
69884	1
7191	1
7604	1
35159	1
53223	1
69546	1
40855	1
74405	1
84996	1
72782	1
51656	1
73259	1
44812	1
16769	1
95587	1
72736	1
74405	1
53483	1
22899	1
45966	1
71939	1
80912	1
84996	1
23225	1
36718	1
8447	1
48432	1
82200	1
37187	1
6178	1
74405	1
19781	1
93555	1
94543	1
28996	1
95803	1
69632	1
42219	1
16879	1
53223	1
82420	1
94448	1
84996	1
41808	1
89316	1
85084	1
80425	1
91668	1
61128	1
88141	1
69037	1
83437	1
32147	1
33573	1
68260	1
10776	1
93135	1
26893	1
54962	1
6178	1
6425	1
77353	1
74405	1
22899	1
36172	1
87977	1
74405	1
84996	1
94243	1
40606	1
2388	1
46983	1
97146	1
3739	1
74627	1
27902	1
53223	1
95587	1
84996	1
57464	1
89040	1
16769	1
93804	1
48652	1
2593	1
71038	1
63814	1
20730	1
4619	1
65589	1
13867	1
54209	1
95587	1
33496	1
90130	1
48326	1
12076	1
74405	1
73278	1
38061	1
67258	1
51193	1
56887	1
59243	1
45173	1
12308	1
594	1
27360	1
3602	1
38061	1
35159	1
63704	1
11410	1
84996	1
6288	1
9190	1
56837	1
92841	1
59243	1
48652	1
74405	1
27470	1
63814	1
74405	1
53223	1
6288	1
74405	1
74405	1
69834	1
69834	1
66756	1
42713	1
83437	1
74405	1
30096	1
47309	1
41856	1
64246	1
28452	1
92218	1
40743	1
65898	1
81077	1
16769	1
71939	1
74405	1
74405	1
83736	1
96133	1
94584	1
74405	1
16769	1
37842	1
53223	1
96542	1
10170	1
58527	1
15826	1
16769	1
59243	1
10722	1
69984	1
6234	1
36392	1
63704	1
56341	1
80425	1
84996	1
10583	1
95587	1
94028	1
22899	1
90314	1
52210	1
59569	1
99035	1
53223	1
71711	1
25887	1
69944	1
6288	1
31941	1
84996	1
69944	1
29764	1
11884	1
36878	1
13375	1
53223	1
2456	1
78401	1
83653	1
86719	1
95226	1
75964	1
84996	1
36392	1
38061	1
89567	1
71036	1
19968	1
53223	1
31550	1
44407	1
158	1
58803	1
75964	1
98916	1
16196	1
69284	1
856	1
74405	1
51527	1
39344	1
72508	1
84996	1
72296	1
38061	1
4451	1
6205	1
53223	1
74405	1
95363	1
81187	1
34044	1
67289	1
84996	1
84996	1
22071	1
17095	1
40523	1
39755	1
29029	1
16769	1
34335	1
27747	1
59243	1
51959	1
14197	1
63814	1
95587	1
16769	1
95587	1
69396	1
57684	1
36584	1
2840	1
41505	1
47552	1
25550	1
16879	1
74405	1
1993	1
95066	1
74405	1
54286	1
63619	1
24568	1
63814	1
52268	1
44191	1
4397	1
65373	1
40386	1
79968	1
84996	1
16769	1
7737	1
99031	1
63814	1
38061	1
34176	1
74405	1
43585	1
78890	1
49370	1
16769	1
27360	1
84996	1
77633	1
40575	1
84996	1
89511	1
31418	1
313	1
70152	1
17672	1
68271	1
91066	1
2051	1
80425	1
48195	1
21886	1
32257	1
9933	1
84996	1
16879	1
84996	1
73365	1
33816	1
74405	1
23639	1
44775	1
4422	1
18878	1
34681	1
71719	1
16769	1
61487	1
77633	1
74405	1
28012	1
16769	1
74405	1
64631	1
90846	1
22459	1
74405	1
49555	1
99685	1
91919	1
16879	1
63789	1
63814	1
76290	1
34447	1
84996	1
83881	1
16167	1
63814	1
54641	1
65373	1
9190	1
76792	1
47223	1
62579	1
99388	1
90219	1
60769	1
80425	1
53223	1
40975	1
31134	1
55222	1
72091	1
39599	1
53223	1
88224	1
69720	1
89559	1
44407	1
97146	1
32720	1
1717	1
99448	1
90219	1
39074	1
45618	1
1389	1
45339	1
1717	1
65373	1
19094	1
74405	1
84996	1
47687	1
72869	1
69397	1
74405	1
84772	1
74405	1
63814	1
79607	1
4206	1
94244	1
84149	1
39620	1
29332	1
27470	1
38061	1
44081	1
53223	1
93561	1
99031	1
44733	1
46983	1
60744	1
21971	1
32568	1
36934	1
54782	1
84996	1
4304	1
59459	1
81070	1
90686	1
45991	1
85243	1
84996	1
78870	1
75402	1
52393	1
6178	1
74405	1
6178	1
83437	1
18438	1
6068	1
27470	1
37322	1
42322	1
3276	1
44191	1
64269	1
93011	1
83437	1
95587	1
67160	1
59785	1
52061	1
28963	1
83661	1
90323	1
74405	1
74405	1
66932	1
38481	1
65373	1
11839	1
11849	1
12308	1
23885	1
92901	1
55251	1
48652	1
21882	1
29598	1
63814	1
33490	1
16879	1
158	1
33816	1
95587	1
84996	1
74405	1
91126	1
69372	1
80425	1
15426	1
91678	1
18241	1
85212	1
79384	1
34671	1
63704	1
46983	1
26484	1
22102	1
94244	1
65809	1
89457	1
74405	1
84996	1
29496	1
42844	1
19886	1
53223	1
14645	1
75320	1
82125	1
53223	1
74405	1
87757	1
9537	1
374	1
25220	1
9190	1
41289	1
16206	1
1358	1
84996	1
52625	1
53223	1
74405	1
60194	1
94379	1
47826	1
74405	1
20217	1
6599	1
45750	1
94028	1
91514	1
41945	1
16769	1
3577	1
56285	1
85239	1
89135	1
84996	1
64030	1
82420	1
74405	1
74405	1
80971	1
92280	1
53223	1
48529	1
7407	1
59243	1
27360	1
51660	1
74405	1
38061	1
73278	1
76784	1
63814	1
16769	1
55874	1
74405	1
20024	1
74405	1
6178	1
74405	1
53223	1
27470	1
14087	1
78449	1
80425	1
11338	1
53223	1
53223	1
72846	1
74405	1
16769	1
53223	1
48652	1
55338	1
3520	1
20213	1
16769	1
31798	1
80425	1
30372	1
50236	1
95415	1
21556	1
42454	1
84996	1
84774	1
17311	1
84996	1
38061	1
60096	1
30368	1
53223	1
84996	1
13726	1
84996	1
68936	1
44320	1
23115	1
68601	1
47859	1
53223	1
98954	1
13146	1
3602	1
9323	1
98288	1
2263	1
88114	1
12629	1
27360	1
63810	1
81814	1
14932	1
69834	1
40963	1
91126	1
11675	1
74405	1
43724	1
26814	1
9354	1
26343	1
63814	1
61528	1
25911	1
24026	1
12272	1
74405	1
89580	1
80425	1
74405	1
12308	1
29355	1
74405	1
79677	1
64034	1
16769	1
91122	1
40521	1
87981	1
22899	1
867	1
90796	1
63783	1
30862	1
84996	1
83869	1
6896	1
40963	1
5821	1
80535	1
31794	1
16879	1
91016	1
73498	1
53076	1
26598	1
74405	1
36878	1
16769	1
74405	1
74405	1
67231	1
63814	1
36392	1
52837	1
44191	1
72508	1
60225	1
66366	1
98871	1
20439	1
46377	1
7592	1
1342	1
6178	1
44641	1
53223	1
73443	1
32720	1
74405	1
86061	1
72626	1
17421	1
61392	1
33168	1
27360	1
53223	1
16769	1
30914	1
6178	1
84996	1
10141	1
86441	1
12308	1
36282	1
84996	1
66332	1
11540	1
83438	1
74405	1
92004	1
75964	1
49858	1
12308	1
18015	1
63814	1
53223	1
91126	1
72540	1
12308	1
7075	1
55952	1
14629	1
63814	1
93011	1
78866	1
74405	1
64275	1
91753	1
24568	1
18785	1
66548	1
63814	1
33497	1
56667	1
61325	1
61354	1
48652	1
31570	1
84996	1
71036	1
74405	1
49634	1
5796	1
48179	1
74405	1
95587	1
69944	1
72736	1
17095	1
90651	1
53223	1
22816	1
84776	1
16879	1
49555	1
48	1
56335	1
16879	1
53113	1
74405	1
97252	1
74405	1
6178	1
44081	1
82366	1
74405	1
27360	1
7737	1
14656	1
74405	1
99608	1
48652	1
47794	1
35423	1
91016	1
44407	1
51334	1
16769	1
88055	1
53223	1
64932	1
75964	1
75497	1
48652	1
89779	1
19997	1
37295	1
6178	1
6282	1
84776	1
37648	1
38237	1
85978	1
94803	1
16769	1
91016	1
15532	1
18654	1
84996	1
62525	1
16728	1
63814	1
95959	1
58581	1
6288	1
25255	1
62145	1
59243	1
38859	1
58010	1
15210	1
16879	1
60009	1
41505	1
92187	1
16846	1
34909	1
74405	1
75964	1
84996	1
16769	1
6178	1
38937	1
24568	1
74405	1
44081	1
59243	1
63108	1
70600	1
74405	1
84996	1
95587	1
13977	1
49194	1
91126	1
74405	1
16769	1
52893	1
6178	1
95587	1
9512	1
7855	1
13493	1
91126	1
74405	1
70597	1
27470	1
73446	1
84996	1
84996	1
85243	1
48652	1
84996	1
60422	1
5877	1
30346	1
50336	1
78866	1
14770	1
49115	1
95882	1
31721	1
97146	1
60802	1
27470	1
27470	1
63617	1
65589	1
84996	1
16455	1
94844	1
83437	1
69010	1
95010	1
6178	1
74405	1
39396	1
95587	1
74405	1
58388	1
91446	1
95093	1
94015	1
36502	1
74405	1
38061	1
53223	1
73882	1
74405	1
33492	1
21556	1
97692	1
43751	1
24022	1
99998	1
37410	1
55135	1
65699	1
8512	1
80425	1
64607	1
84996	1
74405	1
57364	1
17099	1
32029	1
74405	1
74405	1
74405	1
2059	1
97036	1
51791	1
74405	1
56557	1
88004	1
89457	1
87784	1
35425	1
61815	1
22899	1
77338	1
65593	1
63484	1
91809	1
8279	1
95309	1
89370	1
95587	1
53223	1
27360	1
27360	1
29355	1
64850	1
54782	1
70737	1
35996	1
19032	1
72877	1
8279	1
85057	1
57069	1
60885	1
9406	1
46481	1
74405	1
23323	1
53113	1
76180	1
14689	1
44191	1
80425	1
3442	1
46024	1
12524	1
65589	1
7737	1
10967	1
84996	1
87317	1
38580	1
56358	1
90109	1
75964	1
74405	1
12308	1
84089	1
30391	1
89693	1
62670	1
89040	1
67835	1
63500	1
31184	1
53223	1
53113	1
96376	1
53796	1
62255	1
74405	1
69917	1
84996	1
37081	1
91016	1
60229	1
16769	1
20983	1
54238	1
94383	1
60692	1
3490	1
4395	1
74405	1
99578	1
62145	1
6178	1
44301	1
74405	1
5302	1
30372	1
59243	1
95093	1
95863	1
95587	1
6178	1
20323	1
57267	1
27360	1
19781	1
74405	1
10749	1
48432	1
43064	1
1937	1
27360	1
12308	1
88085	1
74405	1
75744	1
91016	1
31937	1
13867	1
48652	1
26661	1
95803	1
28263	1
72736	1
53223	1
85646	1
34428	1
35049	1
237	1
63814	1
9190	1
16769	1
31360	1
5495	1
27360	1
64985	1
63814	1
39479	1
21826	1
74405	1
74405	1
6178	1
4945	1
63814	1
74405	1
70573	1
76771	1
96270	1
38061	1
80535	1
71499	1
95143	1
97472	1
74405	1
53140	1
33600	1
2153	1
20437	1
38061	1
58033	1
53113	1
16155	1
78634	1
44234	1
74405	1
74405	1
84996	1
61649	1
71688	1
63814	1
95587	1
33490	1
84996	1
47745	1
27605	1
35980	1
74405	1
51447	1
74405	1
53223	1
8885	1
47276	1
53223	1
37621	1
69944	1
48652	1
74405	1
74405	1
57684	1
74405	1
56752	1
19005	1
1717	1
91083	1
84996	1
53223	1
39479	1
38061	1
9622	1
25911	1
4619	1
84996	1
40963	1
61242	1
31134	1
80425	1
74405	1
65624	1
53223	1
74405	1
74405	1
27360	1
15536	1
73062	1
62255	1
25298	1
42821	1
34339	1
79559	1
17099	1
22899	1
82094	1
28126	1
3878	1
80535	1
19781	1
72736	1
55256	1
59569	1
11652	1
1717	1
66932	1
74405	1
12308	1
69944	1
3023	1
44081	1
16879	1
53223	1
80448	1
23661	1
38061	1
27470	1
53223	1
19021	1
39863	1
74405	1
53223	1
53223	1
85031	1
53223	1
75501	1
1219	1
65699	1
6504	1
56778	1
3216	1
69917	1
91126	1
22899	1
6178	1
89457	1
27470	1
31570	1
88637	1
20134	1
80425	1
13836	1
66079	1
86069	1
91143	1
29469	1
40963	1
74405	1
53223	1
49782	1
1717	1
9190	1
32473	1
96129	1
94269	1
88224	1
37226	1
22247	1
51880	1
33814	1
45750	1
91558	1
74405	1
33490	1
74405	1
29600	1
74405	1
87429	1
84996	1
86702	1
60688	1
44191	1
35599	1
8970	1
33797	1
47093	1
6178	1
16769	1
49194	1
45999	1
12308	1
91016	1
54130	1
62145	1
9406	1
63210	1
74405	1
42302	1
58550	1
56830	1
95587	1
55201	1
71754	1
74405	1
84552	1
63594	1
19121	1
71694	1
84996	1
4453	1
91016	1
74405	1
16879	1
76784	1
16879	1
39188	1
54833	1
88440	1
80091	1
48652	1
34032	1
81953	1
60817	1
20213	1
43240	1
29469	1
11652	1
1207	1
34335	1
84996	1
47309	1
84996	1
85843	1
3318	1
6178	1
1675	1
53543	1
37336	1
69614	1
48978	1
6452	1
11405	1
85212	1
27973	1
84313	1
99772	1
59243	1
3487	1
23418	1
19781	1
78866	1
91290	1
82358	1
31202	1
7212	1
56667	1
73062	1
27360	1
42188	1
74405	1
42356	1
76730	1
15316	1
74405	1
74405	1
1717	1
44191	1
69016	1
71856	1
11048	1
68302	1
51025	1
53875	1
84996	1
18438	1
41337	1
28585	1
53223	1
39919	1
74405	1
74405	1
94346	1
86798	1
49194	1
84996	1
53578	1
53223	1
951	1
24348	1
80394	1
78866	1
84996	1
92901	1
91016	1
27981	1
97036	1
87344	1
44301	1
74405	1
56690	1
69261	1
44191	1
9190	1
90196	1
74405	1
58006	1
11648	1
63704	1
73062	1
26484	1
84776	1
46697	1
62471	1
22737	1
77467	1
35563	1
20213	1
80425	1
12690	1
53765	1
53223	1
51880	1
64273	1
8818	1
86555	1
71640	1
53439	1
63814	1
63814	1
92214	1
28569	1
74405	1
27360	1
16879	1
36392	1
38034	1
45914	1
16840	1
44191	1
94271	1
21556	1
77744	1
49634	1
61649	1
42053	1
64906	1
83452	1
21116	1
84996	1
3276	1
27360	1
3276	1
36618	1
69834	1
15200	1
98979	1
66135	1
48652	1
37374	1
53223	1
74405	1
72626	1
594	1
87642	1
21363	1
38302	1
85538	1
52115	1
74405	1
65481	1
83437	1
12308	1
73961	1
35538	1
47388	1
91016	1
40602	1
40824	1
93011	1
48484	1
15210	1
50321	1
88224	1
74405	1
49767	1
6178	1
95587	1
70757	1
12308	1
63255	1
9929	1
75061	1
80425	1
84996	1
80535	1
51251	1
74405	1
74621	1
4399	1
27360	1
2400	1
61101	1
13716	1
84996	1
29631	1
84996	1
64883	1
54992	1
44081	1
30588	1
74405	1
14087	1
44081	1
10965	1
74621	1
31487	1
56557	1
91016	1
45146	1
68003	1
9192	1
92822	1
6178	1
58226	1
48652	1
74405	1
42045	1
53223	1
9075	1
9873	1
12771	1
39595	1
89787	1
74405	1
5381	1
38061	1
53223	1
1985	1
71555	1
89158	1
59243	1
62031	1
79192	1
52210	1
51187	1
44191	1
83580	1
48891	1
12308	1
53223	1
77002	1
11810	1
16879	1
84828	1
72626	1
63814	1
96710	1
88633	1
84996	1
45773	1
99168	1
158	1
24919	1
63814	1
74405	1
80425	1
59243	1
44220	1
76778	1
16879	1
31925	1
66791	1
6178	1
88845	1
61128	1
23881	1
50888	1
45375	1
74405	1
72240	1
62471	1
50259	1
54962	1
53223	1
38222	1
46983	1
79408	1
84996	1
38061	1
60885	1
84996	1
10749	1
54180	1
95587	1
53223	1
12727	1
1670	1
74405	1
53223	1
24597	1
26673	1
87252	1
56478	1
6830	1
67777	1
63484	1
51792	1
95803	1
18434	1
12887	1
40588	1
27470	1
7737	1
91126	1
69261	1
16769	1
68353	1
54782	1
15630	1
22116	1
51440	1
27360	1
74405	1
93555	1
53223	1
64536	1
73033	1
38061	1
9989	1
45746	1
6178	1
92266	1
6178	1
20680	1
78866	1
52096	1
71022	1
16769	1
46150	1
23225	1
70062	1
84996	1
63814	1
74405	1
60557	1
64030	1
7737	1
27360	1
36384	1
53223	1
69834	1
82790	1
55101	1
75964	1
74405	1
15210	1
30887	1
72596	1
64493	1
80232	1
36338	1
54782	1
55550	1
84996	1
98815	1
48978	1
63814	1
95340	1
78866	1
21556	1
37158	1
12458	1
24437	1
80425	1
74405	1
41036	1
53223	1
97852	1
91645	1
26247	1
4835	1
29928	1
84996	1
72853	1
78866	1
74405	1
92484	1
78505	1
57350	1
90831	1
70440	1
84996	1
91126	1
41438	1
56764	1
74405	1
93262	1
33777	1
15316	1
91556	1
22567	1
95587	1
3492	1
90765	1
18513	1
54998	1
97005	1
84996	1
86555	1
13897	1
59243	1
34991	1
17421	1
24373	1
36157	1
22322	1
514	1
91016	1
80971	1
78866	1
83734	1
74405	1
69992	1
16769	1
90912	1
30588	1
53223	1
33490	1
95969	1
59243	1
99878	1
80535	1
84996	1
20053	1
54861	1
63567	1
91668	1
2620	1
91668	1
48652	1
84996	1
95774	1
84734	1
68514	1
71393	1
53223	1
36392	1
18714	1
27360	1
17479	1
74405	1
92685	1
48652	1
74405	1
63814	1
91342	1
44411	1
55488	1
69944	1
56997	1
21556	1
74405	1
84996	1
47331	1
65373	1
30372	1
32286	1
64306	1
91668	1
85538	1
10965	1
74405	1
74405	1
63671	1
53562	1
87321	1
72296	1
74405	1
50451	1
9456	1
74405	1
73256	1
63814	1
69834	1
23553	1
27360	1
53223	1
11432	1
71393	1
3492	1
89457	1
84157	1
53071	1
69397	1
53439	1
91016	1
87211	1
97146	1
53439	1
27360	1
45447	1
63814	1
94316	1
53223	1
74405	1
54782	1
53223	1
1960	1
59562	1
40409	1
4835	1
46983	1
65699	1
40083	1
93860	1
27686	1
74405	1
54782	1
77743	1
36502	1
370	1
85899	1
88000	1
38061	1
52181	1
16518	1
20213	1
16879	1
42408	1
98090	1
14413	1
82310	1
13059	1
89783	1
96050	1
30646	1
84996	1
68993	1
86013	1
22145	1
91016	1
86167	1
74405	1
27360	1
81631	1
62855	1
49092	1
59243	1
84996	1
74405	1
85187	1
39726	1
74405	1
74405	1
19997	1
53439	1
36419	1
23775	1
63814	1
38061	1
51367	1
38603	1
62824	1
57684	1
84996	1
62255	1
25764	1
52756	1
83869	1
95587	1
24784	1
22899	1
55731	1
17095	1
90329	1
11291	1
25587	1
43376	1
38061	1
90219	1
1275	1
63814	1
74405	1
69944	1
62145	1
40963	1
4101	1
12850	1
12308	1
84996	1
69834	1
1306	1
16769	1
22199	1
67302	1
24498	1
80425	1
9512	1
74405	1
91016	1
51334	1
21666	1
67943	1
453	1
90549	1
74405	1
82530	1
67007	1
84996	1
97146	1
11762	1
44733	1
38061	1
26426	1
74405	1
91126	1
63272	1
37461	1
95587	1
84996	1
67077	1
31931	1
54956	1
32693	1
48652	1
63814	1
1823	1
74405	1
80118	1
16769	1
21496	1
27011	1
74405	1
4559	1
38061	1
94354	1
27360	1
44631	1
74405	1
47932	1
40220	1
39620	1
89457	1
74625	1
85075	1
23335	1
94244	1
23119	1
69834	1
88224	1
26879	1
48208	1
4395	1
62797	1
69527	1
70897	1
4906	1
28873	1
68873	1
55025	1
537	1
27360	1
27470	1
95587	1
21336	1
70990	1
29515	1
68437	1
18155	1
6178	1
74405	1
6178	1
25471	1
57900	1
92871	1
97304	1
27360	1
52096	1
70376	1
77100	1
96710	1
74571	1
91568	1
74428	1
63814	1
95587	1
23225	1
77849	1
19231	1
21353	1
3208	1
15646	1
69645	1
4619	1
80425	1
74405	1
19781	1
53223	1
91126	1
38061	1
7496	1
6178	1
61399	1
96418	1
44081	1
74405	1
74405	1
95587	1
25911	1
78069	1
74405	1
42848	1
35049	1
72271	1
84598	1
53223	1
91836	1
60470	1
8451	1
22899	1
74405	1
84996	1
2257	1
91122	1
87032	1
43186	1
13830	1
77263	1
74405	1
27470	1
91425	1
40244	1
84033	1
75964	1
53223	1
4619	1
46038	1
87890	1
10635	1
63814	1
84996	1
74405	1
65259	1
74405	1
74405	1
59243	1
68491	1
39987	1
74405	1
12308	1
48652	1
77087	1
20213	1
9765	1
4862	1
80425	1
14795	1
91126	1
27223	1
57626	1
46983	1
91259	1
95147	1
37925	1
16379	1
89583	1
19781	1
80425	1
28294	1
84996	1
42321	1
40523	1
84996	1
853	1
32386	1
6178	1
45750	1
80425	1
74405	1
72830	1
75964	1
50537	1
7737	1
75308	1
53223	1
72846	1
95582	1
74405	1
74405	1
48652	1
65429	1
26343	1
74405	1
84996	1
65616	1
31886	1
29249	1
35014	1
48405	1
69944	1
95587	1
12308	1
19833	1
77170	1
60449	1
2593	1
43612	1
26746	1
12854	1
6178	1
43344	1
31931	1
70056	1
68601	1
77308	1
60802	1
53223	1
46190	1
74405	1
89185	1
53223	1
10965	1
6178	1
79192	1
56667	1
60912	1
934	1
23665	1
74405	1
63287	1
74405	1
89457	1
68275	1
84996	1
30808	1
62145	1
30372	1
53223	1
27360	1
63814	1
84996	1
48432	1
78841	1
2784	1
99305	1
83653	1
16769	1
73062	1
61215	1
44081	1
16879	1
74405	1
74405	1
58803	1
24394	1
12777	1
84996	1
23443	1
16879	1
11544	1
92741	1
74405	1
40963	1
18517	1
15040	1
84996	1
74405	1
72846	1
16576	1
36824	1
24796	1
84093	1
93576	1
74405	1
4684	1
40519	1
47689	1
77710	1
74405	1
78646	1
53223	1
22279	1
74405	1
35375	1
10226	1
54014	1
84996	1
27360	1
22899	1
88884	1
82725	1
30372	1
50832	1
96214	1
97939	1
81077	1
94857	1
53223	1
69477	1
86624	1
6178	1
51876	1
35007	1
74405	1
91558	1
69834	1
53223	1
74405	1
9190	1
57684	1
33945	1
53223	1
74405	1
78646	1
97005	1
30372	1
27470	1
68613	1
47452	1
89511	1
80425	1
50211	1
74405	1
94790	1
36392	1
27470	1
22899	1
87069	1
51990	1
53223	1
2263	1
25330	1
50721	1
28093	1
59145	1
80425	1
74405	1
83844	1
40058	1
35159	1
67534	1
51544	1
67258	1
80425	1
39366	1
72925	1
36392	1
91126	1
96357	1
34234	1
83601	1
91126	1
90802	1
20217	1
77975	1
38061	1
2047	1
36718	1
44191	1
44766	1
44705	1
63814	1
12308	1
84996	1
61777	1
71233	1
44191	1
50537	1
62305	1
74405	1
57684	1
35159	1
89569	1
49846	1
74405	1
29575	1
48652	1
74405	1
16879	1
74405	1
53223	1
17095	1
52999	1
95587	1
26563	1
74405	1
10195	1
53443	1
96875	1
26638	1
47973	1
84996	1
91126	1
85109	1
93812	1
70596	1
71791	1
94663	1
74405	1
68522	1
6060	1
1717	1
44191	1
52594	1
17421	1
92685	1
41289	1
55616	1
84996	1
91161	1
15588	1
88220	1
46076	1
38061	1
16769	1
85590	1
45636	1
59322	1
91016	1
53223	1
54782	1
74405	1
98815	1
95641	1
44191	1
84996	1
19221	1
6720	1
92162	1
96332	1
24458	1
66321	1
86555	1
91253	1
82734	1
89723	1
4619	1
88304	1
63814	1
66496	1
65373	1
43233	1
77949	1
7838	1
74405	1
95249	1
6178	1
89343	1
89048	1
11048	1
97688	1
89499	1
74405	1
73388	1
74405	1
65308	1
27360	1
78725	1
53223	1
85524	1
42522	1
14058	1
72861	1
16769	1
27360	1
35375	1
55953	1
65373	1
84996	1
13890	1
41864	1
76647	1
51193	1
44191	1
62145	1
97081	1
6178	1
76931	1
26453	1
38387	1
10973	1
63814	1
37700	1
84527	1
70926	1
54782	1
55976	1
47992	1
16769	1
83979	1
72846	1
74405	1
31790	1
86502	1
6068	1
65576	1
55434	1
69944	1
60966	1
27470	1
27470	1
56781	1
92905	1
29558	1
65164	1
61381	1
16769	1
1717	1
27250	1
53223	1
41540	1
97146	1
46376	1
7737	1
20904	1
53223	1
55521	1
77002	1
80645	1
76017	1
84996	1
53443	1
91126	1
63814	1
38354	1
16879	1
4316	1
69834	1
35875	1
74405	1
47886	1
95587	1
41179	1
97429	1
3176	1
93163	1
74405	1
80535	1
42844	1
64034	1
29768	1
91016	1
32390	1
74405	1
48432	1
30372	1
69413	1
74405	1
33953	1
53875	1
37179	1
53682	1
70162	1
80475	1
6288	1
91714	1
63264	1
81463	1
43585	1
74405	1
53223	1
15866	1
69834	1
92928	1
370	1
46983	1
27686	1
567	1
51251	1
95587	1
63505	1
59243	1
92797	1
74405	1
67015	1
52779	1
11401	1
49194	1
37883	1
50757	1
33600	1
40963	1
59243	1
91016	1
53223	1
90240	1
30372	1
27360	1
48652	1
700	1
55880	1
74621	1
37017	1
91574	1
12308	1
53223	1
96052	1
27360	1
29270	1
39184	1
14193	1
4640	1
15210	1
18986	1
74405	1
68275	1
84079	1
86555	1
83437	1
74405	1
69529	1
17697	1
89457	1
27470	1
39620	1
89567	1
15426	1
8838	1
71613	1
60636	1
54043	1
79217	1
52499	1
83790	1
94638	1
94405	1
46690	1
83437	1
9406	1
26416	1
91942	1
30229	1
69477	1
79377	1
74405	1
95830	1
43228	1
73885	1
63814	1
66492	1
95587	1
63814	1
77193	1
67335	1
72846	1
64522	1
48235	1
77004	1
73589	1
22102	1
74405	1
16879	1
74405	1
16223	1
63814	1
68491	1
9842	1
2840	1
63814	1
90329	1
3652	1
38061	1
3492	1
16879	1
10992	1
57296	1
89590	1
76082	1
17023	1
53223	1
74405	1
94433	1
33490	1
56563	1
50211	1
54778	1
84199	1
16769	1
24317	1
30856	1
57024	1
74405	1
6178	1
36282	1
11709	1
38061	1
38659	1
44434	1
62145	1
47969	1
15210	1
46981	1
70486	1
62911	1
74405	1
6720	1
88141	1
25020	1
26453	1
72705	1
84992	1
53223	1
74405	1
44270	1
27360	1
9190	1
88390	1
74405	1
74405	1
30694	1
51693	1
19781	1
25911	1
6178	1
84996	1
90595	1
74405	1
98815	1
1717	1
16769	1
93226	1
91558	1
10828	1
49194	1
83979	1
62145	1
27360	1
3619	1
3027	1
15426	1
84996	1
27360	1
24705	1
59129	1
27470	1
74405	1
85212	1
42302	1
52592	1
91214	1
82216	1
999	1
44191	1
36172	1
69834	1
67513	1
84996	1
48652	1
76224	1
22295	1
16165	1
58907	1
94410	1
91016	1
27360	1
23777	1
63584	1
30372	1
53223	1
5385	1
48816	1
68491	1
37380	1
74405	1
16769	1
74405	1
92706	1
36255	1
24981	1
84996	1
42956	1
374	1
64584	1
4619	1
77849	1
16769	1
56561	1
54782	1
71719	1
25251	1
22899	1
84996	1
28346	1
68491	1
5161	1
74405	1
74405	1
93840	1
48	1
37947	1
74405	1
49308	1
84996	1
87622	1
17797	1
69944	1
35499	1
30447	1
74405	1
84996	1
62255	1
57047	1
28012	1
40963	1
72138	1
50977	1
7891	1
68053	1
99035	1
23526	1
31022	1
74405	1
8040	1
79337	1
21672	1
63814	1
53594	1
66951	1
44191	1
41588	1
61119	1
92195	1
53223	1
10965	1
87454	1
92139	1
80967	1
31848	1
5381	1
62307	1
96285	1
54782	1
84996	1
40963	1
92025	1
63015	1
94024	1
10965	1
20512	1
86555	1
75032	1
16769	1
62708	1
14629	1
74405	1
2512	1
95587	1
72736	1
68821	1
5493	1
69813	1
60329	1
62471	1
97472	1
48652	1
74405	1
46786	1
10581	1
69944	1
91016	1
80535	1
84996	1
53223	1
16769	1
74405	1
16769	1
74405	1
33229	1
74405	1
21803	1
76829	1
74405	1
46516	1
84996	1
84996	1
13894	1
89567	1
51554	1
32635	1
15536	1
53223	1
7737	1
98815	1
79408	1
89457	1
25801	1
53223	1
33129	1
39726	1
16769	1
667	1
63704	1
60797	1
30887	1
28562	1
36226	1
53223	1
63814	1
33024	1
74405	1
84996	1
18054	1
60966	1
6178	1
74405	1
68680	1
74405	1
72846	1
127	1
39844	1
38061	1
32917	1
8420	1
78866	1
75696	1
38061	1
74405	1
8246	1
74405	1
47585	1
95882	1
62909	1
81305	1
90109	1
40496	1
73932	1
81791	1
91869	1
74405	1
30588	1
57684	1
53829	1
72846	1
32537	1
69313	1
86123	1
74405	1
2730	1
39620	1
27360	1
84996	1
65373	1
9213	1
99263	1
29355	1
44764	1
63814	1
86555	1
63814	1
93154	1
95587	1
71503	1
49414	1
67632	1
15532	1
8279	1
71503	1
22322	1
16879	1
59243	1
74405	1
16075	1
68522	1
81297	1
83437	1
16769	1
6720	1
85212	1
84996	1
16412	1
59459	1
6288	1
16769	1
74261	1
34032	1
36502	1
6178	1
86555	1
6288	1
74405	1
57406	1
96513	1
69834	1
4065	1
97146	1
54892	1
59393	1
22899	1
72842	1
84556	1
94111	1
28122	1
80425	1
6261	1
53223	1
89787	1
53223	1
32338	1
11603	1
21172	1
48652	1
97032	1
84996	1
86426	1
58363	1
53223	1
54782	1
27762	1
84996	1
16769	1
74405	1
16213	1
66544	1
51770	1
74405	1
74405	1
22897	1
53223	1
48432	1
16769	1
44785	1
91016	1
74405	1
94999	1
14656	1
51708	1
90698	1
59907	1
63814	1
14442	1
22247	1
76070	1
67154	1
8910	1
55485	1
62471	1
37722	1
93121	1
23441	1
43936	1
73807	1
54562	1
97472	1
87834	1
11567	1
21141	1
2153	1
34636	1
27360	1
53223	1
12248	1
74405	1
91704	1
12524	1
56667	1
63814	1
16769	1
16769	1
41590	1
45667	1
21216	1
27470	1
70843	1
94244	1
80832	1
90268	1
6178	1
80645	1
22816	1
29969	1
20945	1
79281	1
95170	1
63814	1
8943	1
89166	1
53223	1
38277	1
48783	1
74574	1
27470	1
66608	1
70899	1
80425	1
94389	1
74405	1
27360	1
17095	1
84996	1
33600	1
84996	1
63814	1
7576	1
63814	1
27805	1
63814	1
93561	1
74278	1
16879	1
74405	1
48212	1
63814	1
80535	1
29992	1
15210	1
16084	1
2836	1
91070	1
9190	1
86555	1
74405	1
9190	1
15544	1
88220	1
16769	1
84996	1
95252	1
98802	1
74405	1
3795	1
48652	1
62166	1
12059	1
68292	1
53223	1
9570	1
22687	1
2964	1
9406	1
74405	1
74405	1
88876	1
18764	1
84996	1
74405	1
53223	1
53223	1
7891	1
72240	1
2840	1
40153	1
95587	1
98375	1
57738	1
53223	1
74405	1
25911	1
32145	1
62145	1
31725	1
74405	1
36670	1
89622	1
63814	1
61784	1
96407	1
74405	1
74405	1
57684	1
40386	1
74405	1
74239	1
74405	1
99938	1
44452	1
73446	1
4619	1
16547	1
83437	1
68765	1
62691	1
53113	1
94852	1
72736	1
56341	1
78752	1
74405	1
43342	1
67335	1
8523	1
74405	1
80672	1
46217	1
36502	1
2108	1
26127	1
39946	1
88004	1
83437	1
16769	1
68379	1
74557	1
14583	1
87014	1
47093	1
28369	1
63814	1
32864	1
84996	1
44775	1
74405	1
45750	1
53223	1
49331	1
84996	1
53223	1
8260	1
20105	1
35159	1
88440	1
6178	1
22899	1
16769	1
17998	1
74405	1
74405	1
54041	1
80425	1
74405	1
84996	1
42313	1
93105	1
32402	1
47222	1
74405	1
6178	1
27470	1
27470	1
21803	1
5505	1
68601	1
23661	1
63814	1
98608	1
54043	1
23445	1
64470	1
36469	1
84996	1
84996	1
84996	1
72846	1
67534	1
84996	1
23881	1
64470	1
50537	1
89457	1
82258	1
53223	1
6288	1
38441	1
39620	1
6551	1
18442	1
62691	1
1717	1
15918	1
94188	1
61817	1
84996	1
56557	1
7079	1
80174	1
1717	1
12689	1
74405	1
84996	1
82420	1
19800	1
16879	1
37671	1
62471	1
85322	1
94244	1
60802	1
64013	1
69944	1
19528	1
16769	1
90003	1
33546	1
53223	1
80535	1
65205	1
3546	1
810	1
22978	1
23920	1
94028	1
99577	1
71503	1
9190	1
23115	1
4619	1
91921	1
36502	1
75964	1
94028	1
2043	1
63814	1
95147	1
38061	1
6178	1
64835	1
21775	1
28012	1
62855	1
74405	1
19833	1
25766	1
29575	1
83558	1
48017	1
96812	1
63797	1
74405	1
62907	1
53223	1
36963	1
2373	1
74405	1
20983	1
81473	1
38358	1
84996	1
74405	1
84996	1
97879	1
63814	1
90549	1
36502	1
87321	1
72846	1
53113	1
72217	1
6367	1
96596	1
40220	1
27360	1
47525	1
49280	1
30005	1
69944	1
27360	1
62575	1
45926	1
80535	1
53223	1
16989	1
53223	1
52925	1
38497	1
53223	1
63814	1
33679	1
56341	1
21336	1
84996	1
87078	1
16219	1
13790	1
32257	1
74405	1
62255	1
43247	1
95587	1
48652	1
2643	1
84996	1
67455	1
12578	1
39651	1
28451	1
79408	1
30009	1
13354	1
28838	1
82094	1
37305	1
81011	1
78046	1
3382	1
27470	1
18490	1
74405	1
92849	1
84996	1
68817	1
74405	1
14996	1
20983	1
91126	1
51110	1
19	1
154	1
69813	1
27190	1
56452	1
52650	1
21060	1
6720	1
85978	1
80425	1
158	1
18764	1
74947	1
74405	1
74621	1
4410	1
48978	1
45809	1
44081	1
69940	1
3938	1
74405	1
60912	1
98688	1
23526	1
47989	1
30231	1
44328	1
9406	1
37744	1
67939	1
63882	1
27360	1
74405	1
16879	1
77369	1
51554	1
62797	1
16769	1
22575	1
68341	1
12306	1
69834	1
13614	1
84996	1
45189	1
74405	1
18511	1
27360	1
60802	1
25801	1
74405	1
59243	1
74405	1
19094	1
63814	1
97023	1
99828	1
77002	1
4776	1
48864	1
99000	1
89691	1
27360	1
75887	1
74405	1
16769	1
16879	1
83042	1
49690	1
74484	1
40202	1
76506	1
53223	1
90528	1
83053	1
48652	1
16879	1
12308	1
95587	1
44081	1
53223	1
91016	1
25687	1
60912	1
61128	1
84996	1
59102	1
54782	1
28126	1
77258	1
80531	1
59243	1
1871	1
19993	1
16879	1
18270	1
38061	1
97149	1
93893	1
63814	1
45706	1
72873	1
49167	1
63704	1
63814	1
86721	1
7847	1
83437	1
52139	1
28809	1
79082	1
25687	1
68275	1
60935	1
20437	1
70708	1
18434	1
14413	1
53003	1
53223	1
53223	1
91858	1
88909	1
6037	1
16769	1
44623	1
237	1
63814	1
74405	1
25911	1
59270	1
50321	1
80535	1
80174	1
53348	1
58006	1
94244	1
75308	1
37075	1
16879	1
15210	1
22688	1
27360	1
81438	1
5055	1
31931	1
60912	1
47444	1
84996	1
11361	1
39091	1
74405	1
84996	1
21255	1
38061	1
44191	1
84996	1
18679	1
26467	1
22538	1
74405	1
38700	1
83653	1
27360	1
95807	1
89426	1
36392	1
69944	1
5981	1
16603	1
53796	1
13427	1
55748	1
7737	1
89567	1
74405	1
84996	1
36392	1
39946	1
30372	1
6178	1
96552	1
6720	1
27470	1
57685	1
84996	1
29529	1
29932	1
22762	1
16769	1
33058	1
14633	1
44623	1
1794	1
74405	1
78866	1
60252	1
41941	1
55355	1
30372	1
44081	1
74405	1
11808	1
89567	1
6178	1
84996	1
70249	1
82613	1
21851	1
16769	1
82094	1
46076	1
74405	1
32477	1
33886	1
16879	1
30368	1
41146	1
27360	1
64293	1
20134	1
91342	1
74405	1
67021	1
73278	1
1400	1
41360	1
66496	1
1030	1
96405	1
85195	1
91126	1
21340	1
44407	1
46076	1
25457	1
53223	1
84996	1
99251	1
32334	1
63814	1
60225	1
69666	1
74405	1
6178	1
97939	1
46983	1
31174	1
51413	1
47965	1
86918	1
12850	1
46983	1
62145	1
39031	1
74593	1
74405	1
66382	1
93441	1
22847	1
74405	1
74405	1
74405	1
63814	1
74405	1
74405	1
69834	1
74405	1
34106	1
74405	1
86555	1
29025	1
15293	1
74405	1
84996	1
48652	1
49528	1
88114	1
71723	1
22899	1
74405	1
44843	1
33490	1
27360	1
92685	1
59504	1
74405	1
46981	1
7847	1
51554	1
6288	1
90111	1
84996	1
1144	1
46860	1
74405	1
69944	1
74405	1
18201	1
9190	1
11405	1
96569	1
27466	1
38061	1
85212	1
28616	1
27605	1
50321	1
1717	1
60582	1
88224	1
11849	1
74405	1
75117	1
33490	1
10749	1
48131	1
31958	1
74405	1
4615	1
95587	1
21143	1
40493	1
43517	1
12308	1
40963	1
59243	1
22654	1
77276	1
83979	1
2913	1
90329	1
16879	1
74405	1
43151	1
95587	1
22899	1
18438	1
97256	1
49414	1
98662	1
92685	1
75964	1
12084	1
10749	1
29448	1
74559	1
2484	1
97472	1
63814	1
53875	1
93395	1
50559	1
7737	1
12088	1
75987	1
48137	1
19781	1
56368	1
53223	1
88114	1
1277	1
54782	1
74405	1
74405	1
44191	1
91782	1
53223	1
16792	1
9190	1
27360	1
64101	1
9269	1
73419	1
79198	1
74405	1
3751	1
63704	1
16769	1
22899	1
45287	1
28859	1
6288	1
7737	1
29081	1
33285	1
83979	1
16769	1
44733	1
7847	1
74405	1
63044	1
30478	1
65743	1
35049	1
54782	1
84996	1
45937	1
31923	1
88305	1
27470	1
57777	1
40827	1
48755	1
55864	1
11590	1
66711	1
28892	1
88302	1
26453	1
76288	1
6288	1
42902	1
49619	1
30276	1
7737	1
84996	1
53113	1
59679	1
84996	1
95895	1
374	1
27360	1
80481	1
65699	1
15426	1
90931	1
82638	1
33093	1
60329	1
75260	1
38061	1
11625	1
51655	1
77853	1
22736	1
74405	1
95531	1
34791	1
18158	1
56557	1
84996	1
63814	1
84996	1
65915	1
8200	1
89783	1
2599	1
16879	1
55434	1
77523	1
78866	1
16769	1
78285	1
39726	1
8013	1
75964	1
38061	1
6398	1
74405	1
84996	1
48428	1
63814	1
74405	1
27360	1
74405	1
88440	1
31931	1
67831	1
76290	1
4835	1
83437	1
74405	1
30635	1
65373	1
80967	1
53223	1
63814	1
41729	1
63814	1
29791	1
30972	1
53223	1
47183	1
23225	1
43064	1
561	1
91726	1
85899	1
53223	1
99357	1
70399	1
94283	1
88114	1
3272	1
87317	1
86092	1
11380	1
13670	1
53113	1
72240	1
83574	1
56887	1
33490	1
96849	1
83653	1
8543	1
84996	1
59143	1
97256	1
74405	1
20213	1
46983	1
95587	1
75964	1
45314	1
31931	1
89596	1
53223	1
33490	1
47965	1
3766	1
53113	1
6178	1
74405	1
40959	1
29988	1
53223	1
87678	1
74405	1
84996	1
75111	1
6178	1
34939	1
53223	1
69944	1
38061	1
54423	1
42522	1
65919	1
61020	1
96604	1
34046	1
74405	1
81710	1
6178	1
16769	1
32193	1
94244	1
27360	1
63814	1
32360	1
74405	1
44187	1
80535	1
81077	1
38167	1
16769	1
6143	1
74405	1
74405	1
49847	1
93831	1
38061	1
29940	1
31485	1
82200	1
69944	1
85899	1
16769	1
36502	1
23389	1
99251	1
47635	1
21689	1
84996	1
23441	1
97038	1
65616	1
74405	1
87618	1
39946	1
53223	1
73278	1
72736	1
21909	1
45966	1
30011	1
18654	1
65373	1
63814	1
92901	1
79302	1
48652	1
51554	1
30328	1
49277	1
84996	1
20487	1
43050	1
5958	1
74405	1
1821	1
57684	1
10034	1
88498	1
75744	1
74405	1
53223	1
93584	1
15210	1
38061	1
76794	1
63814	1
74405	1
84996	1
48652	1
14278	1
30229	1
31931	1
95587	1
67341	1
30945	1
13426	1
84992	1
58010	1
84996	1
94028	1
7847	1
35375	1
83161	1
84996	1
34752	1
78866	1
11816	1
97146	1
75964	1
12850	1
82609	1
53659	1
59525	1
63814	1
15210	1
45114	1
88224	1
64164	1
27470	1
91016	1
89619	1
13483	1
43033	1
91016	1
6778	1
33461	1
94028	1
75964	1
74405	1
79520	1
84996	1
94790	1
87434	1
93231	1
84996	1
38146	1
99388	1
69834	1
44218	1
7053	1
92390	1
48918	1
60009	1
14675	1
99714	1
53443	1
73145	1
74405	1
23441	1
74405	1
7737	1
97146	1
42405	1
74405	1
22870	1
84996	1
35923	1
52990	1
48169	1
74405	1
29905	1
61618	1
25801	1
64883	1
53223	1
93447	1
71495	1
53223	1
74405	1
33600	1
84996	1
53100	1
57680	1
12308	1
83437	1
82889	1
10749	1
66926	1
7440	1
64080	1
38061	1
15210	1
18530	1
72736	1
23485	1
40930	1
91126	1
91016	1
82094	1
6178	1
61528	1
84996	1
63814	1
74405	1
16769	1
93709	1
4835	1
27933	1
74405	1
72736	1
84996	1
74405	1
74405	1
38061	1
63814	1
15532	1
82094	1
88114	1
69037	1
96816	1
22899	1
84996	1
21333	1
46190	1
41179	1
47996	1
33490	1
49991	1
84996	1
51990	1
28381	1
70820	1
17672	1
88214	1
74405	1
48758	1
65049	1
91016	1
16769	1
74405	1
70486	1
6288	1
19576	1
50537	1
27360	1
99089	1
84996	1
80535	1
4615	1
69490	1
48	1
14193	1
58226	1
81297	1
89540	1
60924	1
73058	1
86441	1
5601	1
24541	1
33490	1
53985	1
71833	1
60827	1
6284	1
31649	1
38061	1
23445	1
12387	1
94028	1
72846	1
85212	1
12850	1
91342	1
35269	1
43720	1
27470	1
53223	1
81517	1
16848	1
87101	1
84996	1
60366	1
76055	1
78285	1
47776	1
73388	1
69412	1
76506	1
77170	1
53223	1
53167	1
75528	1
19827	1
27360	1
36525	1
89567	1
86555	1
80535	1
24012	1
75338	1
74405	1
65373	1
14197	1
13867	1
44843	1
14090	1
17099	1
53223	1
63814	1
42882	1
26920	1
74405	1
38061	1
16879	1
2259	1
53223	1
32060	1
10749	1
77633	1
72626	1
51554	1
63814	1
53223	1
54782	1
69371	1
51439	1
12020	1
17588	1
10585	1
84996	1
65373	1
76506	1
78501	1
85212	1
11044	1
12688	1
74891	1
13338	1
27686	1
74405	1
74405	1
42190	1
32234	1
374	1
84996	1
74405	1
74405	1
74405	1
6500	1
53223	1
6178	1
74405	1
19781	1
54174	1
31931	1
59507	1
12308	1
77735	1
94350	1
12634	1
44733	1
6367	1
14940	1
83437	1
95587	1
53223	1
92681	1
53223	1
42161	1
97206	1
74405	1
9190	1
36610	1
69905	1
63814	1
94244	1
84996	1
65373	1
21367	1
26127	1
82219	1
98108	1
55324	1
79788	1
63814	1
34202	1
90030	1
79192	1
49991	1
44081	1
74405	1
10607	1
62911	1
25369	1
68271	1
62145	1
10965	1
38061	1
47300	1
7104	1
86555	1
94244	1
27360	1
95882	1
19812	1
84996	1
30096	1
77384	1
20521	1
6064	1
70402	1
54998	1
41509	1
51770	1
26127	1
69629	1
68601	1
45199	1
3272	1
91016	1
62687	1
29029	1
85322	1
74405	1
16769	1
97146	1
97036	1
4372	1
45204	1
74405	1
74405	1
4806	1
49194	1
10965	1
67028	1
74405	1
18970	1
1717	1
6178	1
1717	1
74405	1
85212	1
54998	1
34497	1
53223	1
48652	1
84996	1
50990	1
16879	1
88224	1
6178	1
68898	1
85212	1
21676	1
677	1
18924	1
74405	1
74405	1
29587	1
96677	1
50211	1
27192	1
71339	1
46777	1
74405	1
3168	1
39757	1
92139	1
76290	1
21666	1
50593	1
7706	1
96299	1
49717	1
37629	1
6288	1
74405	1
97146	1
55048	1
84996	1
30588	1
30094	1
81164	1
53223	1
27470	1
82366	1
53223	1
58587	1
12804	1
31653	1
97146	1
74405	1
8970	1
74405	1
95267	1
84996	1
50537	1
27360	1
53223	1
10749	1
29409	1
92579	1
16769	1
94028	1
84992	1
23119	1
74405	1
37893	1
51660	1
93781	1
12088	1
88534	1
74405	1
10749	1
84996	1
20217	1
22106	1
21336	1
90109	1
74405	1
60087	1
8551	1
93541	1
74405	1
3767	1
70843	1
96482	1
14087	1
9340	1
6178	1
62471	1
27470	1
84996	1
18106	1
53223	1
62255	1
12389	1
11625	1
53223	1
84639	1
63814	1
40276	1
74405	1
69614	1
33490	1
79076	1
74405	1
20900	1
46076	1
86522	1
11291	1
1225	1
45750	1
30335	1
81118	1
87662	1
56748	1
53223	1
57479	1
91016	1
56065	1
92139	1
87431	1
79605	1
86798	1
95587	1
27470	1
38061	1
53223	1
55654	1
30148	1
33490	1
48129	1
74405	1
74405	1
74405	1
36654	1
24512	1
60885	1
74405	1
39323	1
81710	1
38987	1
6178	1
74405	1
1717	1
77623	1
44687	1
84996	1
87725	1
52069	1
16879	1
62255	1
62145	1
63258	1
48652	1
48652	1
17259	1
7443	1
2527	1
72736	1
18741	1
6178	1
56557	1
12335	1
75338	1
10957	1
20759	1
35072	1
84996	1
99172	1
86775	1
56341	1
53223	1
52965	1
77743	1
6178	1
82341	1
82094	1
12804	1
23061	1
90125	1
56642	1
60889	1
57684	1
26453	1
46267	1
74405	1
5385	1
41760	1
16113	1
18438	1
23358	1
16769	1
75964	1
69834	1
93636	1
650	1
11224	1
74405	1
84996	1
66382	1
41482	1
27836	1
74405	1
73590	1
61788	1
84996	1
87097	1
74405	1
94350	1
3276	1
80967	1
67258	1
2043	1
38003	1
33797	1
53223	1
16273	1
16769	1
34	1
87261	1
26514	1
91016	1
60802	1
95587	1
83294	1
74405	1
32176	1
41646	1
25399	1
85731	1
53023	1
20078	1
63044	1
74405	1
74405	1
48519	1
36882	1
20323	1
69504	1
84996	1
90968	1
89717	1
26343	1
14990	1
16769	1
69834	1
16769	1
59243	1
95147	1
70486	1
41179	1
15536	1
74405	1
63814	1
48059	1
41848	1
74405	1
14930	1
74405	1
25801	1
53223	1
84996	1
35448	1
12061	1
55575	1
51554	1
47309	1
95587	1
85756	1
33600	1
10448	1
16219	1
38607	1
52657	1
16769	1
44191	1
36392	1
65373	1
27360	1
35533	1
74405	1
16769	1
74405	1
74405	1
32913	1
53223	1
84996	1
95587	1
76124	1
6178	1
53223	1
24022	1
31941	1
87873	1
74405	1
89567	1
51554	1
84996	1
88334	1
74405	1
39064	1
63814	1
99846	1
80425	1
27902	1
81077	1
88224	1
18229	1
19665	1
57790	1
56432	1
30945	1
65373	1
84996	1
87917	1
36282	1
35296	1
90543	1
80425	1
84996	1
79582	1
84996	1
91126	1
4538	1
301	1
92285	1
51197	1
8578	1
95587	1
75495	1
74405	1
6288	1
83979	1
40377	1
57595	1
11511	1
41284	1
38061	1
31460	1
59243	1
47940	1
38061	1
53223	1
53223	1
51660	1
84996	1
67372	1
59111	1
70187	1
74405	1
18438	1
28915	1
36438	1
89789	1
82032	1
39946	1
6033	1
85158	1
16769	1
38061	1
24281	1
93522	1
89779	1
4619	1
32658	1
53113	1
69834	1
56027	1
47560	1
51554	1
26071	1
41752	1
53439	1
69284	1
84996	1
84996	1
11094	1
15426	1
61132	1
9620	1
54782	1
6178	1
53223	1
40386	1
80535	1
60802	1
29272	1
38061	1
27360	1
92841	1
57900	1
81912	1
42848	1
73587	1
12308	1
80967	1
39836	1
20815	1
47257	1
60881	1
37044	1
83823	1
13867	1
38061	1
16879	1
20429	1
53223	1
16769	1
84996	1
75061	1
98925	1
22899	1
9190	1
63079	1
52806	1
32303	1
74405	1
84996	1
75528	1
86119	1
74405	1
16879	1
40396	1
90109	1
72736	1
15069	1
20896	1
74405	1
32890	1
6288	1
36502	1
54238	1
6178	1
80425	1
78613	1
44953	1
16769	1
47996	1
64090	1
49904	1
71393	1
4835	1
80425	1
63988	1
66469	1
9190	1
38061	1
96674	1
75964	1
42451	1
36172	1
74405	1
4835	1
27360	1
40151	1
6983	1
29384	1
48411	1
19318	1
95587	1
94510	1
158	1
48405	1
74405	1
16769	1
53113	1
7787	1
16769	1
14936	1
38603	1
1717	1
10226	1
2593	1
1717	1
82530	1
84996	1
83653	1
79852	1
3031	1
47309	1
517	1
36502	1
54645	1
73718	1
69284	1
16769	1
57684	1
82094	1
74405	1
48868	1
28807	1
19231	1
27360	1
54782	1
98795	1
85455	1
9512	1
29249	1
66932	1
53223	1
9136	1
75964	1
67021	1
63814	1
10268	1
53439	1
6178	1
30478	1
31354	1
79051	1
92820	1
57703	1
95587	1
44081	1
27360	1
68381	1
95587	1
76398	1
56557	1
50670	1
38061	1
78866	1
74405	1
73062	1
66056	1
33490	1
39530	1
58450	1
83543	1
48405	1
46267	1
92285	1
47635	1
84996	1
21340	1
84996	1
19094	1
27470	1
51000	1
7737	1
94028	1
74593	1
7507	1
93329	1
63704	1
36589	1
82712	1
74405	1
8499	1
79192	1
15696	1
25911	1
72785	1
48652	1
67040	1
38061	1
13470	1
81143	1
43004	1
67072	1
37044	1
16769	1
96349	1
36714	1
16989	1
86555	1
6797	1
84996	1
91016	1
1717	1
63814	1
92949	1
99938	1
6496	1
79551	1
16769	1
97225	1
84996	1
77909	1
77983	1
84286	1
36062	1
58147	1
19752	1
96644	1
95587	1
68491	1
16680	1
74405	1
84996	1
6093	1
53113	1
64379	1
81864	1
62596	1
72919	1
27470	1
26914	1
10149	1
42177	1
44191	1
37492	1
5069	1
26758	1
61755	1
44081	1
84996	1
65808	1
80284	1
27470	1
74405	1
51770	1
95803	1
95587	1
39620	1
55322	1
51554	1
44623	1
24344	1
63814	1
53113	1
1717	1
33133	1
13348	1
22311	1
18002	1
90796	1
20355	1
61558	1
47855	1
16769	1
74405	1
55054	1
23115	1
74405	1
3056	1
74405	1
51880	1
81305	1
39157	1
43284	1
88004	1
1177	1
74405	1
32257	1
59906	1
18649	1
30372	1
19696	1
82310	1
75744	1
27682	1
17421	1
89457	1
2601	1
57543	1
6178	1
74405	1
53223	1
95504	1
38061	1
72902	1
69402	1
66932	1
40052	1
10149	1
13958	1
6178	1
84996	1
38420	1
29585	1
53223	1
84996	1
74405	1
21556	1
71785	1
80502	1
16769	1
45997	1
72873	1
86555	1
16769	1
15177	1
82094	1
27140	1
16769	1
9732	1
16589	1
31418	1
13514	1
80990	1
79819	1
44081	1
15210	1
32367	1
61649	1
35379	1
19094	1
74405	1
78866	1
60858	1
63814	1
74405	1
63814	1
64030	1
78866	1
16196	1
86335	1
63814	1
74405	1
33490	1
16769	1
94354	1
35016	1
74405	1
96596	1
63814	1
6178	1
74405	1
53223	1
56478	1
53223	1
10089	1
74405	1
6178	1
85189	1
86881	1
74405	1
78150	1
88224	1
38061	1
63127	1
74405	1
50734	1
45843	1
97252	1
99940	1
27470	1
53003	1
53223	1
7324	1
74405	1
41702	1
16769	1
74625	1
22899	1
63814	1
74405	1
40523	1
37910	1
67839	1
39400	1
4196	1
84996	1
49655	1
27470	1
12088	1
4042	1
79192	1
53435	1
24624	1
75964	1
36502	1
4152	1
42848	1
5186	1
16769	1
52779	1
74405	1
6178	1
62471	1
16769	1
65373	1
32153	1
4152	1
97993	1
97393	1
19781	1
82914	1
26183	1
1070	1
53396	1
79769	1
38277	1
40164	1
44081	1
73759	1
47309	1
84996	1
94896	1
37596	1
65373	1
25911	1
1717	1
1717	1
86555	1
66382	1
53223	1
74405	1
84996	1
16769	1
38061	1
28126	1
71943	1
74405	1
80832	1
89457	1
74405	1
10749	1
29029	1
63814	1
65373	1
51554	1
69834	1
4309	1
91319	1
88114	1
74405	1
50817	1
158	1
29245	1
92878	1
93011	1
73062	1
72736	1
74405	1
38034	1
17099	1
84996	1
25548	1
84996	1
4835	1
80535	1
50431	1
26511	1
36797	1
36502	1
45058	1
81328	1
74405	1
55324	1
63814	1
16879	1
3382	1
84996	1
85955	1
25133	1
17531	1
74405	1
6776	1
39373	1
17776	1
73062	1
74405	1
73145	1
1937	1
76506	1
63814	1
20395	1
63814	1
84583	1
88224	1
12823	1
6288	1
63922	1
18237	1
31267	1
77197	1
9190	1
74405	1
67011	1
79408	1
74405	1
62367	1
27360	1
48652	1
5173	1
35049	1
84996	1
10749	1
42522	1
83437	1
4096	1
44191	1
70303	1
67997	1
47446	1
7432	1
14409	1
48951	1
93474	1
16769	1
25052	1
62884	1
38061	1
69944	1
89787	1
5896	1
16769	1
19804	1
71167	1
98815	1
95606	1
6178	1
22019	1
47697	1
81548	1
86092	1
2562	1
19370	1
78349	1
92901	1
74405	1
95587	1
82090	1
53223	1
86881	1
38061	1
74947	1
95587	1
9622	1
53223	1
6500	1
63814	1
38277	1
6178	1
92901	1
34588	1
63814	1
63704	1
95463	1
70885	1
16879	1
84996	1
74405	1
24564	1
59569	1
9190	1
81077	1
82310	1
74405	1
2616	1
57464	1
47309	1
84996	1
3795	1
61879	1
50431	1
94028	1
13939	1
53223	1
16769	1
74405	1
27470	1
22602	1
27360	1
74405	1
71722	1
84996	1
53223	1
54994	1
59243	1
63814	1
26727	1
84996	1
15014	1
38169	1
45287	1
52561	1
31051	1
32556	1
84996	1
10417	1
63673	1
44081	1
18654	1
53223	1
80151	1
79082	1
56793	1
20437	1
88440	1
28263	1
21120	1
88930	1
97596	1
86555	1
95587	1
82638	1
27360	1
3496	1
74405	1
27360	1
38333	1
53223	1
75534	1
6178	1
48554	1
91122	1
36226	1
53223	1
46983	1
84996	1
65373	1
16879	1
8939	1
51554	1
38061	1
2373	1
53223	1
73029	1
74405	1
24182	1
74405	1
57049	1
57900	1
55465	1
74405	1
6830	1
74405	1
69944	1
74405	1
23661	1
9402	1
84699	1
41179	1
53223	1
38823	1
96129	1
45966	1
53223	1
32468	1
60912	1
16769	1
81077	1
89347	1
41179	1
53223	1
48652	1
80425	1
12308	1
84996	1
10195	1
91776	1
8775	1
91610	1
77633	1
37401	1
6456	1
65589	1
67887	1
5170	1
79082	1
98375	1
86555	1
41206	1
61794	1
74405	1
80232	1
66745	1
95705	1
75167	1
60692	1
74405	1
89017	1
83458	1
61242	1
59463	1
18948	1
78949	1
54317	1
53223	1
7101	1
33490	1
92905	1
92928	1
38061	1
15210	1
33077	1
84996	1
97333	1
62687	1
74405	1
27360	1
89446	1
50211	1
93895	1
48868	1
68017	1
14135	1
80728	1
80535	1
89916	1
13977	1
1717	1
30152	1
85212	1
71417	1
84996	1
89963	1
16879	1
53223	1
63814	1
53223	1
1717	1
62145	1
85762	1
26673	1
13699	1
83437	1
27329	1
34178	1
97486	1
44623	1
53223	1
86646	1
53223	1
48652	1
53223	1
63814	1
20684	1
54782	1
27470	1
92685	1
37635	1
71393	1
74403	1
95587	1
29029	1
30972	1
33816	1
11025	1
5321	1
86335	1
13296	1
91668	1
53223	1
48652	1
19860	1
35313	1
63814	1
57763	1
16769	1
63814	1
84996	1
34993	1
31350	1
56644	1
57811	1
594	1
50373	1
2043	1
20684	1
13713	1
3520	1
1823	1
27470	1
69261	1
71706	1
55067	1
54782	1
84996	1
98900	1
91558	1
37837	1
73278	1
32913	1
54782	1
99388	1
69834	1
83500	1
90277	1
74405	1
6178	1
47665	1
75061	1
46929	1
32580	1
1877	1
73358	1
19804	1
59243	1
89619	1
74405	1
48	1
30368	1
48405	1
14197	1
58969	1
95938	1
48	1
7744	1
45636	1
10749	1
28369	1
1717	1
88114	1
63814	1
32693	1
25911	1
27360	1
49034	1
70160	1
74405	1
83437	1
40166	1
87062	1
92963	1
40824	1
18438	1
81959	1
74405	1
52729	1
58309	1
74405	1
20053	1
84996	1
52312	1
48328	1
83437	1
77107	1
27360	1
74405	1
16632	1
91267	1
89457	1
61128	1
590	1
82743	1
27470	1
33160	1
74405	1
135	1
65373	1
6178	1
41455	1
53223	1
20873	1
69940	1
84996	1
50151	1
31931	1
52891	1
74405	1
44081	1
74405	1
38061	1
74405	1
79192	1
84996	1
92336	1
55275	1
92905	1
9190	1
11401	1
99670	1
14495	1
47093	1
84996	1
74405	1
18241	1
13343	1
99577	1
74625	1
13867	1
91668	1
90267	1
74405	1
16769	1
51245	1
38061	1
28639	1
69944	1
61581	1
74405	1
92077	1
3276	1
79188	1
63814	1
6178	1
76180	1
50211	1
95587	1
38061	1
25911	1
42848	1
70077	1
48652	1
38497	1
21336	1
62145	1
30372	1
35049	1
44251	1
14149	1
49991	1
82059	1
42522	1
74405	1
44191	1
27549	1
60366	1
22899	1
48652	1
84996	1
74405	1
81409	1
85823	1
5188	1
71935	1
48131	1
4121	1
44081	1
12995	1
53223	1
37044	1
89457	1
75088	1
16769	1
95587	1
26370	1
59160	1
39836	1
1717	1
7048	1
71719	1
75864	1
97146	1
3268	1
16769	1
79713	1
63814	1
5821	1
52563	1
42244	1
74405	1
91016	1
38061	1
23063	1
53223	1
93856	1
16879	1
34323	1
72087	1
57923	1
49263	1
48652	1
74405	1
16879	1
74336	1
67698	1
93150	1
74405	1
81297	1
81295	1
84996	1
21832	1
74841	1
72443	1
22719	1
13757	1
65629	1
23939	1
96762	1
6288	1
86881	1
70054	1
12524	1
56341	1
80967	1
50093	1
64891	1
73043	1
19530	1
68711	1
84996	1
63814	1
13338	1
65686	1
85538	1
85014	1
84996	1
79408	1
83269	1
91900	1
46516	1
8914	1
17670	1
61279	1
16879	1
89457	1
91016	1
16769	1
7332	1
74405	1
6178	1
74405	1
90307	1
16879	1
27360	1
36029	1
77031	1
27470	1
16769	1
84996	1
76867	1
63814	1
44112	1
23451	1
36223	1
50537	1
91016	1
74405	1
95667	1
52017	1
53223	1
48	1
64381	1
58550	1
38061	1
7737	1
52830	1
63814	1
96274	1
63814	1
16769	1
93379	1
60119	1
52266	1
25824	1
96785	1
59243	1
16769	1
44081	1
25801	1
87317	1
13697	1
94570	1
74405	1
77712	1
1717	1
53223	1
81905	1
20217	1
99558	1
74405	1
9190	1
91755	1
1717	1
10332	1
38061	1
72736	1
44733	1
74625	1
16879	1
49794	1
50985	1
87334	1
53223	1
84120	1
27360	1
86555	1
48	1
98815	1
53003	1
67258	1
34740	1
21556	1
11511	1
74405	1
69834	1
14311	1
57983	1
39157	1
2616	1
91558	1
74405	1
62859	1
65537	1
84996	1
44081	1
1705	1
84996	1
19094	1
27360	1
64549	1
66191	1
98815	1
81517	1
48111	1
82534	1
52193	1
46190	1
9049	1
61313	1
89567	1
74405	1
79896	1
33367	1
68136	1
13390	1
16769	1
12304	1
7928	1
92272	1
74405	1
60582	1
76180	1
7737	1
48652	1
91016	1
89567	1
92185	1
16769	1
15531	1
84996	1
78100	1
51527	1
64410	1
29108	1
38061	1
61923	1
27470	1
50238	1
38061	1
18438	1
22899	1
27360	1
84996	1
25168	1
78769	1
78073	1
86555	1
62768	1
96129	1
48357	1
74405	1
19293	1
74405	1
45750	1
85155	1
7737	1
66249	1
59708	1
59243	1
74405	1
97472	1
96463	1
48652	1
19781	1
38387	1
16879	1
99031	1
84996	1
63814	1
84996	1
13238	1
65180	1
14585	1
59243	1
92019	1
74405	1
6862	1
62145	1
74405	1
31711	1
83873	1
74405	1
42387	1
23858	1
84996	1
4380	1
65856	1
44081	1
72626	1
62471	1
38061	1
74405	1
65809	1
16943	1
74405	1
29029	1
87678	1
6288	1
38198	1
74405	1
5551	1
69282	1
95826	1
16769	1
25251	1
18764	1
84996	1
78866	1
17365	1
16769	1
41179	1
68601	1
69944	1
26343	1
84996	1
79192	1
74405	1
98711	1
15889	1
48868	1
59463	1
69944	1
65388	1
66824	1
84996	1
63814	1
95587	1
1699	1
59243	1
72736	1
17355	1
21340	1
74405	1
74405	1
95587	1
78972	1
27470	1
74405	1
74405	1
74405	1
2388	1
97285	1
158	1
24855	1
49514	1
74405	1
59270	1
4088	1
80510	1
91126	1
77633	1
84996	1
13861	1
15536	1
84996	1
42848	1
73338	1
74405	1
92162	1
75088	1
12524	1
16769	1
63814	1
27360	1
6178	1
53686	1
15536	1
63814	1
42505	1
91668	1
23063	1
76506	1
63814	1
41179	1
80425	1
24150	1
96129	1
87537	1
21163	1
53223	1
55434	1
74405	1
40102	1
3245	1
74405	1
50977	1
87977	1
98900	1
16769	1
84089	1
98481	1
71393	1
55911	1
95587	1
26455	1
80425	1
68396	1
84996	1
39670	1
38225	1
36031	1
74405	1
69504	1
74405	1
52096	1
53223	1
95587	1
53223	1
79659	1
63814	1
74405	1
27682	1
16823	1
27250	1
8640	1
73637	1
38520	1
24201	1
85212	1
77743	1
88390	1
74405	1
82405	1
69834	1
50211	1
69834	1
97366	1
31954	1
6178	1
41846	1
68358	1
53223	1
80535	1
90902	1
72406	1
51249	1
5549	1
39077	1
53223	1
50975	1
81407	1
74405	1
50	1
68601	1
86555	1
63814	1
61970	1
60912	1
58006	1
71644	1
12783	1
36282	1
90504	1
26704	1
87894	1
74405	1
61049	1
40000	1
69878	1
57767	1
63814	1
28593	1
2319	1
84996	1
743	1
63814	1
7623	1
58010	1
74405	1
49331	1
70264	1
44081	1
84996	1
63814	1
8640	1
80535	1
65373	1
48652	1
74405	1
74405	1
84996	1
86555	1
43349	1
97256	1
28342	1
27360	1
65288	1
62998	1
6178	1
92982	1
10965	1
97688	1
6178	1
15283	1
93450	1
63814	1
8279	1
65589	1
16769	1
16769	1
27360	1
5267	1
74405	1
24882	1
49862	1
86472	1
48	1
48428	1
86555	1
25168	1
87101	1
30588	1
74903	1
63814	1
3602	1
47776	1
80425	1
35848	1
27360	1
54319	1
6690	1
73044	1
53223	1
74405	1
84996	1
7264	1
48405	1
15048	1
84996	1
8110	1
52096	1
37594	1
80535	1
92124	1
27360	1
49676	1
35049	1
74405	1
15210	1
74405	1
75986	1
18654	1
84996	1
5431	1
74405	1
6855	1
42192	1
53223	1
4546	1
25523	1
94244	1
84996	1
85606	1
51005	1
44847	1
91668	1
77633	1
6064	1
86418	1
15536	1
76676	1
16769	1
65373	1
53223	1
61267	1
17634	1
91126	1
61788	1
69095	1
84996	1
74405	1
76811	1
74405	1
65373	1
51907	1
44407	1
20420	1
43872	1
56364	1
53223	1
37125	1
58930	1
84996	1
54072	1
3942	1
33270	1
53223	1
62608	1
26521	1
91126	1
83437	1
49275	1
20244	1
84996	1
72865	1
54782	1
43008	1
83256	1
44108	1
95463	1
30844	1
15210	1
84996	1
53223	1
6178	1
25232	1
29771	1
74405	1
10749	1
71961	1
75964	1
56561	1
33727	1
99308	1
5138	1
77079	1
53655	1
95587	1
80425	1
15096	1
71499	1
81856	1
63814	1
62145	1
40575	1
70486	1
16769	1
74405	1
374	1
51193	1
55324	1
87176	1
80840	1
44191	1
63814	1
44081	1
77226	1
83437	1
77226	1
74405	1
87261	1
62691	1
54782	1
61894	1
74405	1
74405	1
20213	1
3048	1
65041	1
92197	1
2525	1
2234	1
1717	1
55874	1
27470	1
27086	1
13513	1
6288	1
84996	1
59459	1
66503	1
74405	1
59748	1
35269	1
83099	1
74405	1
63814	1
3276	1
91126	1
80425	1
93204	1
40984	1
37484	1
5574	1
32257	1
44081	1
40764	1
63814	1
70377	1
94354	1
38321	1
54782	1
65479	1
16769	1
46972	1
47093	1
69944	1
16879	1
15536	1
33600	1
52675	1
82258	1
16744	1
35153	1
15206	1
3735	1
63814	1
15955	1
41505	1
84996	1
16769	1
78312	1
6178	1
38823	1
74405	1
80425	1
89457	1
38061	1
46873	1
64030	1
16769	1
53223	1
20900	1
86522	1
83437	1
92905	1
10779	1
27360	1
14193	1
91126	1
10322	1
16879	1
84638	1
44191	1
26370	1
93725	1
35547	1
66112	1
69469	1
8214	1
61516	1
6178	1
50520	1
61128	1
91126	1
96656	1
78712	1
27360	1
47309	1
40326	1
42801	1
27360	1
158	1
27902	1
18878	1
74405	1
4619	1
22899	1
7737	1
95027	1
33380	1
92901	1
45173	1
84996	1
74405	1
18467	1
53223	1
85978	1
74405	1
91016	1
63814	1
80535	1
64902	1
44191	1
59729	1
69940	1
65373	1
84996	1
27360	1
63814	1
10749	1
74405	1
42985	1
15669	1
4619	1
32776	1
7737	1
79522	1
69394	1
88044	1
91016	1
53223	1
74405	1
14160	1
32136	1
95587	1
27360	1
14750	1
97146	1
50944	1
74405	1
41509	1
74405	1
53655	1
20168	1
82094	1
99388	1
74405	1
7737	1
24458	1
86787	1
98238	1
26343	1
6178	1
53223	1
74405	1
38061	1
77523	1
38061	1
27360	1
41179	1
87894	1
55218	1
25801	1
77849	1
10172	1
47832	1
25550	1
10749	1
54782	1
96573	1
53223	1
63814	1
16769	1
74405	1
84996	1
62145	1
74405	1
74405	1
99850	1
73475	1
58457	1
16769	1
74405	1
54317	1
74405	1
43284	1
64329	1
68821	1
96384	1
16879	1
98927	1
33076	1
74405	1
74405	1
16159	1
48459	1
43232	1
21701	1
5165	1
7737	1
89688	1
39479	1
61790	1
50211	1
92755	1
45314	1
29025	1
92685	1
38277	1
48	1
6504	1
38061	1
94140	1
63814	1
27360	1
74405	1
16769	1
74405	1
74405	1
37725	1
84996	1
30131	1
15156	1
21446	1
22679	1
28809	1
53151	1
74405	1
18498	1
700	1
17695	1
89567	1
18438	1
31990	1
48	1
84996	1
56667	1
35952	1
16769	1
91126	1
26455	1
71393	1
84996	1
4619	1
74405	1
74405	1
63814	1
47093	1
13867	1
27360	1
91016	1
51431	1
82485	1
74185	1
74405	1
6178	1
25574	1
60688	1
14301	1
53223	1
55808	1
33270	1
53223	1
77390	1
41020	1
50977	1
4835	1
25911	1
34999	1
42169	1
60912	1
24128	1
84996	1
74405	1
74405	1
58010	1
80257	1
37426	1
65417	1
84996	1
17452	1
15210	1
74405	1
64690	1
13375	1
92685	1
17016	1
84996	1
85182	1
45970	1
89332	1
88224	1
30371	1
84240	1
57900	1
12308	1
69527	1
53846	1
89457	1
83951	1
67335	1
68491	1
80425	1
61381	1
95587	1
42773	1
55519	1
77768	1
84996	1
94028	1
95147	1
84996	1
756	1
38603	1
53223	1
65701	1
12308	1
10749	1
84996	1
1547	1
27360	1
80786	1
27470	1
77352	1
95255	1
19260	1
29245	1
57684	1
95587	1
2820	1
1717	1
91506	1
63814	1
97319	1
16879	1
80425	1
92627	1
89374	1
43964	1
71393	1
12946	1
41729	1
95587	1
74405	1
99938	1
16769	1
57211	1
71833	1
45530	1
6830	1
33490	1
74405	1
72846	1
73062	1
71860	1
80830	1
69834	1
96133	1
41289	1
15210	1
27360	1
77633	1
69834	1
24238	1
92901	1
74073	1
79082	1
89563	1
27470	1
74405	1
77633	1
14461	1
53223	1
4968	1
28012	1
16769	1
38061	1
158	1
46049	1
44081	1
89545	1
2672	1
23335	1
42207	1
34757	1
28036	1
74405	1
57827	1
53223	1
25275	1
55544	1
65153	1
35952	1
60034	1
25000	1
26590	1
55944	1
23005	1
63814	1
86690	1
89359	1
63814	1
97451	1
16879	1
74405	1
9182	1
90549	1
50678	1
25801	1
46976	1
34758	1
42470	1
49	1
99624	1
6178	1
76506	1
11785	1
11762	1
27360	1
2308	1
87728	1
74405	1
8943	1
35236	1
88004	1
34972	1
22807	1
53223	1
95587	1
63814	1
74405	1
84996	1
91153	1
48652	1
7972	1
63814	1
74405	1
10965	1
30588	1
92139	1
69944	1
6178	1
28892	1
24421	1
53223	1
30354	1
15532	1
84469	1
74405	1
53223	1
10760	1
6383	1
74405	1
80041	1
31275	1
22926	1
67127	1
95803	1
16769	1
49115	1
62218	1
6178	1
39946	1
14922	1
36934	1
62666	1
89540	1
27360	1
42057	1
27470	1
48	1
22816	1
53223	1
23717	1
53223	1
74405	1
9622	1
53223	1
72132	1
63814	1
53223	1
8970	1
19094	1
36934	1
27360	1
63814	1
95363	1
77633	1
50561	1
78617	1
53223	1
93887	1
65845	1
16879	1
47855	1
54562	1
54618	1
27470	1
4395	1
84996	1
59243	1
40685	1
88917	1
26453	1
40963	1
86808	1
98815	1
12140	1
65699	1
99577	1
86003	1
16879	1
31051	1
6178	1
46510	1
36392	1
83011	1
83483	1
54205	1
92957	1
53223	1
75960	1
27360	1
91126	1
64497	1
84996	1
9387	1
74405	1
92893	1
37044	1
95587	1
5649	1
12634	1
74405	1
62525	1
67586	1
46983	1
97146	1
74405	1
89343	1
84996	1
41055	1
67258	1
74864	1
64356	1
74405	1
95587	1
6259	1
74405	1
95587	1
53223	1
73859	1
28616	1
6178	1
23767	1
35604	1
56532	1
37214	1
37044	1
15293	1
52775	1
41422	1
49090	1
74405	1
84996	1
70596	1
4042	1
42408	1
84996	1
27250	1
74405	1
33509	1
49431	1
36718	1
69834	1
79522	1
53223	1
99938	1
60385	1
27360	1
27360	1
90030	1
40743	1
27360	1
82310	1
29305	1
84996	1
97252	1
74405	1
85550	1
23661	1
63814	1
69944	1
74405	1
8640	1
13163	1
22102	1
56320	1
65373	1
20213	1
94028	1
84996	1
64817	1
48	1
32176	1
80425	1
79082	1
16769	1
29905	1
6504	1
26160	1
8063	1
48652	1
53223	1
26127	1
72736	1
21666	1
63814	1
38280	1
27360	1
3276	1
33888	1
12308	1
10314	1
25707	1
46813	1
16879	1
80425	1
53443	1
92224	1
84996	1
89501	1
95587	1
5489	1
13211	1
9186	1
24568	1
74405	1
91052	1
46983	1
39836	1
56557	1
6288	1
62035	1
63814	1
63814	1
29272	1
48648	1
75470	1
6178	1
53223	1
6178	1
20543	1
21035	1
3602	1
16879	1
84996	1
96901	1
86612	1
1356	1
7737	1
79082	1
38443	1
84996	1
30588	1
91016	1
41505	1
46429	1
27360	1
80425	1
90781	1
22590	1
48652	1
44270	1
56341	1
51880	1
1717	1
68491	1
28913	1
16769	1
47033	1
97632	1
15102	1
52969	1
87489	1
21662	1
6288	1
95587	1
89040	1
79192	1
15210	1
38806	1
58010	1
76280	1
4619	1
21556	1
135	1
26127	1
20134	1
73026	1
48830	1
47093	1
12898	1
69944	1
3571	1
59143	1
33052	1
14335	1
24458	1
38061	1
65373	1
15210	1
21556	1
74405	1
38277	1
92571	1
25691	1
17095	1
87676	1
74405	1
60582	1
74405	1
8444	1
23115	1
92685	1
63814	1
78608	1
48652	1
50417	1
74405	1
84115	1
54861	1
53223	1
7845	1
1567	1
3035	1
86555	1
6178	1
19997	1
25801	1
44733	1
94028	1
51990	1
2963	1
74405	1
68437	1
15210	1
18770	1
94354	1
82914	1
6178	1
74405	1
7737	1
84996	1
67486	1
14506	1
16769	1
38252	1
2641	1
14837	1
80232	1
74405	1
56091	1
62145	1
27360	1
77193	1
64356	1
11203	1
22899	1
53223	1
46983	1
47965	1
74405	1
35375	1
922	1
7658	1
84996	1
55002	1
18046	1
51610	1
41015	1
36392	1
36392	1
4835	1
98516	1
78866	1
8688	1
16769	1
16769	1
6178	1
27360	1
88577	1
68601	1
91126	1
19177	1
40782	1
74405	1
77523	1
78016	1
69606	1
63814	1
97256	1
74947	1
14710	1
80751	1
93125	1
91126	1
74405	1
74405	1
11881	1
95587	1
61979	1
91053	1
71723	1
15752	1
91126	1
87317	1
12308	1
59243	1
76290	1
3484	1
92832	1
14413	1
74405	1
73062	1
74405	1
27250	1
84996	1
91044	1
17556	1
56346	1
47309	1
90815	1
17095	1
90082	1
20759	1
43178	1
96212	1
85675	1
7766	1
53223	1
74405	1
88172	1
17311	1
3519	1
24696	1
6118	1
59789	1
97609	1
53223	1
82829	1
67570	1
42522	1
74405	1
42056	1
6178	1
53439	1
6178	1
52687	1
18858	1
80672	1
29670	1
74405	1
38061	1
27360	1
60229	1
53223	1
13470	1
4619	1
91016	1
44814	1
4179	1
7515	1
1717	1
65373	1
4179	1
4945	1
32693	1
74405	1
53223	1
63814	1
71939	1
29249	1
63814	1
74405	1
16879	1
33886	1
45966	1
86472	1
399	1
27470	1
68601	1
56670	1
63814	1
18438	1
95826	1
84996	1
29777	1
57464	1
31217	1
70178	1
16769	1
25467	1
12308	1
26347	1
95587	1
63814	1
48652	1
28263	1
74405	1
54782	1
24601	1
45204	1
75964	1
95475	1
26127	1
80967	1
80535	1
9622	1
12308	1
86683	1
99828	1
88361	1
4945	1
38823	1
8829	1
53223	1
91016	1
3850	1
74405	1
65452	1
35319	1
88664	1
78725	1
51849	1
12969	1
49331	1
80755	1
75964	1
13097	1
38607	1
82094	1
84996	1
32390	1
62587	1
74405	1
53223	1
38603	1
25801	1
91016	1
43751	1
50321	1
20952	1
95587	1
31327	1
95587	1
16769	1
47309	1
83823	1
57680	1
82420	1
53223	1
62145	1
74405	1
16769	1
81434	1
92856	1
44191	1
82502	1
16769	1
84996	1
78866	1
46871	1
16769	1
6178	1
53223	1
78468	1
74405	1
63814	1
63814	1
33490	1
94678	1
11266	1
72155	1
87506	1
84996	1
95803	1
49198	1
35811	1
12719	1
74405	1
74405	1
80322	1
7980	1
68833	1
77633	1
31354	1
24867	1
16769	1
44843	1
78988	1
38937	1
9732	1
18544	1
37044	1
84996	1
3878	1
88529	1
74405	1
17045	1
22121	1
1717	1
74405	1
16769	1
74405	1
15096	1
75964	1
75605	1
84996	1
98815	1
95587	1
5761	1
95587	1
19512	1
62145	1
77849	1
16769	1
60472	1
29245	1
27360	1
46510	1
88224	1
63814	1
79408	1
24732	1
79875	1
63814	1
85245	1
53223	1
74405	1
5601	1
55795	1
38402	1
74405	1
99938	1
60675	1
74405	1
72846	1
64434	1
68491	1
23200	1
21340	1
63814	1
51029	1
27360	1
36392	1
1717	1
45094	1
27360	1
98900	1
11044	1
38171	1
16769	1
16769	1
20724	1
74405	1
86335	1
16879	1
7737	1
79296	1
26834	1
74405	1
92500	1
95587	1
75964	1
84996	1
72705	1
84662	1
85127	1
17099	1
91612	1
48652	1
19259	1
17563	1
53219	1
80425	1
6288	1
63814	1
31491	1
91126	1
27328	1
81106	1
51554	1
95587	1
85571	1
25911	1
26264	1
84996	1
38765	1
83412	1
18289	1
84996	1
16159	1
23358	1
40963	1
16879	1
46539	1
84996	1
27360	1
89480	1
50537	1
74405	1
50321	1
84996	1
49555	1
2263	1
84996	1
63814	1
968	1
63814	1
14158	1
28450	1
89100	1
89783	1
95587	1
69720	1
20323	1
84996	1
53223	1
93233	1
84309	1
95587	1
46983	1
79520	1
80425	1
45862	1
57464	1
63704	1
45750	1
82094	1
89601	1
17452	1
28122	1
59496	1
75338	1
84996	1
98815	1
46732	1
47396	1
19997	1
88220	1
86881	1
84996	1
29000	1
79522	1
63814	1
16769	1
76290	1
71613	1
95587	1
53223	1
66932	1
22104	1
27198	1
32147	1
54417	1
84996	1
1717	1
80651	1
67783	1
84199	1
52563	1
21500	1
13867	1
98199	1
16769	1
82749	1
53223	1
57707	1
93281	1
45204	1
99994	1
27470	1
53223	1
8283	1
17487	1
74405	1
48652	1
48969	1
81658	1
38603	1
63594	1
74681	1
74405	1
74405	1
53223	1
33067	1
53223	1
96540	1
53223	1
68275	1
89787	1
97256	1
27470	1
77849	1
26202	1
63814	1
68275	1
21714	1
91558	1
51880	1
23225	1
24921	1
18649	1
700	1
1516	1
12308	1
29469	1
31643	1
41287	1
74405	1
6288	1
87037	1
21280	1
27360	1
84996	1
45213	1
74405	1
52364	1
77029	1
573	1
78526	1
74405	1
1717	1
16769	1
74405	1
16879	1
83805	1
26140	1
40963	1
24481	1
38061	1
74405	1
17670	1
97422	1
41289	1
53223	1
162	1
89976	1
71941	1
10089	1
90377	1
32010	1
17311	1
48652	1
77523	1
96351	1
7019	1
84996	1
49377	1
69940	1
92901	1
65919	1
3429	1
53223	1
59243	1
45864	1
37847	1
58909	1
62855	1
84996	1
52818	1
6288	1
74405	1
96019	1
11461	1
8970	1
74405	1
66492	1
63814	1
6309	1
98074	1
49308	1
96353	1
51620	1
9556	1
31147	1
36282	1
41561	1
42848	1
53939	1
63814	1
6178	1
74405	1
63814	1
33490	1
94028	1
55521	1
46983	1
86744	1
33385	1
74405	1
27360	1
53223	1
74405	1
52636	1
2400	1
52233	1
48652	1
34962	1
98752	1
44733	1
27487	1
74405	1
16769	1
37993	1
80535	1
9954	1
74405	1
37107	1
81951	1
32257	1
6178	1
73062	1
6178	1
82845	1
60912	1
53223	1
66570	1
38061	1
51390	1
96926	1
59243	1
91342	1
94375	1
88640	1
92685	1
87971	1
28012	1
3930	1
12391	1
97472	1
91126	1
82800	1
84996	1
2259	1
19501	1
62145	1
71613	1
61147	1
12673	1
25911	1
98815	1
36172	1
44191	1
80535	1
53223	1
49583	1
16769	1
13946	1
87161	1
26127	1
84996	1
22501	1
38061	1
11241	1
85243	1
16879	1
14689	1
60142	1
18878	1
71723	1
23070	1
81897	1
158	1
53223	1
86626	1
25911	1
85212	1
44706	1
95587	1
45227	1
81847	1
45966	1
5055	1
74104	1
53618	1
53223	1
63594	1
82941	1
93206	1
74405	1
18764	1
74405	1
72975	1
51703	1
65373	1
33679	1
59243	1
96077	1
87894	1
48652	1
27360	1
30887	1
74405	1
74405	1
38061	1
60661	1
98894	1
18050	1
71711	1
22011	1
95363	1
62471	1
74405	1
56476	1
84996	1
53223	1
69834	1
33515	1
97092	1
84996	1
27360	1
14685	1
36392	1
62247	1
84996	1
45113	1
33600	1
94489	1
7679	1
65373	1
51249	1
4619	1
68491	1
94570	1
6288	1
73062	1
9512	1
61354	1
81407	1
74405	1
86555	1
82889	1
16769	1
6288	1
16954	1
62797	1
74405	1
82069	1
74405	1
6178	1
53223	1
62145	1
39537	1
65373	1
38329	1
38061	1
27470	1
21768	1
80496	1
56227	1
3932	1
32450	1
88554	1
33490	1
22388	1
39946	1
63814	1
74405	1
14629	1
28693	1
19415	1
53223	1
53223	1
91126	1
35049	1
44081	1
4938	1
4497	1
17421	1
62255	1
69944	1
74405	1
91016	1
7683	1
38061	1
1796	1
27470	1
6178	1
48652	1
16769	1
6178	1
84996	1
74405	1
64300	1
11586	1
73394	1
82887	1
75337	1
453	1
35269	1
91122	1
45802	1
74405	1
84996	1
94047	1
63484	1
41958	1
9732	1
16879	1
24113	1
74405	1
75308	1
13867	1
94309	1
94931	1
72406	1
36934	1
27902	1
16769	1
86881	1
12308	1
37638	1
53223	1
86744	1
16800	1
72338	1
67482	1
74405	1
27360	1
16769	1
74405	1
64820	1
93694	1
53223	1
941	1
71723	1
13070	1
84996	1
66712	1
53223	1
63536	1
59243	1
59463	1
16769	1
36832	1
53223	1
44301	1
17820	1
46076	1
38061	1
53223	1
53223	1
55185	1
65373	1
63814	1
5354	1
26473	1
13070	1
86555	1
154	1
81598	1
50321	1
59243	1
53223	1
57464	1
63814	1
74405	1
51168	1
63814	1
29249	1
60007	1
4395	1
15940	1
48652	1
36714	1
74405	1
23825	1
79356	1
35489	1
16769	1
45636	1
56209	1
56858	1
16879	1
56667	1
70764	1
38061	1
82902	1
52729	1
84996	1
61516	1
12308	1
22762	1
74405	1
88409	1
13968	1
25801	1
16769	1
71860	1
81485	1
6288	1
63814	1
27360	1
84996	1
74405	1
36938	1
19781	1
11324	1
48594	1
91384	1
1854	1
73062	1
52862	1
53439	1
44243	1
84996	1
33557	1
40963	1
45503	1
82337	1
38931	1
84996	1
86717	1
31931	1
84996	1
84867	1
53223	1
47746	1
88554	1
74621	1
158	1
53223	1
74405	1
65593	1
84996	1
27360	1
63814	1
66831	1
84996	1
73278	1
14629	1
73062	1
47390	1
89652	1
85538	1
71534	1
74405	1
62828	1
41505	1
90215	1
20213	1
72846	1
9406	1
18029	1
47799	1
95890	1
38061	1
17641	1
6504	1
47334	1
45966	1
97420	1
37187	1
74405	1
16879	1
6178	1
53223	1
91913	1
53223	1
6288	1
61815	1
6178	1
74405	1
45393	1
33737	1
74405	1
38497	1
27998	1
84996	1
4619	1
41505	1
40134	1
29824	1
54946	1
13446	1
81548	1
16159	1
84996	1
84996	1
47525	1
60358	1
81961	1
97688	1
88334	1
15690	1
74405	1
63814	1
23626	1
62064	1
84996	1
6178	1
99228	1
54782	1
86555	1
27109	1
84996	1
54245	1
56997	1
15069	1
74405	1
47309	1
85798	1
21666	1
8874	1
74405	1
67331	1
91126	1
64034	1
47309	1
80535	1
34472	1
51083	1
38061	1
7988	1
17128	1
19640	1
26619	1
61620	1
16879	1
74405	1
27470	1
56234	1
70376	1
74405	1
53223	1
32261	1
10332	1
51361	1
65840	1
12711	1
15096	1
21194	1
67974	1
36141	1
90213	1
60802	1
57240	1
53223	1
75740	1
79075	1
74405	1
81353	1
32973	1
74405	1
83076	1
12557	1
74405	1
55324	1
86501	1
79082	1
74405	1
38061	1
2479	1
14193	1
15210	1
63814	1
80535	1
53439	1
63880	1
74405	1
84996	1
74094	1
68275	1
68028	1
5705	1
63814	1
61128	1
34032	1
73388	1
13623	1
74405	1
80425	1
27981	1
62471	1
62255	1
70160	1
17672	1
48002	1
25801	1
81951	1
46651	1
68275	1
39064	1
45750	1
36934	1
59243	1
63814	1
98122	1
66029	1
83014	1
98838	1
74405	1
95587	1
1717	1
1717	1
43055	1
54520	1
18004	1
74511	1
19094	1
95587	1
66785	1
64661	1
91122	1
57900	1
79271	1
13867	1
25656	1
7737	1
66307	1
28458	1
79082	1
74405	1
41725	1
1269	1
75744	1
53223	1
35728	1
91016	1
72647	1
98925	1
88342	1
51876	1
30999	1
69593	1
53223	1
49435	1
11266	1
30588	1
53223	1
19011	1
53223	1
95587	1
21160	1
64468	1
74405	1
74405	1
3056	1
84996	1
66519	1
74405	1
74405	1
30372	1
60005	1
36934	1
74405	1
72107	1
8063	1
94790	1
53223	1
26673	1
64356	1
34142	1
25581	1
27360	1
27360	1
69477	1
90030	1
94244	1
2753	1
8878	1
16543	1
94244	1
4835	1
7130	1
38387	1
54360	1
72815	1
74405	1
74405	1
74405	1
16576	1
50674	1
74405	1
9350	1
44858	1
74405	1
68051	1
28319	1
56320	1
44870	1
6093	1
89999	1
46398	1
40963	1
13599	1
22868	1
47805	1
21446	1
82610	1
15866	1
91016	1
47855	1
27470	1
44191	1
7737	1
85538	1
93272	1
28012	1
51554	1
52314	1
91016	1
30723	1
91751	1
41509	1
81252	1
91126	1
82094	1
63814	1
56557	1
21091	1
31487	1
74405	1
74405	1
80755	1
51109	1
16769	1
38061	1
3828	1
53223	1
80425	1
38061	1
63814	1
2886	1
2479	1
1294	1
2259	1
98238	1
53223	1
89291	1
74405	1
30588	1
69834	1
84996	1
16769	1
89347	1
72736	1
55888	1
16769	1
54585	1
64825	1
74405	1
65452	1
35215	1
64072	1
14797	1
76427	1
42848	1
32257	1
49090	1
53223	1
84996	1
75987	1
13431	1
90715	1
74405	1
11613	1
88440	1
27360	1
48789	1
36885	1
84996	1
16902	1
89100	1
97806	1
95587	1
6178	1
74405	1
73062	1
60731	1
96249	1
2213	1
3492	1
7737	1
59243	1
69313	1
88710	1
18438	1
74405	1
84996	1
64663	1
56935	1
74405	1
27360	1
6504	1
84996	1
57240	1
53223	1
1717	1
77239	1
71393	1
96106	1
54203	1
32313	1
22538	1
4835	1
21340	1
53223	1
27360	1
10662	1
65288	1
99502	1
16879	1
52756	1
56494	1
74405	1
21340	1
54421	1
95502	1
94570	1
41968	1
88440	1
6178	1
45966	1
1717	1
63484	1
83337	1
94765	1
53223	1
59243	1
84996	1
46983	1
11185	1
32446	1
3739	1
52799	1
53875	1
75825	1
94838	1
71503	1
6178	1
48652	1
7737	1
53113	1
92799	1
6091	1
93231	1
18764	1
69834	1
90528	1
15206	1
91126	1
16769	1
38061	1
5821	1
3996	1
4779	1
80535	1
72516	1
59978	1
86555	1
3764	1
84996	1
62255	1
74405	1
69973	1
84996	1
63814	1
60229	1
49992	1
27470	1
74405	1
75964	1
27751	1
73949	1
57684	1
93152	1
38061	1
69944	1
80838	1
31931	1
47279	1
79192	1
90360	1
99112	1
36718	1
80535	1
37187	1
59243	1
59340	1
74405	1
14739	1
39914	1
4945	1
74405	1
47635	1
48652	1
83437	1
64273	1
97764	1
51959	1
74405	1
54039	1
74405	1
30372	1
84996	1
53576	1
32687	1
84996	1
9869	1
29644	1
53223	1
44191	1
36581	1
80661	1
48652	1
15210	1
78866	1
93198	1
74405	1
27360	1
16769	1
88884	1
44191	1
4835	1
63814	1
7737	1
2124	1
37457	1
48411	1
93098	1
880	1
66932	1
53223	1
94188	1
74405	1
27360	1
84996	1
16107	1
9190	1
53223	1
82534	1
63814	1
39724	1
78646	1
74405	1
76736	1
97146	1
1149	1
38061	1
69317	1
44733	1
62145	1
4658	1
54782	1
42844	1
95587	1
39435	1
6178	1
9190	1
74484	1
80425	1
74405	1
16769	1
40113	1
35838	1
32585	1
77934	1
7737	1
16769	1
95587	1
63814	1
51554	1
63704	1
84776	1
84996	1
79075	1
53223	1
52096	1
22858	1
95963	1
20134	1
84996	1
21639	1
25240	1
9676	1
35049	1
84996	1
11401	1
6178	1
21340	1
49971	1
15210	1
74405	1
72460	1
36498	1
41972	1
16769	1
12850	1
38711	1
49970	1
80755	1
74405	1
93373	1
48652	1
98363	1
91016	1
84996	1
74405	1
62145	1
69460	1
37947	1
75767	1
12132	1
51770	1
53765	1
33095	1
81328	1
48652	1
83273	1
92789	1
84996	1
44081	1
74405	1
74405	1
56470	1
13867	1
9732	1
95587	1
93447	1
94299	1
35838	1
5165	1
52532	1
24448	1
50251	1
68819	1
89293	1
84996	1
60912	1
74405	1
24923	1
54236	1
1717	1
88114	1
44627	1
47278	1
94711	1
21635	1
74405	1
26127	1
48212	1
57900	1
74405	1
94028	1
59322	1
11933	1
24568	1
71611	1
86555	1
69834	1
22021	1
46076	1
88224	1
74405	1
74405	1
65699	1
86231	1
29741	1
72865	1
2373	1
73278	1
49771	1
62853	1
39946	1
84996	1
25926	1
28492	1
46626	1
80967	1
34653	1
74405	1
42302	1
51029	1
86881	1
158	1
27470	1
1823	1
61981	1
69834	1
95340	1
47749	1
33432	1
42522	1
58006	1
77986	1
83456	1
55434	1
99060	1
95587	1
74405	1
72846	1
37044	1
74677	1
53223	1
27470	1
63814	1
63814	1
63814	1
57244	1
53113	1
36141	1
63814	1
40963	1
65373	1
25691	1
84996	1
74405	1
84996	1
70059	1
74405	1
28122	1
65593	1
19781	1
27470	1
25801	1
12308	1
24512	1
27360	1
76612	1
74405	1
32834	1
27360	1
16879	1
74405	1
68161	1
5381	1
58010	1
26453	1
44627	1
95587	1
73057	1
33490	1
56649	1
47093	1
72516	1
56588	1
81077	1
90032	1
69944	1
63704	1
31931	1
74405	1
24188	1
37677	1
26127	1
53439	1
27470	1
27250	1
63814	1
91016	1
74405	1
16769	1
59243	1
31338	1
68051	1
27360	1
55629	1
86555	1
31958	1
27931	1
84996	1
99579	1
70486	1
47309	1
93804	1
84996	1
16769	1
74405	1
74717	1
430	1
37947	1
47205	1
92139	1
21336	1
9406	1
11951	1
29249	1
75192	1
6857	1
45204	1
63814	1
79192	1
84996	1
13867	1
74405	1
80845	1
53223	1
74405	1
63814	1
40046	1
61454	1
86555	1
12532	1
88440	1
55681	1
74405	1
80425	1
84996	1
74405	1
6066	1
84996	1
38244	1
62493	1
95911	1
74405	1
74405	1
7737	1
57443	1
17547	1
77633	1
59569	1
89009	1
11652	1
15818	1
74405	1
46983	1
48	1
44081	1
31090	1
27098	1
74405	1
59789	1
74405	1
7737	1
76398	1
9190	1
74405	1
82310	1
38061	1
72543	1
14413	1
95587	1
98018	1
53113	1
44630	1
74405	1
83522	1
4750	1
85976	1
36502	1
74405	1
7056	1
79325	1
74405	1
62853	1
45966	1
16769	1
16879	1
53223	1
93505	1
81941	1
1717	1
24736	1
78285	1
79192	1
35737	1
33289	1
17234	1
88114	1
80718	1
27360	1
30540	1
92319	1
15536	1
60613	1
74405	1
84996	1
16769	1
38969	1
53223	1
74511	1
95587	1
53223	1
95587	1
84704	1
74405	1
53223	1
24967	1
93831	1
69834	1
27470	1
6068	1
26026	1
14796	1
75364	1
16660	1
83869	1
40652	1
63704	1
63374	1
74405	1
3276	1
16769	1
80535	1
27360	1
71723	1
63814	1
74405	1
93121	1
84996	1
56372	1
38061	1
91016	1
87873	1
53223	1
48650	1
5161	1
25251	1
99035	1
74405	1
74405	1
17095	1
86337	1
42276	1
74405	1
54016	1
61912	1
95587	1
70376	1
30850	1
37154	1
53223	1
53223	1
86682	1
25803	1
41233	1
12308	1
36866	1
38553	1
50542	1
39676	1
15736	1
65699	1
16769	1
2907	1
893	1
8146	1
74405	1
19451	1
19781	1
63814	1
84996	1
15536	1
83437	1
23362	1
83653	1
48823	1
75061	1
59243	1
74405	1
21556	1
51554	1
80425	1
16431	1
74405	1
10764	1
63814	1
14193	1
97256	1
73365	1
14923	1
84996	1
74405	1
45526	1
13894	1
7101	1
27360	1
74405	1
74405	1
95230	1
73799	1
16769	1
84996	1
74405	1
74405	1
21666	1
69915	1
84996	1
51083	1
54604	1
374	1
75476	1
83519	1
27360	1
91126	1
44191	1
50736	1
66841	1
9010	1
38928	1
87516	1
20577	1
74405	1
84996	1
74405	1
61649	1
16769	1
74405	1
38387	1
62255	1
15206	1
89351	1
2479	1
81050	1
53223	1
44081	1
69693	1
72626	1
49418	1
74405	1
39188	1
32147	1
58226	1
78532	1
7104	1
11528	1
53223	1
9176	1
87595	1
57684	1
14309	1
53223	1
50117	1
71719	1
27360	1
38061	1
84996	1
5605	1
11102	1
26989	1
75061	1
97561	1
76020	1
74405	1
95587	1
1717	1
46983	1
53113	1
4945	1
74405	1
53685	1
6224	1
39620	1
9975	1
74405	1
22689	1
66932	1
87780	1
38061	1
91126	1
84996	1
21556	1
84996	1
3140	1
83900	1
47309	1
99797	1
63630	1
24568	1
38603	1
53223	1
84996	1
40963	1
74405	1
44407	1
53223	1
84996	1
97146	1
19026	1
48652	1
27360	1
56399	1
86418	1
84996	1
40440	1
41831	1
71179	1
47093	1
32257	1
54790	1
15366	1
95587	1
84996	1
97333	1
53223	1
19034	1
97146	1
51361	1
88114	1
74405	1
84996	1
28801	1
74405	1
79082	1
74621	1
6178	1
16879	1
28874	1
43331	1
27360	1
35049	1
53184	1
72626	1
91211	1
44081	1
46107	1
59459	1
76307	1
32917	1
33490	1
57491	1
37527	1
63814	1
74405	1
74405	1
53765	1
61128	1
60855	1
69944	1
83400	1
6178	1
57684	1
74405	1
84996	1
6288	1
1113	1
84996	1
35975	1
6693	1
60017	1
79192	1
91016	1
12391	1
6178	1
93808	1
41289	1
62035	1
53223	1
53223	1
16769	1
33227	1
45970	1
35049	1
97252	1
11741	1
14581	1
3079	1
63814	1
46406	1
29928	1
24784	1
64026	1
89457	1
8499	1
2616	1
69940	1
97839	1
77463	1
46983	1
53223	1
28529	1
37208	1
63814	1
49167	1
9440	1
84184	1
74405	1
84996	1
65373	1
69834	1
16989	1
63814	1
63347	1
21882	1
84340	1
37365	1
63814	1
24678	1
74405	1
95587	1
44081	1
57010	1
84996	1
59785	1
45802	1
63704	1
22899	1
53223	1
39923	1
84996	1
37563	1
6288	1
96816	1
26484	1
74405	1
54809	1
47552	1
83020	1
29245	1
90219	1
74405	1
84996	1
60738	1
56667	1
94244	1
43587	1
91126	1
19781	1
74405	1
42408	1
14330	1
75856	1
59286	1
1690	1
47093	1
24784	1
74405	1
53223	1
4945	1
52123	1
74405	1
6178	1
95666	1
95587	1
6288	1
74405	1
91126	1
49198	1
63704	1
18610	1
83649	1
70874	1
74405	1
27626	1
65373	1
74405	1
84996	1
11291	1
29971	1
53223	1
74405	1
95587	1
70137	1
74378	1
16769	1
74405	1
16435	1
29582	1
81328	1
5172	1
38061	1
18770	1
53655	1
6178	1
53223	1
73197	1
8829	1
22779	1
91558	1
47309	1
80095	1
16769	1
83240	1
95587	1
53113	1
57900	1
12304	1
1717	1
74405	1
30372	1
73224	1
16769	1
19860	1
80425	1
21911	1
80425	1
13867	1
84996	1
75964	1
22631	1
26127	1
1717	1
53223	1
73498	1
16769	1
9622	1
35155	1
7847	1
16769	1
43201	1
59243	1
74405	1
45750	1
19097	1
12233	1
56144	1
11302	1
72265	1
74405	1
45831	1
74405	1
42360	1
98483	1
22899	1
63814	1
77087	1
30312	1
63814	1
67839	1
91314	1
84996	1
21643	1
74405	1
38061	1
53479	1
38061	1
2730	1
55575	1
60636	1
31726	1
62145	1
17560	1
84996	1
86555	1
45970	1
38061	1
25355	1
58089	1
27360	1
46076	1
93962	1
66272	1
98279	1
36498	1
91126	1
48270	1
12634	1
62830	1
95587	1
72130	1
74405	1
57047	1
52328	1
78866	1
87097	1
74405	1
84996	1
39616	1
80174	1
74405	1
70320	1
84996	1
31570	1
94375	1
74405	1
20599	1
32473	1
62577	1
53983	1
5117	1
74405	1
60802	1
42705	1
45235	1
23665	1
23965	1
60688	1
29488	1
97146	1
74405	1
55378	1
84340	1
74405	1
6178	1
83653	1
83437	1
67777	1
53659	1
27360	1
84996	1
63814	1
15673	1
82829	1
63814	1
74405	1
76501	1
74405	1
27470	1
9267	1
86202	1
95587	1
83676	1
16680	1
69747	1
39715	1
25984	1
72846	1
44304	1
84647	1
24672	1
62145	1
74405	1
6178	1
8310	1
55708	1
35651	1
47446	1
158	1
74405	1
97393	1
70486	1
19781	1
14739	1
74405	1
31931	1
85212	1
84996	1
38825	1
48652	1
68350	1
2327	1
84996	1
61022	1
3469	1
74405	1
44741	1
63011	1
74405	1
94244	1
32661	1
53223	1
74405	1
74405	1
86555	1
27360	1
31931	1
74405	1
91016	1
72265	1
57625	1
53223	1
84996	1
33596	1
49888	1
51083	1
21666	1
40872	1
89615	1
74405	1
6178	1
86335	1
78293	1
39513	1
76421	1
6504	1
38196	1
45503	1
90819	1
6288	1
36502	1
72894	1
84996	1
95587	1
53223	1
53223	1
10149	1
76456	1
43728	1
16769	1
13867	1
28122	1
84996	1
17099	1
17747	1
97717	1
7187	1
82310	1
84996	1
76124	1
74405	1
96812	1
74405	1
69720	1
74405	1
6274	1
45314	1
12308	1
30372	1
12764	1
92685	1
75281	1
18126	1
84996	1
77633	1
85459	1
36546	1
47247	1
74405	1
52847	1
27885	1
61863	1
51880	1
27468	1
27271	1
63814	1
74405	1
62145	1
32798	1
16769	1
11135	1
7403	1
88210	1
1996	1
21255	1
40376	1
60553	1
16769	1
65373	1
79655	1
34123	1
84996	1
39253	1
63814	1
16769	1
63044	1
2356	1
59239	1
73768	1
53223	1
60985	1
48652	1
47093	1
40903	1
53223	1
17421	1
86555	1
158	1
18218	1
25403	1
86555	1
84996	1
79082	1
16769	1
75964	1
80425	1
7737	1
2973	1
80425	1
74405	1
77492	1
47446	1
44081	1
74405	1
79192	1
5657	1
84996	1
86598	1
78729	1
73695	1
39896	1
60009	1
27902	1
86777	1
36390	1
53223	1
74405	1
61949	1
4799	1
74405	1
66135	1
82393	1
84996	1
63814	1
53223	1
68120	1
11291	1
69629	1
94240	1
51959	1
29625	1
84996	1
16769	1
94786	1
19314	1
47525	1
53223	1
2373	1
84996	1
64350	1
53223	1
9406	1
28585	1
63814	1
67914	1
30152	1
95450	1
56997	1
86555	1
74405	1
53223	1
84996	1
158	1
24703	1
16769	1
73394	1
14224	1
68601	1
14629	1
74405	1
82555	1
62471	1
90501	1
84996	1
33617	1
23119	1
40270	1
1717	1
74405	1
62145	1
93804	1
94354	1
34198	1
16769	1
4590	1
31838	1
62471	1
95587	1
28050	1
80535	1
94426	1
31394	1
80425	1
16879	1
16769	1
24132	1
88440	1
82609	1
69944	1
37044	1
6398	1
7737	1
74405	1
53439	1
47093	1
44876	1
29655	1
15210	1
27360	1
27470	1
85976	1
8167	1
48652	1
15177	1
39458	1
49715	1
92139	1
52441	1
62255	1
36887	1
22479	1
37208	1
29355	1
1337	1
74405	1
74405	1
93877	1
36392	1
45408	1
94244	1
15536	1
6288	1
76452	1
51880	1
18521	1
31931	1
74405	1
87294	1
35159	1
7329	1
48868	1
53223	1
44191	1
6091	1
66745	1
39514	1
1744	1
12176	1
84996	1
87009	1
53223	1
17099	1
74405	1
24568	1
54861	1
85758	1
66519	1
28066	1
35516	1
11291	1
15210	1
84996	1
95587	1
75528	1
95587	1
59243	1
81982	1
94028	1
36392	1
37374	1
54583	1
85212	1
10369	1
9190	1
95852	1
74405	1
80971	1
79082	1
94643	1
74405	1
80425	1
77853	1
74405	1
72095	1
74405	1
58231	1
63814	1
53223	1
99035	1
88336	1
14199	1
48723	1
34640	1
22508	1
73808	1
97642	1
34972	1
74405	1
80425	1
68820	1
82090	1
75939	1
2263	1
74405	1
88440	1
16769	1
33490	1
47309	1
76290	1
63814	1
91342	1
17917	1
85243	1
84996	1
97146	1
73062	1
88224	1
10965	1
70280	1
83653	1
62145	1
32257	1
54778	1
60740	1
90030	1
40087	1
63814	1
88905	1
85102	1
74405	1
15096	1
69195	1
3691	1
15536	1
91558	1
94244	1
45314	1
66712	1
57464	1
69	1
51413	1
25691	1
51880	1
53223	1
29029	1
46076	1
75497	1
15536	1
77658	1
27360	1
7847	1
16769	1
43068	1
8738	1
75364	1
69458	1
25054	1
38061	1
32477	1
74405	1
48268	1
53223	1
20896	1
38607	1
78646	1
58010	1
23798	1
84996	1
24784	1
11625	1
5852	1
46107	1
38061	1
23689	1
84996	1
84996	1
49204	1
4316	1
74405	1
10112	1
48652	1
28126	1
26953	1
6178	1
96320	1
56227	1
36502	1
72092	1
53113	1
53439	1
37919	1
6288	1
84996	1
74405	1
74405	1
31707	1
41505	1
91126	1
46983	1
73533	1
60472	1
55427	1
1520	1
74405	1
8499	1
62687	1
53223	1
72599	1
44081	1
44067	1
74405	1
33490	1
99251	1
97680	1
65378	1
86580	1
15592	1
52012	1
35072	1
84996	1
2461	1
58147	1
95226	1
4042	1
94040	1
84996	1
14739	1
91126	1
16879	1
12308	1
58446	1
13670	1
93468	1
56667	1
35159	1
39184	1
69834	1
6178	1
25801	1
84996	1
84724	1
27470	1
74405	1
16769	1
24784	1
88114	1
84996	1
48899	1
97146	1
84996	1
88791	1
95587	1
53223	1
185	1
74405	1
84996	1
3633	1
55660	1
6724	1
53223	1
21556	1
63814	1
99145	1
24128	1
10006	1
34003	1
75717	1
19530	1
16769	1
53223	1
45393	1
23019	1
38300	1
74405	1
38061	1
46983	1
98925	1
95803	1
63814	1
10062	1
38281	1
42522	1
78781	1
65427	1
83437	1
69614	1
63814	1
27987	1
16769	1
62608	1
27250	1
91105	1
60609	1
75960	1
62264	1
25338	1
63814	1
63814	1
83653	1
48652	1
27360	1
14982	1
74405	1
63814	1
95942	1
83759	1
44631	1
41941	1
84996	1
16879	1
91016	1
41941	1
91126	1
68275	1
23005	1
13977	1
49385	1
36392	1
59953	1
9186	1
34939	1
78520	1
93887	1
63814	1
57684	1
7729	1
47969	1
53356	1
12171	1
60366	1
34719	1
74405	1
71698	1
72846	1
4835	1
84206	1
63814	1
53223	1
65699	1
68817	1
97146	1
53223	1
69834	1
37016	1
27470	1
74405	1
76467	1
44191	1
38387	1
16769	1
44081	1
12943	1
65373	1
75964	1
53223	1
44081	1
2740	1
16769	1
95587	1
14087	1
83836	1
47309	1
18513	1
16769	1
83437	1
6178	1
31711	1
88382	1
6697	1
8652	1
67829	1
97420	1
95587	1
4945	1
95587	1
27360	1
67775	1
9186	1
27470	1
72626	1
48118	1
15983	1
53223	1
87248	1
33596	1
80971	1
47093	1
4619	1
70376	1
90276	1
16769	1
75088	1
8252	1
99031	1
55324	1
67289	1
54839	1
83437	1
89889	1
88820	1
62797	1
69834	1
64634	1
74405	1
11399	1
2043	1
73062	1
34914	1
26127	1
53223	1
38061	1
96546	1
31511	1
91558	1
86466	1
4399	1
59459	1
95165	1
74405	1
84996	1
94028	1
84996	1
27181	1
53223	1
80645	1
24784	1
52536	1
4945	1
98159	1
84996	1
57684	1
53223	1
19013	1
92025	1
86115	1
87539	1
29029	1
12816	1
3587	1
17479	1
16769	1
16879	1
2811	1
3276	1
88224	1
14193	1
4285	1
57684	1
26563	1
16769	1
63814	1
40963	1
74405	1
26179	1
3602	1
75964	1
74405	1
45831	1
77849	1
36031	1
41505	1
11625	1
74405	1
48652	1
56335	1
31927	1
97713	1
51060	1
80579	1
4619	1
74405	1
9190	1
17639	1
84996	1
61145	1
58284	1
39946	1
74405	1
14656	1
53223	1
68051	1
47745	1
6178	1
68844	1
27360	1
74405	1
3602	1
92247	1
68295	1
99646	1
74405	1
6288	1
19213	1
51610	1
74405	1
42410	1
53223	1
22899	1
6178	1
6085	1
57460	1
9481	1
74405	1
74841	1
59243	1
61325	1
95313	1
88224	1
51878	1
68315	1
27360	1
84271	1
58963	1
48129	1
74405	1
48865	1
42848	1
49194	1
46186	1
57428	1
34991	1
80535	1
86510	1
74168	1
65915	1
27240	1
80425	1
53223	1
74405	1
52911	1
89787	1
30326	1
21562	1
48185	1
14928	1
91016	1
74405	1
53223	1
69834	1
13460	1
63814	1
1897	1
74405	1
53223	1
9190	1
93011	1
73741	1
44328	1
84996	1
46391	1
74405	1
52783	1
28612	1
84996	1
74405	1
53223	1
91930	1
42192	1
95826	1
31823	1
29988	1
16769	1
53223	1
53443	1
13328	1
27360	1
33490	1
63814	1
71406	1
65373	1
98670	1
97659	1
74405	1
91016	1
83811	1
4179	1
81407	1
47365	1
13830	1
75501	1
82310	1
47776	1
1937	1
91126	1
74405	1
84996	1
84996	1
76443	1
48652	1
80751	1
72296	1
63814	1
4835	1
74405	1
47309	1
56320	1
71054	1
65699	1
69834	1
22899	1
16769	1
84996	1
74405	1
86341	1
53443	1
52185	1
18764	1
43776	1
74405	1
96710	1
68080	1
46769	1
10749	1
88384	1
95587	1
71503	1
62255	1
62738	1
12308	1
26067	1
27360	1
2257	1
4893	1
87454	1
78114	1
9622	1
69944	1
53223	1
15210	1
49891	1
12364	1
53223	1
45966	1
19173	1
80425	1
29048	1
51554	1
28915	1
35778	1
38061	1
27470	1
30528	1
8246	1
55918	1
88876	1
99251	1
98696	1
74405	1
6288	1
2479	1
18878	1
80535	1
74405	1
31028	1
7729	1
52779	1
63814	1
32099	1
36502	1
74405	1
16769	1
80535	1
53223	1
74405	1
85669	1
94028	1
39120	1
38061	1
23885	1
19781	1
48652	1
84996	1
27360	1
74405	1
62255	1
74405	1
95587	1
74405	1
53223	1
68161	1
17099	1
16879	1
56777	1
8721	1
95587	1
59459	1
84996	1
52824	1
65840	1
92932	1
92461	1
85212	1
39379	1
35327	1
75740	1
2730	1
93017	1
28882	1
4042	1
74405	1
15536	1
29601	1
70739	1
53223	1
38061	1
67264	1
83929	1
2840	1
97256	1
97732	1
53136	1
35539	1
74405	1
73027	1
29928	1
33515	1
7737	1
74405	1
74405	1
69834	1
92444	1
44023	1
38061	1
80425	1
53443	1
36041	1
33600	1
43064	1
57900	1
74621	1
52129	1
19976	1
53223	1
35055	1
79584	1
95587	1
66541	1
99608	1
17	1
22899	1
58446	1
3799	1
89860	1
63814	1
16879	1
29305	1
84996	1
6178	1
94269	1
28205	1
74405	1
62145	1
61788	1
74405	1
2730	1
8306	1
48652	1
21556	1
6178	1
27360	1
33490	1
48	1
94354	1
70793	1
36222	1
38061	1
12391	1
27470	1
74405	1
12308	1
72462	1
51215	1
93671	1
5408	1
63814	1
63814	1
78342	1
63814	1
16769	1
38061	1
86949	1
67783	1
44733	1
52468	1
10749	1
48675	1
80535	1
33490	1
22899	1
57684	1
36099	1
13730	1
80535	1
95587	1
74405	1
16769	1
80535	1
45148	1
59243	1
25648	1
88413	1
70818	1
74405	1
37529	1
21065	1
77753	1
84996	1
53223	1
31273	1
89567	1
74405	1
85102	1
38061	1
53902	1
38061	1
27470	1
82094	1
16769	1
31103	1
64690	1
77766	1
23370	1
75964	1
16769	1
74405	1
1933	1
80535	1
96976	1
63814	1
76346	1
19781	1
63814	1
75964	1
27742	1
84996	1
73102	1
74405	1
94890	1
9550	1
94354	1
74428	1
35595	1
91126	1
50478	1
76809	1
16769	1
99733	1
87894	1
27360	1
6178	1
17099	1
38061	1
63814	1
84996	1
60741	1
65589	1
74405	1
4642	1
74405	1
45966	1
45966	1
93364	1
47942	1
15206	1
42711	1
58243	1
84996	1
50960	1
77849	1
84996	1
44081	1
53223	1
63814	1
19781	1
74405	1
33160	1
48652	1
37971	1
62255	1
95587	1
30372	1
83161	1
49803	1
53223	1
75964	1
41090	1
42923	1
41131	1
36392	1
12850	1
19349	1
37596	1
35815	1
63814	1
18878	1
74405	1
35323	1
75960	1
21340	1
63814	1
84996	1
76867	1
44081	1
37044	1
19804	1
17672	1
84996	1
64356	1
41477	1
74405	1
89457	1
38464	1
46060	1
70044	1
33600	1
29584	1
14394	1
97472	1
38449	1
41889	1
48208	1
83437	1
74405	1
74297	1
86061	1
7847	1
91556	1
79192	1
84996	1
84996	1
27470	1
75524	1
53113	1
13207	1
84996	1
65915	1
4978	1
83004	1
65973	1
58864	1
57217	1
59243	1
84996	1
63814	1
61128	1
95506	1
84996	1
48652	1
1717	1
10749	1
68275	1
42414	1
69834	1
63814	1
84340	1
8200	1
78646	1
17722	1
74405	1
53900	1
74405	1
66272	1
27161	1
18438	1
33841	1
46336	1
35838	1
84996	1
99577	1
99804	1
73388	1
86690	1
54782	1
54243	1
74405	1
62304	1
28342	1
74405	1
9190	1
10745	1
44600	1
17259	1
93491	1
84996	1
84996	1
74405	1
36502	1
57240	1
38061	1
58710	1
84996	1
9275	1
82011	1
68275	1
60636	1
92357	1
95587	1
42165	1
42580	1
80425	1
56341	1
63814	1
84996	1
95587	1
40523	1
53223	1
84996	1
77633	1
18002	1
13427	1
75196	1
61047	1
53798	1
48652	1
22899	1
2753	1
64825	1
74405	1
33269	1
20520	1
27902	1
85322	1
84530	1
44407	1
74405	1
10911	1
74405	1
74405	1
55575	1
81297	1
3182	1
3201	1
45750	1
75964	1
40873	1
46190	1
32641	1
31848	1
19094	1
14739	1
49194	1
3272	1
21037	1
15752	1
53223	1
21886	1
63814	1
62176	1
94111	1
48	1
16879	1
39063	1
57684	1
69834	1
92349	1
69834	1
35155	1
79779	1
63814	1
84996	1
63814	1
55434	1
57684	1
38962	1
69307	1
53223	1
27360	1
14193	1
72846	1
65684	1
4619	1
41532	1
38061	1
30222	1
63814	1
58099	1
11327	1
44081	1
37665	1
22868	1
48868	1
38061	1
74129	1
48262	1
59539	1
42767	1
758	1
84996	1
15536	1
73062	1
85978	1
2242	1
46983	1
80535	1
5161	1
26127	1
77523	1
97572	1
51880	1
37729	1
19584	1
6178	1
53223	1
95587	1
96710	1
63704	1
53765	1
53223	1
84996	1
65012	1
48978	1
67970	1
4179	1
95913	1
84228	1
1717	1
41534	1
97478	1
33600	1
62234	1
60912	1
52806	1
84996	1
4945	1
63814	1
21923	1
16769	1
29820	1
90028	1
67258	1
80755	1
69018	1
84996	1
27470	1
1717	1
16769	1
63814	1
69834	1
42848	1
84996	1
84996	1
24944	1
80755	1
75364	1
40963	1
84996	1
38387	1
49991	1
62797	1
38960	1
20543	1
55025	1
63814	1
60009	1
99608	1
59797	1
16879	1
89606	1
30372	1
68379	1
27360	1
72682	1
86555	1
59243	1
56532	1
82094	1
55409	1
20410	1
98474	1
54099	1
63704	1
41179	1
77633	1
853	1
53443	1
43889	1
41368	1
22957	1
22542	1
4999	1
9667	1
34777	1
35595	1
92085	1
27530	1
63814	1
84996	1
49364	1
58903	1
95587	1
73695	1
52096	1
59243	1
74405	1
84996	1
73168	1
46763	1
54782	1
65589	1
67241	1
16769	1
15536	1
33212	1
73641	1
21340	1
88384	1
32610	1
63814	1
94354	1
41318	1
47089	1
9203	1
57900	1
99224	1
27360	1
17	1
9406	1
74405	1
1825	1
49418	1
37401	1
72107	1
42709	1
64404	1
94028	1
84996	1
67223	1
17311	1
24230	1
15864	1
25911	1
48652	1
74405	1
15079	1
91016	1
5584	1
23441	1
8283	1
40276	1
72296	1
44600	1
6336	1
72265	1
1717	1
33154	1
51688	1
63814	1
47093	1
80425	1
15210	1
63814	1
53223	1
72940	1
38061	1
59023	1
68601	1
74405	1
74405	1
84996	1
21662	1
83240	1
21270	1
4421	1
54998	1
16769	1
21340	1
70552	1
24022	1
16769	1
80971	1
30118	1
48652	1
28012	1
55712	1
48652	1
84996	1
68302	1
10965	1
83653	1
74914	1
65114	1
26989	1
67478	1
75964	1
59243	1
60582	1
61128	1
32158	1
7845	1
38113	1
30914	1
74405	1
57684	1
89457	1
6178	1
74405	1
63814	1
58251	1
69834	1
53375	1
6178	1
30372	1
31445	1
96491	1
84996	1
95367	1
57244	1
48652	1
83410	1
95587	1
69940	1
50730	1
44191	1
22843	1
58850	1
11760	1
90658	1
35155	1
98668	1
33103	1
89457	1
95587	1
158	1
62255	1
16769	1
97406	1
78866	1
70681	1
95367	1
22399	1
53223	1
15426	1
50840	1
51770	1
53223	1
23699	1
68491	1
56423	1
54087	1
84996	1
63814	1
79821	1
9190	1
80195	1
71933	1
80535	1
58635	1
54782	1
77523	1
19530	1
84373	1
43593	1
53223	1
83653	1
98815	1
69834	1
32390	1
50321	1
73234	1
93447	1
84996	1
94134	1
53223	1
41179	1
27360	1
42524	1
38061	1
71013	1
22038	1
74405	1
81328	1
74405	1
90446	1
53223	1
88440	1
95913	1
53223	1
27360	1
5527	1
77633	1
24191	1
16769	1
95612	1
80751	1
68275	1
47093	1
44758	1
38061	1
63814	1
81369	1
93808	1
20213	1
28969	1
21556	1
38964	1
68275	1
58010	1
68665	1
59050	1
84340	1
20433	1
23358	1
37594	1
47222	1
9869	1
36502	1
43359	1
84996	1
45503	1
16879	1
67855	1
31931	1
74405	1
63814	1
51849	1
28278	1
16317	1
88554	1
89297	1
51660	1
69944	1
77656	1
68933	1
93177	1
81077	1
71520	1
96023	1
20873	1
80425	1
83290	1
54290	1
70403	1
74405	1
29245	1
77303	1
6178	1
94355	1
75740	1
74405	1
44081	1
94244	1
16879	1
25801	1
99031	1
35811	1
48652	1
45580	1
72736	1
27360	1
59243	1
43724	1
80535	1
2601	1
27470	1
28392	1
76856	1
74405	1
74405	1
74405	1
63563	1
74405	1
23115	1
63814	1
12414	1
99390	1
17884	1
62533	1
6720	1
65973	1
44081	1
63814	1
40963	1
43422	1
57464	1
83869	1
48432	1
45530	1
74405	1
74405	1
94188	1
53765	1
48512	1
13647	1
50099	1
41289	1
26347	1
66932	1
6178	1
63814	1
4619	1
69834	1
42854	1
48727	1
62691	1
95587	1
75964	1
84996	1
50537	1
44191	1
74405	1
36255	1
58969	1
84996	1
82059	1
53223	1
94244	1
51660	1
11895	1
6875	1
94244	1
28369	1
15536	1
69724	1
74405	1
26401	1
65589	1
95143	1
59650	1
18108	1
9406	1
53223	1
37540	1
69944	1
12308	1
5049	1
59487	1
62255	1
25	1
32257	1
60688	1
87097	1
97335	1
7737	1
19781	1
88853	1
80535	1
6178	1
19781	1
43064	1
80535	1
21664	1
91126	1
74405	1
5111	1
74405	1
76180	1
69614	1
45750	1
594	1
71084	1
7787	1
59243	1
70486	1
27360	1
27360	1
84255	1
6178	1
41289	1
54829	1
48611	1
63814	1
68821	1
56561	1
18654	1
21274	1
40270	1
91016	1
74405	1
36278	1
90329	1
53997	1
16769	1
74405	1
83410	1
50005	1
38356	1
53223	1
72846	1
84093	1
74405	1
96710	1
3081	1
59065	1
63814	1
9402	1
44081	1
9422	1
95587	1
38061	1
22899	1
47328	1
47747	1
1034	1
59243	1
35020	1
80425	1
35126	1
59129	1
75661	1
158	1
74405	1
24348	1
16769	1
26482	1
50973	1
6178	1
40671	1
83020	1
53003	1
69724	1
30372	1
34059	1
2452	1
19678	1
74405	1
22681	1
72633	1
53223	1
6288	1
48652	1
44081	1
49277	1
89563	1
12524	1
19426	1
29563	1
74405	1
27360	1
19997	1
74405	1
38034	1
25062	1
63814	1
99851	1
74405	1
62797	1
15305	1
63814	1
38061	1
95174	1
55098	1
90517	1
48652	1
74405	1
74405	1
68175	1
80425	1
76343	1
24427	1
62541	1
53223	1
4646	1
3190	1
74405	1
74405	1
89727	1
74405	1
48185	1
21120	1
56808	1
18764	1
74405	1
25467	1
30152	1
63814	1
374	1
74405	1
72979	1
74405	1
20431	1
82483	1
84996	1
75005	1
53223	1
15086	1
133	1
15532	1
27360	1
52539	1
80535	1
99031	1
36482	1
86555	1
81575	1
72736	1
74405	1
41800	1
48652	1
45806	1
13915	1
7984	1
57003	1
3002	1
4619	1
42522	1
66496	1
82557	1
28222	1
84992	1
27360	1
85265	1
48652	1
21882	1
39836	1
71395	1
84996	1
5026	1
1717	1
97146	1
88440	1
74405	1
74405	1
74405	1
30231	1
54782	1
15210	1
93926	1
97235	1
44052	1
16269	1
74405	1
74405	1
53223	1
10749	1
18473	1
18870	1
3135	1
53223	1
48652	1
74405	1
33992	1
74405	1
65699	1
6288	1
63814	1
78359	1
22899	1
48380	1
89457	1
37750	1
62467	1
10965	1
3492	1
28915	1
84996	1
19671	1
29305	1
38167	1
35566	1
74405	1
66023	1
27470	1
79302	1
7737	1
10149	1
78364	1
53223	1
46983	1
29166	1
6178	1
50030	1
74405	1
94354	1
25112	1
93694	1
95587	1
66668	1
44733	1
46221	1
48652	1
57823	1
69261	1
21564	1
38061	1
74405	1
72846	1
85790	1
53223	1
53223	1
63814	1
8262	1
74405	1
27140	1
1356	1
65330	1
95583	1
27470	1
62687	1
49408	1
19397	1
6803	1
95770	1
97499	1
63814	1
99938	1
99303	1
13865	1
84776	1
1480	1
85048	1
51554	1
64592	1
62687	1
21394	1
46983	1
74405	1
21884	1
55361	1
59243	1
33600	1
74405	1
50338	1
50027	1
74405	1
99417	1
64356	1
90167	1
16769	1
34193	1
84996	1
63814	1
43751	1
61992	1
72846	1
84996	1
29029	1
16487	1
7847	1
69834	1
31244	1
88303	1
63295	1
3739	1
12304	1
44081	1
42522	1
76620	1
36392	1
74405	1
95587	1
67827	1
78316	1
72164	1
6094	1
60802	1
39101	1
92085	1
16879	1
98186	1
20024	1
89096	1
91761	1
33638	1
34285	1
27360	1
2720	1
5161	1
54668	1
86881	1
74405	1
69836	1
37318	1
58419	1
52669	1
28012	1
91016	1
11895	1
41808	1
84996	1
21666	1
95587	1
44623	1
40386	1
10066	1
63814	1
63814	1
4835	1
91016	1
51880	1
29168	1
32776	1
38061	1
74405	1
85322	1
80425	1
57827	1
51554	1
27470	1
93719	1
95197	1
16879	1
13867	1
73062	1
84996	1
45314	1
32872	1
9190	1
82690	1
30335	1
27360	1
74405	1
27314	1
85762	1
59451	1
73529	1
54919	1
68817	1
74405	1
63648	1
12391	1
74405	1
57576	1
57684	1
16879	1
4619	1
87454	1
38061	1
47309	1
51637	1
53223	1
79329	1
84996	1
62471	1
16225	1
64246	1
54099	1
97553	1
80189	1
57680	1
84996	1
79082	1
54782	1
54921	1
10749	1
84996	1
84996	1
91016	1
84996	1
31392	1
88160	1
76047	1
64246	1
74405	1
11511	1
74405	1
18762	1
74405	1
63455	1
6178	1
93069	1
18654	1
13097	1
84996	1
55324	1
88473	1
66772	1
84996	1
24461	1
84996	1
237	1
62095	1
86445	1
97146	1
86184	1
44652	1
3507	1
33490	1
8682	1
40963	1
53223	1
80425	1
74405	1
69834	1
74405	1
38061	1
91126	1
28751	1
30343	1
74405	1
65373	1
39946	1
87134	1
91919	1
17307	1
12555	1
10781	1
69834	1
33490	1
16769	1
8970	1
95587	1
75304	1
84996	1
89457	1
44544	1
32749	1
42302	1
7220	1
98925	1
97146	1
57684	1
12308	1
75964	1
74405	1
63814	1
74405	1
10110	1
86526	1
43064	1
84996	1
66384	1
68277	1
69421	1
4033	1
66492	1
6178	1
54998	1
12194	1
24564	1
13623	1
53223	1
53621	1
63021	1
84996	1
80535	1
13044	1
93766	1
10583	1
84618	1
44081	1
65149	1
74405	1
20591	1
74405	1
53223	1
63672	1
69834	1
46900	1
82094	1
84996	1
51078	1
17861	1
6981	1
22899	1
49499	1
36718	1
88388	1
27192	1
85235	1
15297	1
35269	1
62145	1
22899	1
64246	1
54838	1
78866	1
29465	1
27360	1
74405	1
57663	1
30588	1
42522	1
46456	1
74405	1
1937	1
69834	1
50977	1
20323	1
80425	1
90921	1
68275	1
88224	1
1005	1
158	1
74864	1
65911	1
6288	1
79144	1
8106	1
54782	1
80425	1
5829	1
53055	1
55666	1
33324	1
71399	1
73529	1
50537	1
54998	1
4974	1
48652	1
7843	1
53223	1
38146	1
80259	1
81874	1
74405	1
66272	1
1191	1
62587	1
53223	1
32994	1
29029	1
8466	1
76678	1
53875	1
50585	1
73718	1
34800	1
99415	1
30914	1
63814	1
53910	1
68491	1
6261	1
6178	1
72282	1
53223	1
13103	1
19781	1
27360	1
35099	1
83680	1
30252	1
73222	1
97146	1
25371	1
94028	1
2454	1
97472	1
13267	1
63891	1
48652	1
57684	1
94028	1
21446	1
90190	1
83869	1
31431	1
74405	1
35587	1
74405	1
53223	1
30528	1
74405	1
93341	1
78333	1
94354	1
12634	1
27360	1
44191	1
37924	1
5163	1
53223	1
37401	1
19476	1
26939	1
16769	1
53223	1
374	1
94276	1
21249	1
72763	1
44796	1
1717	1
93897	1
47745	1
84996	1
84693	1
59243	1
30939	1
19781	1
27470	1
7799	1
25911	1
41768	1
30372	1
95587	1
84309	1
94028	1
74625	1
63814	1
62145	1
37158	1
69834	1
19405	1
63814	1
44081	1
69944	1
77841	1
53223	1
51695	1
6178	1
74405	1
62980	1
74405	1
67530	1
51880	1
6178	1
95587	1
71833	1
77741	1
32207	1
94028	1
74405	1
55218	1
6284	1
16879	1
78866	1
78816	1
63814	1
53223	1
22325	1
30372	1
83437	1
38964	1
44191	1
33490	1
62586	1
31491	1
55885	1
374	1
74405	1
51550	1
16879	1
53827	1
64908	1
69468	1
53223	1
19897	1
27482	1
74405	1
40963	1
36417	1
48459	1
72846	1
46983	1
84996	1
7760	1
46983	1
30775	1
18002	1
46983	1
44081	1
86555	1
54492	1
63814	1
83679	1
4619	1
5873	1
77593	1
57707	1
6178	1
38061	1
79304	1
84996	1
41258	1
47720	1
11943	1
73475	1
86555	1
17128	1
17232	1
3276	1
47309	1
81407	1
71719	1
84996	1
1717	1
3276	1
53655	1
54073	1
36502	1
12771	1
14251	1
10965	1
60951	1
74405	1
19997	1
30873	1
46983	1
21340	1
47309	1
87317	1
91126	1
63814	1
13977	1
33490	1
96023	1
32591	1
15426	1
53223	1
99593	1
22162	1
95587	1
43342	1
62631	1
158	1
53223	1
35595	1
5902	1
63594	1
74405	1
19781	1
38061	1
74405	1
37441	1
74405	1
44702	1
28342	1
78374	1
54782	1
7847	1
98332	1
27360	1
27360	1
21967	1
87434	1
35159	1
51637	1
84605	1
86555	1
62255	1
85378	1
74405	1
67835	1
27360	1
52862	1
74405	1
9402	1
53223	1
78859	1
53223	1
6178	1
48697	1
74405	1
30181	1
30268	1
72292	1
30346	1
97472	1
35738	1
74405	1
8640	1
58450	1
75281	1
8609	1
6602	1
98231	1
91016	1
16769	1
86555	1
53985	1
84996	1
27470	1
19009	1
74405	1
38005	1
79744	1
30611	1
19451	1
31787	1
74405	1
53223	1
11291	1
54987	1
37114	1
17587	1
58010	1
44984	1
74405	1
69834	1
16769	1
69944	1
56144	1
78866	1
51147	1
98439	1
84776	1
74405	1
9186	1
21367	1
99284	1
16769	1
38061	1
94028	1
32441	1
5385	1
8499	1
74405	1
74405	1
7737	1
13971	1
95587	1
82534	1
74405	1
16769	1
53223	1
63814	1
55355	1
44490	1
54066	1
6178	1
16879	1
7737	1
39859	1
17894	1
51122	1
17128	1
98413	1
61128	1
1717	1
97959	1
97252	1
84996	1
6178	1
91016	1
63704	1
69473	1
88440	1
74405	1
94622	1
53223	1
27360	1
85079	1
65373	1
72643	1
97445	1
74405	1
3245	1
27360	1
91558	1
85235	1
65876	1
26212	1
93069	1
65373	1
13977	1
53223	1
56762	1
71036	1
51770	1
57464	1
513	1
2231	1
58010	1
27470	1
96187	1
27360	1
89783	1
64246	1
74405	1
29355	1
71503	1
11576	1
89206	1
53223	1
24568	1
53659	1
14413	1
74405	1
89567	1
90109	1
29919	1
74405	1
48652	1
72122	1
27360	1
46635	1
95587	1
4258	1
20217	1
68275	1
35120	1
74405	1
53223	1
78837	1
49982	1
48047	1
73062	1
91016	1
27360	1
47093	1
40963	1
40814	1
91016	1
59243	1
12308	1
95778	1
53499	1
16769	1
48648	1
590	1
74405	1
66899	1
90796	1
65097	1
41725	1
74405	1
59360	1
25447	1
53223	1
88577	1
62145	1
74405	1
23335	1
14197	1
25691	1
7160	1
58340	1
57938	1
80967	1
59482	1
49198	1
66699	1
63814	1
65346	1
67862	1
80425	1
7897	1
80129	1
72846	1
43701	1
16879	1
84996	1
65699	1
83192	1
87093	1
74405	1
55314	1
68491	1
74405	1
42411	1
77139	1
8937	1
17861	1
16879	1
74405	1
63814	1
68711	1
5385	1
94354	1
97420	1
77689	1
54182	1
1717	1
70926	1
92500	1
34337	1
58666	1
1717	1
54782	1
95529	1
53223	1
1717	1
75964	1
48652	1
63814	1
40721	1
72622	1
44191	1
30430	1
36774	1
48	1
79408	1
59785	1
46983	1
53223	1
19172	1
61682	1
55222	1
99291	1
53223	1
16769	1
27360	1
56391	1
38304	1
29135	1
46983	1
21662	1
13867	1
93569	1
91126	1
53223	1
22899	1
46062	1
68275	1
74405	1
83537	1
75308	1
74405	1
28012	1
62092	1
46070	1
92272	1
57292	1
42713	1
70833	1
50186	1
45966	1
63814	1
12565	1
30372	1
33490	1
59785	1
69284	1
29328	1
74405	1
15210	1
54319	1
35131	1
58859	1
6178	1
53223	1
24836	1
9190	1
70355	1
54782	1
8608	1
77023	1
1717	1
80751	1
71393	1
25911	1
89648	1
84996	1
16769	1
23506	1
74405	1
24285	1
57103	1
27360	1
78374	1
91016	1
95587	1
10742	1
64356	1
4399	1
53223	1
24286	1
22353	1
16769	1
58010	1
22267	1
74405	1
80425	1
84996	1
74405	1
6178	1
29685	1
44191	1
74405	1
15752	1
59270	1
74405	1
29081	1
16769	1
69944	1
700	1
40111	1
53223	1
56636	1
1717	1
27470	1
63814	1
9402	1
62255	1
24933	1
42408	1
83437	1
97146	1
6178	1
83437	1
18218	1
27470	1
48426	1
19972	1
64497	1
98925	1
3382	1
15210	1
50510	1
7430	1
94244	1
72736	1
51770	1
57707	1
83329	1
80535	1
85189	1
43270	1
74947	1
92249	1
32311	1
74405	1
63814	1
54782	1
41335	1
68275	1
74405	1
38167	1
84996	1
36334	1
65234	1
74405	1
6668	1
22150	1
58006	1
49794	1
27271	1
25980	1
74816	1
58531	1
95587	1
74405	1
88411	1
4945	1
48758	1
40963	1
63814	1
60582	1
69724	1
64030	1
47093	1
22899	1
84996	1
95504	1
95587	1
16769	1
53223	1
63529	1
50211	1
65919	1
1717	1
754	1
99031	1
9485	1
58865	1
59243	1
44191	1
16879	1
86470	1
53223	1
14139	1
45482	1
28581	1
57437	1
12308	1
87074	1
9900	1
15899	1
86775	1
15673	1
78752	1
53439	1
82750	1
87072	1
19692	1
17508	1
53223	1
51309	1
3492	1
74405	1
63814	1
4436	1
96320	1
89206	1
20296	1
74621	1
74405	1
9016	1
53223	1
89457	1
71713	1
16557	1
37073	1
15210	1
74785	1
86964	1
55166	1
76402	1
38854	1
95587	1
34441	1
62276	1
74405	1
68713	1
83688	1
68491	1
70486	1
39400	1
4211	1
71063	1
60225	1
84996	1
78837	1
51770	1
29513	1
84996	1
38644	1
21234	1
54861	1
79082	1
30588	1
98711	1
84996	1
16879	1
74405	1
8202	1
91998	1
90802	1
60480	1
43567	1
15280	1
55973	1
95587	1
56143	1
80425	1
9622	1
56094	1
56345	1
84996	1
74405	1
83653	1
40187	1
74405	1
84996	1
91178	1
74621	1
78453	1
63814	1
69834	1
90765	1
24047	1
56777	1
90375	1
33490	1
2308	1
74405	1
24784	1
29328	1
35765	1
77523	1
6290	1
9730	1
31350	1
77853	1
84996	1
37729	1
1256	1
26994	1
53223	1
53223	1
16769	1
51083	1
35007	1
39946	1
74405	1
27360	1
90003	1
33789	1
36392	1
54319	1
18438	1
83869	1
27686	1
84996	1
48868	1
74461	1
62145	1
27470	1
82090	1
59417	1
92793	1
98815	1
76306	1
22123	1
30372	1
28859	1
85718	1
53904	1
19781	1
60908	1
90032	1
59243	1
11565	1
74405	1
44081	1
74405	1
10635	1
57900	1
63997	1
71115	1
95587	1
53223	1
96951	1
7737	1
84996	1
9182	1
95587	1
63814	1
74405	1
68850	1
24132	1
71555	1
72498	1
38717	1
80913	1
53223	1
84996	1
77310	1
46983	1
53223	1
68601	1
7843	1
44081	1
16879	1
82777	1
38061	1
90024	1
10241	1
38603	1
48652	1
77633	1
6108	1
38061	1
74405	1
15155	1
41505	1
14990	1
91126	1
41550	1
80425	1
74405	1
74405	1
97688	1
13817	1
84992	1
60366	1
19781	1
85899	1
69834	1
74405	1
6037	1
38823	1
87431	1
29029	1
75501	1
49501	1
29186	1
48428	1
74405	1
93659	1
41949	1
59865	1
35375	1
16769	1
89499	1
22762	1
52941	1
65479	1
50678	1
1117	1
74405	1
74405	1
16275	1
27360	1
84996	1
52266	1
11783	1
84996	1
88112	1
75144	1
47309	1
6317	1
51253	1
78785	1
69944	1
60966	1
46983	1
44301	1
63814	1
1717	1
92195	1
74405	1
5495	1
3058	1
31237	1
68016	1
5506	1
12308	1
13977	1
590	1
20516	1
16769	1
36205	1
38603	1
65800	1
97036	1
33490	1
28809	1
10965	1
95587	1
74405	1
27470	1
95587	1
3675	1
73062	1
91558	1
68817	1
7847	1
32913	1
53223	1
63503	1
74405	1
57576	1
54398	1
13074	1
62687	1
91886	1
1717	1
63814	1
33741	1
16769	1
63814	1
91126	1
25911	1
78038	1
27360	1
41289	1
62471	1
41878	1
44081	1
13074	1
53223	1
74405	1
1825	1
44984	1
79522	1
13883	1
71420	1
6288	1
5055	1
97472	1
66488	1
95587	1
1823	1
51334	1
19341	1
64607	1
48652	1
72736	1
16879	1
81517	1
75308	1
74405	1
3492	1
22899	1
83437	1
20308	1
91861	1
51990	1
88106	1
17751	1
42441	1
33816	1
83437	1
84996	1
24022	1
7737	1
85432	1
98105	1
48652	1
47388	1
95587	1
74405	1
94244	1
6288	1
74405	1
23941	1
29791	1
74405	1
97991	1
11648	1
2031	1
57379	1
15889	1
98375	1
29110	1
49709	1
16769	1
16769	1
84996	1
16512	1
57684	1
53223	1
18075	1
27360	1
10583	1
61105	1
53223	1
95803	1
15739	1
84996	1
33490	1
24075	1
15949	1
1717	1
3415	1
16769	1
50377	1
19781	1
34939	1
78825	1
29355	1
42030	1
37181	1
53223	1
79082	1
69834	1
74405	1
74405	1
48295	1
95147	1
72846	1
97748	1
1823	1
53223	1
27470	1
4038	1
19748	1
56588	1
86555	1
15426	1
36093	1
58604	1
88961	1
84996	1
99741	1
50043	1
95259	1
39184	1
27360	1
71447	1
50737	1
9406	1
27250	1
94931	1
77633	1
84996	1
88114	1
38061	1
74405	1
27109	1
74405	1
53223	1
74405	1
74405	1
87285	1
86915	1
74405	1
86775	1
77446	1
92395	1
44623	1
69174	1
8609	1
48	1
74405	1
74168	1
14008	1
81252	1
95587	1
59243	1
46529	1
7650	1
5051	1
10992	1
50321	1
6288	1
27109	1
38442	1
53223	1
53223	1
74405	1
72155	1
84996	1
23202	1
16879	1
58782	1
45966	1
7025	1
74405	1
74405	1
67038	1
62471	1
53223	1
23086	1
9678	1
8638	1
18438	1
35051	1
63814	1
4835	1
84996	1
33156	1
27470	1
95562	1
81957	1
74405	1
69834	1
92822	1
98209	1
36392	1
46387	1
10307	1
38049	1
17782	1
32226	1
57684	1
31846	1
27360	1
74405	1
4997	1
43064	1
3909	1
55961	1
45227	1
46076	1
72265	1
6369	1
53223	1
95587	1
53223	1
33953	1
32614	1
84996	1
96129	1
95587	1
50757	1
48652	1
80425	1
60225	1
59243	1
63814	1
64929	1
82090	1
6178	1
24784	1
95587	1
53412	1
86775	1
59243	1
16879	1
27470	1
48457	1
58170	1
36581	1
63814	1
35049	1
74405	1
80535	1
67831	1
63075	1
84529	1
36714	1
42161	1
95587	1
62687	1
57668	1
90902	1
86555	1
63704	1
84996	1
53223	1
57684	1
48652	1
10647	1
78866	1
53223	1
56557	1
55945	1
42219	1
9601	1
53223	1
3876	1
83190	1
10965	1
69720	1
74405	1
7737	1
158	1
51853	1
68873	1
3817	1
68491	1
22019	1
78563	1
36158	1
22899	1
2002	1
91832	1
66492	1
93808	1
8474	1
69834	1
11843	1
48652	1
23592	1
53223	1
21971	1
53223	1
95587	1
24647	1
15291	1
74405	1
16769	1
33816	1
5628	1
73062	1
95587	1
27360	1
12308	1
87014	1
505	1
30547	1
60605	1
64221	1
74405	1
8860	1
6178	1
25801	1
27846	1
27470	1
99934	1
97146	1
96349	1
99585	1
2593	1
78505	1
16769	1
94279	1
44081	1
97583	1
59243	1
91016	1
43481	1
58226	1
22619	1
27360	1
24508	1
6178	1
16769	1
8640	1
57900	1
74405	1
74405	1
84996	1
92222	1
99031	1
74405	1
89999	1
24568	1
47093	1
41289	1
74405	1
35440	1
17535	1
63980	1
16769	1
75964	1
20464	1
54419	1
41399	1
22868	1
35707	1
66004	1
65373	1
80535	1
91016	1
6288	1
8499	1
27902	1
91998	1
54614	1
18922	1
54941	1
82310	1
16769	1
53223	1
8640	1
37642	1
60173	1
91342	1
48652	1
37295	1
33160	1
36471	1
15210	1
32043	1
93725	1
63848	1
72815	1
21093	1
84996	1
93694	1
32450	1
67258	1
94906	1
53223	1
84996	1
74405	1
39946	1
41289	1
26563	1
75061	1
84776	1
84996	1
48652	1
36392	1
51305	1
158	1
94350	1
47797	1
49595	1
74405	1
47555	1
27360	1
80425	1
38284	1
98911	1
63612	1
95587	1
79437	1
38775	1
91016	1
83979	1
79192	1
16769	1
63814	1
19549	1
45457	1
74405	1
74405	1
27470	1
80425	1
14815	1
86555	1
13290	1
84720	1
74405	1
62145	1
94350	1
98209	1
6265	1
16769	1
69693	1
96785	1
53223	1
92405	1
84803	1
84996	1
16769	1
43478	1
51880	1
74405	1
19870	1
35838	1
95587	1
13757	1
63814	1
71846	1
34187	1
63814	1
91126	1
94350	1
70955	1
58010	1
6720	1
63814	1
74405	1
74405	1
82173	1
2730	1
53681	1
28506	1
42522	1
59463	1
74405	1
20684	1
39319	1
91016	1
95587	1
74405	1
27360	1
46485	1
53223	1
3986	1
19156	1
50973	1
10330	1
39180	1
2501	1
90109	1
6178	1
74405	1
15125	1
25911	1
13294	1
94244	1
96710	1
89866	1
11349	1
19781	1
16769	1
15210	1
1717	1
79522	1
56841	1
75528	1
43641	1
38676	1
82094	1
27360	1
74405	1
75524	1
69834	1
29465	1
53223	1
99994	1
70133	1
11552	1
52096	1
74405	1
74405	1
1717	1
18105	1
7737	1
60692	1
86775	1
57684	1
49193	1
11841	1
69834	1
74405	1
53223	1
21340	1
81658	1
65373	1
34142	1
74405	1
48652	1
85816	1
78499	1
53223	1
10055	1
68275	1
1980	1
74405	1
53223	1
51934	1
25801	1
44191	1
74405	1
80425	1
96162	1
93121	1
52129	1
36718	1
53223	1
63814	1
67999	1
37469	1
19781	1
25352	1
64030	1
85582	1
74405	1
44081	1
27470	1
74405	1
1933	1
27360	1
74405	1
92733	1
16113	1
50321	1
16769	1
97688	1
25143	1
95606	1
53223	1
65915	1
69143	1
5761	1
16769	1
48652	1
74405	1
79628	1
96245	1
45856	1
53223	1
80425	1
18014	1
72736	1
30368	1
74405	1
75644	1
11787	1
36666	1
5001	1
37233	1
16769	1
14832	1
75404	1
27360	1
61866	1
8503	1
82829	1
84996	1
5078	1
27360	1
84996	1
18517	1
44191	1
74405	1
74677	1
89567	1
19810	1
41289	1
53655	1
40601	1
74405	1
74405	1
28562	1
95587	1
38061	1
1717	1
74405	1
45273	1
3876	1
80093	1
93489	1
15590	1
83437	1
72626	1
27603	1
74405	1
17553	1
72487	1
13942	1
98715	1
77602	1
2213	1
82988	1
95009	1
15752	1
74405	1
36172	1
26179	1
74405	1
65022	1
61713	1
76466	1
47309	1
91126	1
73913	1
69834	1
53223	1
36451	1
27053	1
86003	1
99602	1
6288	1
23082	1
5983	1
7737	1
65778	1
2632	1
44191	1
16769	1
12308	1
37877	1
76674	1
53223	1
7737	1
74405	1
74681	1
96710	1
20134	1
56088	1
27470	1
70310	1
25801	1
7737	1
74405	1
3795	1
62145	1
86964	1
86555	1
43228	1
74405	1
42302	1
75744	1
90686	1
35159	1
12331	1
84996	1
61649	1
59243	1
74405	1
55575	1
158	1
1676	1
91668	1
14417	1
38061	1
7804	1
53223	1
95587	1
75740	1
74405	1
14193	1
53223	1
84996	1
306	1
98677	1
59243	1
91126	1
44623	1
46983	1
10834	1
53223	1
34442	1
16879	1
7737	1
53223	1
25444	1
74405	1
63814	1
16769	1
57460	1
53223	1
152	1
91016	1
65315	1
53223	1
53223	1
26147	1
13122	1
17045	1
72265	1
26375	1
84996	1
96714	1
4945	1
74405	1
89457	1
84996	1
36392	1
63827	1
69834	1
16879	1
74405	1
45970	1
4099	1
46983	1
74405	1
74405	1
38169	1
12831	1
74405	1
95587	1
44735	1
84996	1
1717	1
38819	1
7847	1
18270	1
84996	1
51772	1
54892	1
75964	1
62145	1
44407	1
74405	1
53223	1
42848	1
46130	1
92554	1
81982	1
1845	1
60121	1
32857	1
23169	1
66249	1
63814	1
97688	1
15536	1
40559	1
4906	1
67011	1
44407	1
5302	1
13431	1
74598	1
87917	1
33490	1
4945	1
61128	1
74405	1
44782	1
74573	1
38061	1
74405	1
18957	1
49308	1
30760	1
53779	1
6178	1
84996	1
45966	1
74405	1
6768	1
13475	1
8154	1
91998	1
2400	1
87343	1
58579	1
53223	1
22023	1
74405	1
99851	1
37688	1
35595	1
97885	1
84996	1
33189	1
80535	1
50076	1
38061	1
60802	1
8420	1
59990	1
62145	1
84996	1
86715	1
75908	1
3953	1
6178	1
80967	1
61242	1
84996	1
27470	1
74405	1
69834	1
81762	1
47996	1
71393	1
96081	1
76157	1
63814	1
91016	1
45082	1
74484	1
56673	1
74405	1
45856	1
36853	1
57684	1
6288	1
33413	1
10041	1
8885	1
74405	1
99421	1
86555	1
96133	1
21336	1
35215	1
93424	1
21556	1
28263	1
6288	1
77523	1
54604	1
84996	1
46225	1
94898	1
4619	1
84996	1
9437	1
82310	1
27470	1
16879	1
19860	1
90134	1
95587	1
93011	1
94024	1
70793	1
53223	1
43917	1
74405	1
94466	1
62255	1
63625	1
57684	1
74405	1
12308	1
31931	1
27360	1
95587	1
44407	1
63814	1
53223	1
95587	1
32147	1
2782	1
53223	1
74405	1
88907	1
80425	1
48444	1
17531	1
69834	1
2479	1
53223	1
45898	1
63917	1
83869	1
22243	1
33349	1
34264	1
84996	1
26909	1
12308	1
74405	1
87954	1
62373	1
16769	1
94134	1
16879	1
75964	1
19231	1
74405	1
23115	1
16769	1
32861	1
59243	1
76290	1
36857	1
54782	1
6178	1
11354	1
31101	1
84996	1
12308	1
48648	1
3687	1
12720	1
22376	1
39522	1
66857	1
92164	1
33992	1
43340	1
53223	1
53223	1
52652	1
89567	1
94555	1
76155	1
97146	1
74405	1
74405	1
34767	1
50537	1
56341	1
71279	1
75964	1
35315	1
33073	1
94846	1
84996	1
16852	1
81077	1
84996	1
48	1
56534	1
53223	1
83437	1
74405	1
66475	1
62145	1
65062	1
6178	1
72736	1
74405	1
38061	1
80425	1
48652	1
92685	1
48652	1
95519	1
20024	1
8405	1
55928	1
59243	1
81384	1
84996	1
74405	1
1717	1
46387	1
51469	1
63843	1
59426	1
64613	1
84996	1
98122	1
84996	1
48758	1
57296	1
69226	1
84996	1
53223	1
9176	1
58446	1
55324	1
46105	1
1115	1
65589	1
75628	1
63814	1
19908	1
58938	1
74405	1
25849	1
13593	1
77583	1
68055	1
16769	1
17178	1
24784	1
27470	1
21037	1
64470	1
91558	1
84996	1
38061	1
80311	1
76506	1
16879	1
84996	1
44270	1
5389	1
40963	1
88577	1
37185	1
44081	1
33490	1
53223	1
74405	1
63814	1
72155	1
64497	1
46127	1
46983	1
51770	1
43064	1
63814	1
54782	1
53223	1
43033	1
99767	1
8067	1
6288	1
74405	1
38061	1
33436	1
50977	1
65901	1
21446	1
61147	1
80425	1
69944	1
95587	1
12555	1
38532	1
16769	1
6581	1
68821	1
36714	1
16715	1
4401	1
46246	1
64356	1
84996	1
84996	1
74405	1
53223	1
53223	1
63814	1
23248	1
80425	1
82094	1
44214	1
84996	1
74405	1
37044	1
8443	1
54585	1
65373	1
30858	1
33490	1
22899	1
37154	1
89911	1
5032	1
74405	1
845	1
84973	1
63814	1
81847	1
8063	1
74405	1
22899	1
38061	1
19393	1
36172	1
74621	1
53659	1
16879	1
75339	1
40963	1
84996	1
82694	1
88114	1
1389	1
38140	1
74405	1
48	1
74405	1
94732	1
77004	1
98815	1
27360	1
27470	1
74702	1
6178	1
16769	1
22482	1
62770	1
84996	1
84525	1
71092	1
44081	1
80535	1
3276	1
38061	1
63814	1
68817	1
48461	1
42628	1
9964	1
38061	1
62471	1
53223	1
53223	1
53223	1
46088	1
41725	1
27360	1
8460	1
74405	1
96525	1
86115	1
38603	1
27319	1
79819	1
74405	1
23499	1
52783	1
70133	1
33212	1
69944	1
15640	1
32147	1
85182	1
92202	1
78773	1
47965	1
19441	1
63814	1
74405	1
13371	1
53223	1
96129	1
45204	1
59459	1
91400	1
57896	1
94790	1
42493	1
53223	1
63595	1
79709	1
80992	1
92885	1
31929	1
37681	1
53223	1
17043	1
41752	1
68713	1
59243	1
74405	1
36141	1
63814	1
41289	1
33710	1
38061	1
89567	1
27360	1
25087	1
3303	1
53223	1
11401	1
64167	1
44191	1
44081	1
53223	1
74405	1
63875	1
74405	1
61147	1
53223	1
45652	1
67040	1
25801	1
44191	1
32473	1
71723	1
84996	1
26343	1
82556	1
84529	1
54782	1
31522	1
8970	1
54863	1
49555	1
35375	1
52096	1
95587	1
91016	1
43335	1
12308	1
12308	1
31120	1
80755	1
16635	1
6288	1
10749	1
74648	1
87431	1
59023	1
53223	1
49528	1
50097	1
53223	1
96710	1
97337	1
84869	1
60860	1
39597	1
74405	1
95587	1
6178	1
36498	1
33596	1
83377	1
36502	1
48951	1
8640	1
45491	1
94354	1
9732	1
74405	1
61049	1
21855	1
87234	1
95587	1
36824	1
59243	1
93470	1
41289	1
10421	1
63646	1
27360	1
88652	1
53223	1
91016	1
63814	1
69834	1
97146	1
96706	1
27360	1
63814	1
27686	1
10450	1
13730	1
11478	1
6830	1
37880	1
53223	1
98076	1
34859	1
47552	1
6178	1
86194	1
7760	1
44984	1
58267	1
84996	1
73062	1
33490	1
84996	1
84996	1
85411	1
84996	1
19121	1
45910	1
27470	1
91205	1
97472	1
1717	1
90109	1
51334	1
74405	1
89567	1
54474	1
47513	1
71613	1
53223	1
74405	1
17039	1
44081	1
57244	1
36502	1
6886	1
45686	1
88664	1
58120	1
24022	1
54782	1
76184	1
87317	1
59243	1
53445	1
62145	1
95365	1
48019	1
61049	1
74405	1
44081	1
36469	1
65699	1
71982	1
64470	1
40963	1
21556	1
43421	1
42522	1
84996	1
47656	1
42138	1
27360	1
69834	1
38061	1
17421	1
95587	1
73938	1
74405	1
31927	1
67428	1
74405	1
36525	1
32147	1
22623	1
31931	1
4756	1
69944	1
89042	1
30372	1
7847	1
22631	1
15532	1
8063	1
91126	1
48320	1
59546	1
65259	1
74405	1
2479	1
71912	1
75771	1
5134	1
28616	1
80425	1
51554	1
44081	1
179	1
36473	1
14990	1
47498	1
25467	1
44075	1
11401	1
84996	1
25911	1
63405	1
48652	1
85787	1
65373	1
69834	1
74405	1
88384	1
63932	1
30158	1
74405	1
16769	1
21959	1
1717	1
53223	1
74405	1
27360	1
87097	1
57460	1
27360	1
38061	1
88367	1
44733	1
74405	1
85212	1
16879	1
68514	1
53223	1
59243	1
38061	1
32147	1
63428	1
46076	1
80367	1
71503	1
79192	1
4293	1
63814	1
74405	1
29694	1
16769	1
95417	1
59243	1
76493	1
83649	1
16769	1
63814	1
74405	1
84996	1
91016	1
5001	1
16769	1
36938	1
19781	1
74405	1
23034	1
38061	1
3653	1
5640	1
22899	1
8034	1
98184	1
84996	1
25949	1
41725	1
74405	1
51770	1
74405	1
73554	1
694	1
92189	1
33573	1
71833	1
53223	1
6178	1
63814	1
99828	1
39867	1
80600	1
13977	1
53223	1
71640	1
58056	1
86090	1
71943	1
85252	1
35049	1
82714	1
94028	1
9846	1
18743	1
66310	1
68302	1
74405	1
80425	1
85212	1
50431	1
97801	1
55779	1
53576	1
54782	1
34935	1
53223	1
91645	1
62255	1
44627	1
65510	1
18407	1
52852	1
18081	1
54998	1
35375	1
36718	1
50321	1
96762	1
7737	1
35811	1
41547	1
21340	1
8511	1
25361	1
53223	1
30914	1
6928	1
6178	1
3492	1
94354	1
1717	1
57684	1
88334	1
12634	1
74405	1
40476	1
23441	1
4404	1
42522	1
54950	1
30551	1
44610	1
4426	1
12308	1
94223	1
60445	1
45530	1
54066	1
74405	1
79082	1
6288	1
63704	1
95830	1
733	1
95596	1
10605	1
74346	1
40355	1
84996	1
95587	1
40963	1
84996	1
74405	1
95587	1
29741	1
23422	1
12308	1
67665	1
17618	1
2236	1
68491	1
72846	1
21340	1
53223	1
38009	1
91255	1
1717	1
63814	1
51910	1
12308	1
6288	1
99388	1
53223	1
41945	1
47093	1
35512	1
53223	1
40166	1
63814	1
84882	1
63814	1
83979	1
75775	1
74405	1
74405	1
49025	1
8283	1
13977	1
12308	1
89643	1
53659	1
63814	1
13126	1
71339	1
38061	1
95882	1
74405	1
1717	1
7847	1
4945	1
55974	1
33156	1
33760	1
12848	1
16879	1
74405	1
53223	1
68817	1
36498	1
84996	1
92189	1
90802	1
69834	1
74405	1
74405	1
95010	1
74405	1
91778	1
41862	1
42302	1
16769	1
6178	1
76180	1
70940	1
74405	1
82590	1
83840	1
74405	1
16769	1
53223	1
29355	1
79580	1
94028	1
39836	1
62959	1
60038	1
1717	1
98815	1
9709	1
27360	1
89567	1
74405	1
87067	1
11243	1
42709	1
23942	1
88050	1
98483	1
9190	1
53223	1
16117	1
5144	1
76290	1
74405	1
91506	1
36502	1
29924	1
74405	1
85555	1
64030	1
1250	1
58226	1
52578	1
39180	1
69767	1
79520	1
94790	1
28665	1
68601	1
95399	1
20479	1
33133	1
74405	1
44081	1
70805	1
38277	1
53223	1
33490	1
72649	1
13026	1
46190	1
41729	1
94354	1
54016	1
63814	1
84996	1
12308	1
590	1
55932	1
46986	1
87097	1
37295	1
27470	1
10965	1
16821	1
673	1
33600	1
4152	1
27470	1
14536	1
15644	1
84996	1
96129	1
89872	1
80124	1
65373	1
87265	1
26127	1
62145	1
53439	1
93418	1
94244	1
27360	1
73962	1
74405	1
20323	1
29858	1
72846	1
85221	1
74841	1
71283	1
29768	1
80535	1
34258	1
74405	1
74405	1
89260	1
53223	1
53223	1
55795	1
42909	1
47685	1
40890	1
63814	1
69834	1
74405	1
84996	1
38964	1
24568	1
12455	1
80535	1
74405	1
944	1
81297	1
92905	1
50553	1
59243	1
78293	1
60802	1
84996	1
74405	1
158	1
6396	1
48845	1
30478	1
77658	1
42844	1
2404	1
54782	1
74405	1
27360	1
88037	1
29355	1
14193	1
69944	1
54421	1
63814	1
45966	1
41097	1
49397	1
79188	1
7878	1
80425	1
27906	1
86555	1
74405	1
4426	1
48000	1
53223	1
80535	1
74405	1
14606	1
75964	1
35267	1
86555	1
95299	1
91016	1
55409	1
88000	1
74405	1
3276	1
7639	1
63814	1
76157	1
53223	1
65915	1
75964	1
98754	1
80425	1
16769	1
60609	1
43832	1
59243	1
16769	1
44403	1
92330	1
33710	1
59243	1
66494	1
15210	1
27360	1
13867	1
80535	1
49414	1
89457	1
15426	1
8910	1
53223	1
63814	1
84996	1
31755	1
29940	1
44926	1
84996	1
44191	1
30391	1
98003	1
81874	1
92108	1
14276	1
50757	1
74405	1
21500	1
1165	1
80315	1
72462	1
21340	1
74405	1
27470	1
78669	1
95807	1
67044	1
59243	1
27192	1
74405	1
6288	1
57900	1
60497	1
63814	1
57684	1
45862	1
89999	1
34856	1
48652	1
91668	1
11152	1
16879	1
83311	1
22762	1
88220	1
74405	1
3276	1
92685	1
9846	1
45750	1
43178	1
15109	1
78073	1
84996	1
16769	1
89343	1
72736	1
45750	1
66951	1
54915	1
9703	1
80971	1
83437	1
74405	1
80531	1
52997	1
45530	1
10543	1
94244	1
38061	1
31931	1
84996	1
13237	1
12634	1
35159	1
64078	1
53223	1
22619	1
74405	1
69629	1
63814	1
9788	1
58718	1
7847	1
590	1
95587	1
82094	1
74405	1
74405	1
15116	1
84996	1
86378	1
74405	1
80811	1
33490	1
41642	1
74405	1
63814	1
74405	1
75169	1
98795	1
62145	1
12906	1
53223	1
50705	1
68817	1
25934	1
14315	1
5526	1
4945	1
21882	1
98232	1
61242	1
64246	1
58122	1
7737	1
3384	1
74405	1
74405	1
63814	1
38885	1
27470	1
33490	1
53223	1
90746	1
74405	1
69072	1
65422	1
27360	1
65373	1
97688	1
43544	1
29162	1
86410	1
84996	1
74405	1
63814	1
53113	1
20759	1
63046	1
85654	1
49748	1
7737	1
23441	1
95587	1
53223	1
51554	1
53844	1
36502	1
89783	1
70376	1
78640	1
50973	1
97146	1
95587	1
74405	1
90187	1
90057	1
48652	1
58104	1
53223	1
66932	1
74405	1
30694	1
82970	1
23601	1
98933	1
74405	1
44235	1
80068	1
38061	1
69834	1
75964	1
30654	1
33816	1
39184	1
27470	1
58523	1
91016	1
88175	1
16769	1
15858	1
14442	1
74405	1
74405	1
5464	1
38061	1
39953	1
20162	1
95587	1
68491	1
97146	1
74405	1
16846	1
76124	1
74405	1
61894	1
41042	1
63814	1
77849	1
82313	1
2840	1
24568	1
27360	1
10741	1
31217	1
63673	1
96797	1
80535	1
73361	1
74405	1
16769	1
18766	1
26123	1
38061	1
98595	1
74405	1
74405	1
16769	1
41505	1
74405	1
47508	1
84996	1
12524	1
74405	1
74405	1
4835	1
84996	1
48227	1
9117	1
96646	1
60063	1
34310	1
20873	1
27360	1
99851	1
95587	1
74405	1
16769	1
27939	1
74405	1
92658	1
81438	1
70930	1
45731	1
76759	1
46983	1
50321	1
7818	1
95587	1
6178	1
27470	1
74405	1
1717	1
95587	1
75964	1
38808	1
27360	1
16769	1
53223	1
84996	1
84996	1
69913	1
74405	1
69720	1
40083	1
93115	1
54782	1
48652	1
69834	1
22899	1
158	1
78073	1
44081	1
27470	1
25911	1
10749	1
2479	1
63814	1
9570	1
97036	1
68491	1
19781	1
95803	1
90142	1
63814	1
45750	1
35375	1
27470	1
66193	1
74621	1
23225	1
51220	1
95790	1
85972	1
10691	1
74293	1
94354	1
80425	1
25330	1
25177	1
91668	1
93104	1
25801	1
9190	1
25911	1
53113	1
7737	1
74405	1
74405	1
86549	1
44359	1
74405	1
83537	1
47624	1
38061	1
74405	1
16879	1
85542	1
60802	1
16769	1
89457	1
27360	1
69834	1
18438	1
34196	1
27360	1
74405	1
17095	1
74405	1
46518	1
74405	1
22899	1
39184	1
63814	1
16769	1
849	1
74405	1
84996	1
53223	1
79459	1
84367	1
89123	1
83437	1
53223	1
74405	1
14087	1
51880	1
52204	1
94810	1
86798	1
68491	1
45173	1
48652	1
59243	1
3145	1
77359	1
95587	1
53113	1
88857	1
2259	1
63814	1
19781	1
44079	1
66764	1
4121	1
99471	1
38061	1
84996	1
22486	1
158	1
84996	1
88114	1
84996	1
50537	1
52540	1
21336	1
52096	1
70596	1
96920	1
61809	1
74405	1
34860	1
13123	1
35811	1
89787	1
95587	1
27470	1
32797	1
28342	1
92197	1
20981	1
59106	1
69944	1
38061	1
84996	1
74405	1
80967	1
74405	1
95587	1
45561	1
16879	1
37540	1
74405	1
55158	1
6178	1
77604	1
86202	1
65699	1
94796	1
53439	1
66483	1
62255	1
4851	1
2073	1
12584	1
72736	1
6178	1
89999	1
65589	1
78866	1
65373	1
47525	1
3276	1
17942	1
21446	1
38061	1
21886	1
99031	1
5385	1
53223	1
370	1
27360	1
59519	1
43751	1
34339	1
48652	1
66289	1
42522	1
38061	1
74405	1
53057	1
1937	1
12771	1
53223	1
74405	1
71719	1
49555	1
52210	1
38061	1
4945	1
95010	1
72736	1
154	1
44081	1
6710	1
8970	1
6504	1
91234	1
20950	1
41731	1
36718	1
29245	1
16769	1
158	1
62255	1
84996	1
27470	1
77743	1
35651	1
4841	1
99176	1
27360	1
47745	1
63814	1
32853	1
87097	1
29029	1
62255	1
63104	1
73380	1
63810	1
83437	1
84996	1
92249	1
92743	1
15210	1
63814	1
74405	1
63814	1
82563	1
23225	1
45966	1
16939	1
1717	1
11732	1
74405	1
71223	1
6178	1
74405	1
57244	1
74405	1
74405	1
77606	1
45310	1
53223	1
60914	1
61844	1
65373	1
38277	1
53223	1
74405	1
49414	1
24026	1
74405	1
82397	1
88660	1
55163	1
86194	1
590	1
74405	1
27360	1
10749	1
25801	1
25801	1
16879	1
42848	1
90003	1
48652	1
90219	1
23885	1
54782	1
1717	1
81230	1
53223	1
13811	1
38061	1
15096	1
58309	1
80512	1
26565	1
74405	1
74405	1
82094	1
95587	1
58481	1
53223	1
81548	1
63814	1
53439	1
96926	1
18529	1
18028	1
27081	1
80425	1
6288	1
95056	1
67258	1
27902	1
80425	1
9682	1
21340	1
67478	1
76867	1
44081	1
16769	1
53223	1
47474	1
59243	1
18658	1
34476	1
33490	1
51440	1
82941	1
61952	1
80425	1
33872	1
75964	1
20960	1
99934	1
77334	1
65016	1
48868	1
74405	1
87784	1
74405	1
75752	1
55351	1
44191	1
6504	1
65589	1
4750	1
40546	1
48652	1
63814	1
69712	1
53443	1
74405	1
8966	1
65452	1
1561	1
69944	1
85972	1
58010	1
98043	1
26218	1
94482	1
40963	1
50583	1
6830	1
53499	1
39946	1
5545	1
49352	1
14002	1
74405	1
26453	1
79395	1
16769	1
74405	1
60802	1
91016	1
62083	1
83653	1
48652	1
44104	1
99058	1
39157	1
8283	1
19432	1
64273	1
95367	1
38254	1
56777	1
15532	1
92901	1
6178	1
27109	1
84996	1
6178	1
62687	1
28759	1
95587	1
74405	1
22488	1
91259	1
76290	1
84996	1
49787	1
71074	1
77041	1
34032	1
99168	1
14249	1
33600	1
59243	1
74405	1
6178	1
24321	1
27470	1
74405	1
38686	1
65317	1
74405	1
58010	1
18438	1
96897	1
84996	1
44191	1
74405	1
92849	1
38061	1
93011	1
44081	1
32367	1
26264	1
27902	1
38302	1
48	1
21037	1
95587	1
48652	1
66297	1
59569	1
17095	1
35905	1
21477	1
39230	1
59353	1
50618	1
74405	1
89422	1
16879	1
40963	1
29168	1
8283	1
91016	1
75964	1
39184	1
63814	1
62471	1
16879	1
97022	1
74405	1
6435	1
12308	1
84996	1
16879	1
27470	1
24049	1
80535	1
48652	1
51554	1
71256	1
74405	1
51550	1
82038	1
89455	1
32257	1
74405	1
95994	1
4619	1
56667	1
74405	1
19781	1
16879	1
5294	1
14090	1
45966	1
15210	1
84996	1
60005	1
72790	1
91126	1
2736	1
36502	1
62145	1
30372	1
74405	1
32641	1
13008	1
74405	1
46265	1
18654	1
81770	1
11185	1
8223	1
77083	1
84996	1
24784	1
12308	1
91905	1
62108	1
91126	1
53223	1
25801	1
17531	1
82141	1
40980	1
58082	1
41721	1
24705	1
86555	1
74405	1
753	1
80215	1
11337	1
12308	1
54998	1
74405	1
74405	1
84996	1
86881	1
21938	1
63814	1
64030	1
64030	1
44081	1
11828	1
45445	1
74405	1
38092	1
10585	1
68601	1
76510	1
38061	1
11291	1
16769	1
31861	1
28122	1
63814	1
74405	1
1289	1
89457	1
74405	1
34993	1
42787	1
66272	1
84776	1
95587	1
85674	1
97146	1
68601	1
27470	1
30588	1
83437	1
48	1
11657	1
64077	1
8640	1
85102	1
89571	1
84749	1
93331	1
47749	1
70486	1
74405	1
3294	1
59785	1
12325	1
35868	1
82029	1
93630	1
4341	1
36419	1
36718	1
50211	1
27686	1
82914	1
60441	1
72736	1
56557	1
41505	1
40548	1
50074	1
54782	1
14087	1
34142	1
84996	1
68275	1
18654	1
42077	1
47969	1
34335	1
53223	1
69686	1
62255	1
24317	1
31211	1
74405	1
30152	1
4846	1
27902	1
86509	1
63814	1
71520	1
36392	1
59243	1
6178	1
27686	1
44372	1
72736	1
84253	1
57900	1
18185	1
54836	1
74405	1
22482	1
16439	1
41505	1
59243	1
59679	1
94028	1
74405	1
11565	1
70160	1
16769	1
26567	1
74405	1
84996	1
63814	1
84996	1
63814	1
97146	1
80425	1
67694	1
16769	1
53223	1
63484	1
53223	1
81187	1
94354	1
11952	1
4619	1
9174	1
32689	1
82017	1
48652	1
13977	1
97472	1
84996	1
30372	1
91014	1
63814	1
74405	1
11964	1
5678	1
2236	1
1717	1
87907	1
74405	1
6288	1
69338	1
63814	1
6500	1
4615	1
12308	1
89515	1
51496	1
29029	1
81532	1
95587	1
9190	1
53223	1
65373	1
7737	1
34499	1
12088	1
16769	1
54641	1
95913	1
95587	1
71582	1
74405	1
53223	1
16879	1
6288	1
32390	1
17558	1
95448	1
36929	1
88909	1
38655	1
91016	1
53223	1
53038	1
83437	1
74405	1
74405	1
75960	1
12308	1
53223	1
74405	1
4646	1
74100	1
24939	1
84068	1
71951	1
69473	1
83653	1
99718	1
58446	1
69944	1
74405	1
22252	1
24784	1
68873	1
9190	1
74405	1
75006	1
74405	1
38607	1
88537	1
32689	1
28583	1
28346	1
91126	1
52178	1
86833	1
85322	1
21770	1
19754	1
11924	1
95587	1
97688	1
59243	1
26920	1
94350	1
79985	1
80425	1
42302	1
92108	1
9614	1
27470	1
31931	1
58803	1
53223	1
8499	1
40305	1
90769	1
19781	1
47309	1
62145	1
16879	1
74544	1
6068	1
50697	1
16769	1
55189	1
33326	1
74405	1
63814	1
61543	1
24829	1
74405	1
9622	1
54236	1
30152	1
30372	1
33380	1
66135	1
63891	1
78343	1
74405	1
85212	1
14193	1
16769	1
16769	1
36718	1
1213	1
98925	1
32257	1
84996	1
25801	1
62195	1
27470	1
36282	1
56227	1
85864	1
91016	1
82837	1
34615	1
7623	1
89081	1
15015	1
41179	1
53223	1
38061	1
74405	1
56561	1
81658	1
15426	1
83516	1
37648	1
81548	1
53944	1
34142	1
76652	1
91126	1
34499	1
43691	1
91253	1
74405	1
74405	1
80425	1
90518	1
51429	1
32946	1
53742	1
19126	1
25112	1
27360	1
53443	1
9159	1
58010	1
57240	1
38146	1
6178	1
72736	1
78866	1
76290	1
5844	1
6288	1
48652	1
27470	1
6178	1
12935	1
89457	1
66932	1
84996	1
73502	1
1717	1
74457	1
57442	1
69834	1
75501	1
35615	1
90030	1
35236	1
74405	1
84996	1
35828	1
62274	1
31707	1
84996	1
29252	1
67258	1
50211	1
84996	1
77137	1
68491	1
77170	1
95226	1
54782	1
17579	1
79305	1
84996	1
11291	1
51853	1
89513	1
73826	1
54861	1
13977	1
27360	1
74405	1
56557	1
64518	1
27360	1
99145	1
5161	1
47680	1
1556	1
16769	1
11652	1
89731	1
3637	1
93665	1
84996	1
6178	1
36556	1
58587	1
44191	1
93548	1
84996	1
33600	1
12524	1
84996	1
74405	1
39867	1
68354	1
24564	1
74405	1
15426	1
34476	1
4619	1
4903	1
84996	1
84996	1
41370	1
3602	1
55795	1
6178	1
74405	1
53223	1
81351	1
49798	1
9190	1
98465	1
36392	1
31134	1
40963	1
53223	1
84996	1
6288	1
67671	1
80425	1
53223	1
74405	1
84996	1
74405	1
69834	1
4403	1
2730	1
4218	1
74405	1
92108	1
40992	1
70061	1
35863	1
29515	1
16769	1
6178	1
44191	1
62255	1
16769	1
63704	1
53223	1
4399	1
16769	1
13587	1
78866	1
92712	1
7737	1
86895	1
15257	1
36392	1
33490	1
48652	1
64030	1
86279	1
25672	1
1928	1
33648	1
74405	1
57508	1
63814	1
74405	1
85212	1
63814	1
70432	1
38061	1
74405	1
38061	1
62145	1
51770	1
8615	1
44831	1
47010	1
53406	1
74405	1
73932	1
38499	1
33490	1
99174	1
36938	1
86750	1
95587	1
17315	1
81131	1
12524	1
20873	1
84529	1
71275	1
88004	1
87562	1
48652	1
57879	1
65599	1
59243	1
16879	1
27360	1
49775	1
1717	1
1717	1
13033	1
74405	1
84996	1
4835	1
24022	1
71719	1
32720	1
74405	1
3822	1
74405	1
27360	1
81874	1
16439	1
86555	1
20759	1
38061	1
45966	1
27360	1
18438	1
27109	1
45464	1
9190	1
74405	1
97243	1
9945	1
26347	1
74405	1
19997	1
14017	1
28081	1
26370	1
6178	1
31931	1
96353	1
62255	1
47078	1
21803	1
25660	1
46470	1
41941	1
34235	1
74405	1
38049	1
53696	1
41638	1
37123	1
74405	1
55056	1
65510	1
84996	1
64690	1
69834	1
16659	1
27360	1
74405	1
50330	1
27470	1
53223	1
53223	1
41241	1
39620	1
69940	1
74405	1
62907	1
74405	1
72375	1
44191	1
25231	1
27246	1
52096	1
18438	1
50153	1
81790	1
54782	1
13126	1
84996	1
6288	1
37924	1
52121	1
19094	1
27360	1
84996	1
66164	1
46022	1
59243	1
51550	1
93144	1
48652	1
29488	1
35742	1
58705	1
21996	1
19781	1
53439	1
41945	1
59243	1
72886	1
55222	1
68601	1
27682	1
83676	1
74405	1
29469	1
84996	1
92905	1
11868	1
53223	1
30368	1
30368	1
74405	1
44081	1
12308	1
27470	1
53223	1
88069	1
814	1
48652	1
48652	1
99687	1
33490	1
78341	1
5165	1
60582	1
71584	1
65896	1
86061	1
74405	1
99994	1
75281	1
99886	1
39157	1
34530	1
15034	1
86470	1
84996	1
84940	1
33546	1
46132	1
59459	1
74405	1
63843	1
3843	1
84996	1
27360	1
44600	1
74405	1
55222	1
16879	1
74405	1
71030	1
72736	1
81218	1
53223	1
95857	1
96349	1
68876	1
16140	1
31329	1
6178	1
93561	1
81707	1
35622	1
55594	1
44081	1
56781	1
29685	1
48	1
31684	1
74241	1
68275	1
14193	1
3961	1
46937	1
99947	1
77443	1
74405	1
74405	1
53223	1
84996	1
23115	1
374	1
79271	1
48459	1
53223	1
73062	1
55106	1
95587	1
97146	1
7847	1
70941	1
69151	1
16769	1
74405	1
33116	1
158	1
74405	1
62310	1
92548	1
27250	1
7739	1
84996	1
95587	1
6054	1
27470	1
20900	1
16769	1
16879	1
7737	1
38277	1
72846	1
90906	1
6014	1
53223	1
19781	1
7407	1
53439	1
65253	1
85102	1
20022	1
9406	1
25193	1
94543	1
84996	1
10749	1
16879	1
53223	1
97146	1
48652	1
74405	1
74405	1
60778	1
74405	1
14087	1
85542	1
88270	1
22899	1
85785	1
27360	1
17091	1
96129	1
40963	1
91494	1
49768	1
59282	1
6500	1
4258	1
11841	1
77523	1
7737	1
51006	1
19781	1
91126	1
72736	1
33490	1
15509	1
28386	1
84996	1
51660	1
19781	1
80425	1
4619	1
56557	1
36502	1
53223	1
74405	1
94931	1
31572	1
38798	1
73388	1
62145	1
2840	1
63814	1
15426	1
6178	1
21602	1
97545	1
87643	1
88440	1
6178	1
17531	1
1360	1
80425	1
17558	1
1717	1
9267	1
9786	1
68753	1
97146	1
15049	1
28153	1
16165	1
44548	1
27470	1
4042	1
57767	1
6068	1
63874	1
36392	1
51880	1
76290	1
52096	1
21859	1
74405	1
1717	1
89783	1
12308	1
95587	1
47066	1
81998	1
38717	1
13867	1
84556	1
6178	1
86555	1
158	1
80714	1
18807	1
65373	1
94028	1
81430	1
27360	1
76323	1
46983	1
74405	1
72846	1
42271	1
81378	1
72516	1
25801	1
14212	1
41730	1
56387	1
33490	1
27470	1
74405	1
76510	1
71841	1
71503	1
63814	1
65373	1
16512	1
81737	1
44081	1
12088	1
48652	1
13459	1
45966	1
14629	1
71485	1
84996	1
90958	1
13493	1
78866	1
74405	1
84556	1
15588	1
74405	1
5414	1
75964	1
36102	1
99365	1
18764	1
18434	1
74405	1
37864	1
86063	1
56341	1
27360	1
71503	1
23501	1
7380	1
89017	1
49553	1
44984	1
94134	1
63484	1
53223	1
75364	1
17311	1
16769	1
43771	1
12387	1
39836	1
80535	1
27140	1
54782	1
21643	1
63814	1
74405	1
68711	1
30368	1
74405	1
83979	1
89093	1
16769	1
40166	1
12524	1
74405	1
69614	1
91016	1
42240	1
54892	1
62511	1
34914	1
74405	1
75964	1
21448	1
89100	1
7843	1
33490	1
84363	1
92984	1
78866	1
38061	1
47309	1
74405	1
94570	1
16769	1
74405	1
17	1
84996	1
85459	1
42848	1
59702	1
84996	1
63138	1
11621	1
74405	1
60412	1
21605	1
63814	1
15532	1
48652	1
59444	1
75520	1
74405	1
55488	1
64543	1
48868	1
45204	1
42302	1
41289	1
89374	1
62799	1
6178	1
74405	1
94028	1
49667	1
62687	1
5541	1
15536	1
31214	1
16769	1
6979	1
5078	1
76423	1
47093	1
79522	1
84996	1
2560	1
16879	1
97472	1
38061	1
77741	1
72846	1
74405	1
41038	1
15696	1
44081	1
63814	1
93098	1
51554	1
661	1
75964	1
97146	1
82887	1
72736	1
29791	1
74405	1
79441	1
51413	1
89457	1
24274	1
6830	1
45150	1
31927	1
48835	1
88149	1
96270	1
23939	1
96527	1
74405	1
94028	1
88278	1
48494	1
71289	1
53223	1
74405	1
64082	1
69936	1
66054	1
44733	1
68275	1
84996	1
48652	1
46983	1
33600	1
75740	1
93588	1
27470	1
97688	1
76039	1
61273	1
91016	1
59459	1
5238	1
91553	1
36718	1
63814	1
75637	1
95628	1
56781	1
38937	1
10062	1
74405	1
38061	1
39255	1
8654	1
94570	1
13977	1
51770	1
74405	1
40963	1
92940	1
14085	1
16879	1
29355	1
192	1
59243	1
48	1
17315	1
29496	1
44081	1
3986	1
42881	1
47369	1
70403	1
55971	1
63814	1
66712	1
16879	1
74405	1
57380	1
13977	1
95587	1
53875	1
92905	1
39759	1
63814	1
74405	1
5138	1
74405	1
96023	1
42209	1
29328	1
67483	1
94028	1
12493	1
59243	1
44191	1
21795	1
27690	1
21557	1
53113	1
59243	1
73062	1
69174	1
29055	1
85538	1
98815	1
45023	1
4011	1
66849	1
43587	1
15673	1
53223	1
8306	1
36392	1
36172	1
53196	1
35369	1
33596	1
83829	1
69437	1
89999	1
61149	1
48528	1
82337	1
53223	1
84996	1
74405	1
76730	1
77846	1
16769	1
20464	1
63957	1
54006	1
96129	1
84996	1
1030	1
52132	1
65373	1
74405	1
53223	1
62687	1
17095	1
34939	1
14629	1
23418	1
40963	1
33816	1
2512	1
54782	1
68302	1
97939	1
95587	1
69834	1
88224	1
729	1
16769	1
700	1
52452	1
32477	1
25253	1
20323	1
60688	1
92901	1
59243	1
54336	1
31699	1
53223	1
27360	1
25801	1
6255	1
74405	1
57460	1
48868	1
86586	1
49743	1
38061	1
93860	1
97146	1
54998	1
8663	1
35159	1
69834	1
84996	1
91016	1
69944	1
8063	1
21662	1
29029	1
36911	1
52796	1
37401	1
10253	1
94244	1
4977	1
56341	1
24541	1
33490	1
74405	1
29776	1
84996	1
59679	1
54782	1
18438	1
2973	1
38061	1
46983	1
21996	1
63814	1
66878	1
74405	1
22853	1
91699	1
95587	1
95587	1
24128	1
74621	1
57900	1
6288	1
65919	1
7737	1
51334	1
30455	1
63814	1
75964	1
1257	1
59239	1
23441	1
86522	1
48131	1
7964	1
95913	1
84996	1
53223	1
36392	1
74405	1
33034	1
73222	1
53223	1
74405	1
22899	1
51554	1
84996	1
38061	1
53223	1
16053	1
80751	1
44411	1
65458	1
3216	1
9246	1
57880	1
84996	1
31931	1
68491	1
56916	1
92272	1
19341	1
22102	1
11291	1
7847	1
89457	1
66712	1
71487	1
84996	1
84996	1
13977	1
49775	1
14852	1
74405	1
77523	1
9599	1
90549	1
74405	1
16879	1
95587	1
89783	1
53223	1
74621	1
92693	1
53223	1
29411	1
646	1
4835	1
71858	1
78461	1
74405	1
94028	1
74405	1
72846	1
51762	1
7737	1
16769	1
63814	1
62255	1
30752	1
76967	1
11652	1
17352	1
76346	1
69473	1
53223	1
9846	1
51807	1
65176	1
33081	1
39373	1
72736	1
21963	1
63814	1
56561	1
48477	1
47745	1
85663	1
1717	1
75717	1
74405	1
16879	1
63814	1
60358	1
77633	1
88857	1
93779	1
80535	1
86555	1
77193	1
28126	1
47205	1
27360	1
90653	1
14282	1
95307	1
88224	1
53223	1
69541	1
81870	1
74405	1
35375	1
9763	1
96424	1
56954	1
13867	1
4835	1
73062	1
91126	1
19781	1
84774	1
38061	1
85702	1
74754	1
93727	1
69286	1
46983	1
76730	1
84996	1
19397	1
29029	1
25911	1
86003	1
14992	1
11839	1
92571	1
71613	1
16435	1
79082	1
84996	1
5282	1
31896	1
74405	1
53223	1
74405	1
6178	1
50377	1
22816	1
41505	1
63814	1
63814	1
35379	1
47529	1
41785	1
53223	1
97360	1
46983	1
47309	1
48652	1
38304	1
62145	1
53223	1
73637	1
35111	1
84772	1
64300	1
17099	1
31931	1
36502	1
16879	1
52538	1
16879	1
11667	1
82094	1
80724	1
45530	1
51990	1
6367	1
60771	1
65373	1
16875	1
18878	1
16879	1
6178	1
27470	1
99739	1
44081	1
74405	1
74405	1
64690	1
73531	1
61572	1
46852	1
84996	1
89457	1
48652	1
20703	1
42381	1
50464	1
7679	1
74405	1
74405	1
126	1
48652	1
47996	1
18628	1
69834	1
95587	1
74405	1
65313	1
7847	1
10500	1
77502	1
50238	1
36392	1
38061	1
88633	1
57717	1
89567	1
96710	1
34802	1
63814	1
53223	1
83456	1
63316	1
53223	1
11185	1
79613	1
53223	1
65008	1
8573	1
86202	1
91998	1
1933	1
96129	1
72736	1
4896	1
36930	1
10965	1
72375	1
15206	1
23427	1
16879	1
80425	1
80672	1
99677	1
6504	1
45669	1
85721	1
75794	1
57900	1
74405	1
47093	1
17971	1
80228	1
41079	1
74405	1
74405	1
50211	1
57684	1
74405	1
41268	1
53223	1
97429	1
87512	1
82795	1
63814	1
95587	1
44984	1
59679	1
89663	1
77523	1
74405	1
15509	1
33953	1
21963	1
63814	1
87900	1
83107	1
74405	1
32935	1
65809	1
93341	1
60885	1
27470	1
74405	1
19478	1
46910	1
57626	1
17314	1
84172	1
16769	1
25801	1
69834	1
84996	1
53223	1
84996	1
53223	1
27360	1
23119	1
77849	1
58614	1
74405	1
53659	1
51880	1
57684	1
13099	1
47473	1
58230	1
51554	1
91016	1
10332	1
44081	1
69284	1
19781	1
59397	1
69732	1
62008	1
63814	1
48	1
1547	1
86555	1
91949	1
27360	1
97146	1
74376	1
84996	1
67698	1
67727	1
70160	1
79821	1
16769	1
74405	1
41729	1
35921	1
88577	1
84996	1
54641	1
50803	1
13290	1
24458	1
63814	1
42432	1
95587	1
6288	1
51384	1
46707	1
3467	1
38061	1
37540	1
80751	1
43068	1
69944	1
88224	1
52808	1
6340	1
63814	1
81249	1
39176	1
53223	1
29297	1
56258	1
84996	1
61836	1
29359	1
51042	1
58010	1
63814	1
72736	1
27360	1
73060	1
65589	1
53223	1
2153	1
53223	1
51554	1
84996	1
17130	1
45456	1
74405	1
16879	1
78073	1
22899	1
63814	1
75964	1
92488	1
13290	1
53223	1
53015	1
77523	1
38061	1
67303	1
56420	1
16769	1
60108	1
63426	1
52814	1
95587	1
68575	1
89260	1
73278	1
63814	1
27470	1
27686	1
60032	1
19781	1
81186	1
84749	1
15779	1
97146	1
45966	1
27360	1
26343	1
85823	1
16769	1
67767	1
21340	1
74405	1
81143	1
53223	1
82889	1
16769	1
53223	1
74405	1
52592	1
25247	1
80535	1
63707	1
74405	1
44191	1
98458	1
47093	1
74405	1
50211	1
74405	1
87101	1
53223	1
50211	1
99860	1
74405	1
49024	1
63814	1
81594	1
39180	1
89731	1
21666	1
32498	1
70042	1
74405	1
80425	1
34939	1
27360	1
5221	1
95010	1
32689	1
15480	1
40963	1
29629	1
27360	1
59243	1
36502	1
74405	1
38061	1
74405	1
74405	1
12308	1
74405	1
41422	1
27470	1
74405	1
74405	1
1717	1
6288	1
74405	1
80859	1
53223	1
79522	1
57684	1
35159	1
16769	1
16769	1
83790	1
15096	1
61651	1
57680	1
65915	1
39620	1
74405	1
54778	1
69749	1
48652	1
27026	1
38277	1
36255	1
74405	1
71279	1
63814	1
20759	1
99278	1
20323	1
84996	1
75964	1
40602	1
24836	1
47309	1
40858	1
3748	1
53223	1
72846	1
10705	1
53223	1
6178	1
53223	1
27360	1
4069	1
74405	1
79188	1
85291	1
74405	1
65373	1
68601	1
36367	1
97229	1
62641	1
94028	1
56557	1
32257	1
40963	1
97146	1
50873	1
27360	1
51791	1
60864	1
314	1
51197	1
67399	1
53223	1
91016	1
84996	1
82090	1
29158	1
74405	1
51554	1
84246	1
51110	1
56341	1
53223	1
89735	1
53223	1
44650	1
80971	1
59023	1
83277	1
72626	1
33490	1
78449	1
50367	1
92571	1
16769	1
84996	1
25432	1
10749	1
61632	1
56341	1
3276	1
46983	1
48899	1
99644	1
93561	1
74083	1
68443	1
65452	1
81631	1
80603	1
97725	1
77087	1
74405	1
21882	1
7137	1
16879	1
64244	1
91016	1
98184	1
84996	1
59243	1
67681	1
69720	1
29029	1
84996	1
35832	1
14550	1
79192	1
53686	1
24568	1
24640	1
63814	1
31622	1
53223	1
4619	1
54425	1
82310	1
47772	1
74405	1
73929	1
75964	1
71503	1
15621	1
16769	1
92905	1
74405	1
17015	1
84896	1
68741	1
74405	1
6178	1
25660	1
95587	1
86555	1
374	1
68601	1
74405	1
12343	1
74982	1
53655	1
26347	1
26127	1
60497	1
53223	1
16879	1
84996	1
39180	1
61871	1
59023	1
63814	1
32367	1
27360	1
6178	1
23441	1
58450	1
22492	1
61242	1
54043	1
77633	1
48652	1
95587	1
95803	1
91596	1
46983	1
53223	1
23005	1
65832	1
76077	1
22405	1
33380	1
61030	1
30588	1
84996	1
1046	1
38061	1
90118	1
71966	1
42522	1
69834	1
44567	1
32641	1
65535	1
1933	1
68549	1
4645	1
25782	1
74405	1
15673	1
53223	1
11891	1
66739	1
26127	1
95363	1
15683	1
89783	1
10410	1
44372	1
72846	1
23695	1
7760	1
54782	1
27360	1
73062	1
75321	1
68601	1
91016	1
96710	1
96397	1
21695	1
11291	1
74405	1
77523	1
10745	1
97146	1
25801	1
93121	1
42545	1
91558	1
38607	1
87950	1
27470	1
14712	1
11627	1
74405	1
64030	1
16769	1
76765	1
87101	1
89787	1
20925	1
53223	1
6288	1
53223	1
10693	1
65589	1
74405	1
61676	1
12127	1
73388	1
65832	1
85079	1
24154	1
25801	1
152	1
41042	1
48652	1
27360	1
27360	1
74405	1
72736	1
54722	1
62255	1
36502	1
6288	1
27360	1
85538	1
53223	1
8834	1
88240	1
2840	1
47330	1
21500	1
93121	1
8310	1
67015	1
83759	1
68358	1
63814	1
93420	1
74625	1
84996	1
1717	1
31931	1
16987	1
81548	1
95587	1
84996	1
5605	1
10332	1
54358	1
91668	1
3272	1
38061	1
1717	1
55957	1
60202	1
9426	1
74405	1
74405	1
55575	1
53223	1
45294	1
30605	1
30372	1
74405	1
53113	1
1250	1
27470	1
97005	1
84227	1
6288	1
69724	1
73062	1
90003	1
74405	1
63862	1
77849	1
87728	1
74405	1
96424	1
66738	1
16769	1
51708	1
39620	1
29928	1
72846	1
95587	1
36502	1
74864	1
63814	1
74405	1
72846	1
77021	1
33573	1
6178	1
53223	1
60544	1
53223	1
59918	1
45746	1
36502	1
80535	1
37673	1
55932	1
47093	1
74405	1
24458	1
84996	1
5667	1
74405	1
84996	1
53223	1
98051	1
85212	1
53223	1
72846	1
48515	1
65919	1
15835	1
70403	1
9890	1
42192	1
46969	1
6288	1
48652	1
9018	1
18612	1
94028	1
3144	1
53223	1
73529	1
60005	1
58006	1
74405	1
53223	1
79464	1
21340	1
27470	1
79192	1
75964	1
74405	1
51847	1
63814	1
16769	1
13234	1
25911	1
48735	1
76032	1
69834	1
34858	1
45609	1
2807	1
74405	1
52096	1
84996	1
63814	1
26852	1
39616	1
77633	1
53223	1
33372	1
16879	1
27360	1
74405	1
53223	1
48652	1
98149	1
92897	1
74405	1
69719	1
80967	1
78293	1
62035	1
95587	1
62145	1
6178	1
89590	1
25004	1
2564	1
36718	1
1717	1
29712	1
53223	1
63814	1
84255	1
91016	1
15069	1
24176	1
63814	1
73577	1
28974	1
92577	1
53223	1
16879	1
97684	1
53223	1
63814	1
62145	1
74405	1
13230	1
81735	1
81297	1
69834	1
74405	1
48652	1
31491	1
88981	1
71719	1
78316	1
27682	1
74405	1
63814	1
79296	1
87051	1
97146	1
951	1
66077	1
74405	1
27360	1
61508	1
36141	1
22536	1
72043	1
77633	1
59645	1
95587	1
78069	1
31655	1
41672	1
95654	1
19275	1
16769	1
53223	1
16769	1
53223	1
41505	1
89567	1
74405	1
74405	1
84996	1
84996	1
74405	1
33129	1
84996	1
73062	1
51880	1
12831	1
95548	1
56881	1
1717	1
83869	1
95587	1
45834	1
16769	1
74405	1
74405	1
76624	1
63814	1
62907	1
1958	1
86119	1
15210	1
63814	1
95587	1
43971	1
20896	1
87097	1
22106	1
63814	1
87097	1
88348	1
93320	1
35375	1
19397	1
6888	1
87417	1
63814	1
80425	1
74405	1
91016	1
3602	1
93231	1
36248	1
8279	1
50431	1
81085	1
61775	1
84174	1
1717	1
68817	1
64852	1
16769	1
83867	1
59377	1
19997	1
20543	1
78866	1
45449	1
42848	1
9622	1
1717	1
68773	1
42979	1
91126	1
21118	1
80261	1
90612	1
71290	1
81658	1
59785	1
74405	1
26202	1
33490	1
71393	1
36392	1
64906	1
80535	1
97903	1
61128	1
79082	1
45746	1
63814	1
80425	1
48864	1
40739	1
82859	1
27470	1
127	1
10583	1
91126	1
16879	1
24898	1
95587	1
92249	1
46983	1
21536	1
68022	1
81334	1
52999	1
47147	1
84996	1
37617	1
63052	1
53223	1
18675	1
622	1
74405	1
9365	1
95587	1
74405	1
77602	1
33600	1
18764	1
22108	1
63814	1
81343	1
53223	1
9670	1
95587	1
91342	1
41289	1
30092	1
74405	1
42408	1
1522	1
59459	1
6288	1
18653	1
14087	1
41179	1
4957	1
71420	1
60989	1
97472	1
36001	1
54574	1
84996	1
80425	1
49771	1
36282	1
57684	1
63814	1
75964	1
34323	1
49775	1
46400	1
63814	1
97338	1
21446	1
36392	1
16769	1
30343	1
65373	1
69944	1
98486	1
50321	1
16769	1
74405	1
82744	1
14629	1
63814	1
48652	1
77963	1
16769	1
6178	1
93231	1
43531	1
63814	1
27360	1
74405	1
79020	1
26920	1
46433	1
77087	1
74405	1
27151	1
24749	1
21823	1
297	1
7847	1
16769	1
1366	1
80425	1
84996	1
18287	1
94244	1
58230	1
91016	1
53765	1
90107	1
71981	1
95677	1
2043	1
53867	1
53223	1
41370	1
700	1
96710	1
84996	1
74405	1
3674	1
10099	1
23115	1
73948	1
83307	1
9022	1
18282	1
26127	1
21666	1
82970	1
38061	1
44654	1
64956	1
63324	1
3469	1
16769	1
86881	1
84996	1
39176	1
47309	1
25913	1
13782	1
38061	1
68807	1
74405	1
95587	1
12308	1
74405	1
34864	1
74405	1
62145	1
53223	1
49418	1
74405	1
85978	1
59243	1
20457	1
22899	1
71912	1
84996	1
9406	1
74405	1
74405	1
54338	1
34362	1
27360	1
16769	1
27360	1
47733	1
58419	1
74405	1
7737	1
71613	1
81632	1
48719	1
99938	1
84996	1
58010	1
60503	1
22106	1
5161	1
68491	1
84972	1
38304	1
86555	1
60341	1
66483	1
31711	1
86069	1
16769	1
1088	1
16879	1
21191	1
10749	1
74405	1
78949	1
59785	1
95587	1
74405	1
63814	1
84936	1
78509	1
13082	1
39366	1
20134	1
74405	1
40963	1
69834	1
77523	1
76154	1
27470	1
3245	1
29029	1
15652	1
74405	1
9242	1
74405	1
65988	1
16879	1
65915	1
35049	1
53439	1
88769	1
67038	1
53655	1
98815	1
53223	1
58010	1
34273	1
32822	1
79082	1
31377	1
61048	1
53223	1
51089	1
63814	1
7737	1
48428	1
74405	1
84996	1
53223	1
83657	1
48652	1
46709	1
71719	1
63814	1
81957	1
38057	1
43028	1
11783	1
88936	1
40202	1
2213	1
21120	1
75144	1
25197	1
71951	1
33843	1
66661	1
92317	1
38061	1
1717	1
95587	1
74405	1
84720	1
28122	1
47309	1
27360	1
68051	1
6288	1
59569	1
80535	1
94028	1
15284	1
29920	1
97146	1
44820	1
72736	1
158	1
73948	1
26085	1
5870	1
20873	1
62770	1
11193	1
88004	1
9622	1
41233	1
65373	1
95587	1
27470	1
91657	1
43724	1
16769	1
79192	1
27470	1
78262	1
74405	1
8567	1
62782	1
53223	1
51880	1
74405	1
16775	1
23198	1
74405	1
95587	1
74405	1
54782	1
6288	1
84996	1
1717	1
26235	1
7243	1
22899	1
18438	1
55816	1
9626	1
34443	1
59733	1
37378	1
20213	1
84996	1
31621	1
84776	1
27360	1
74405	1
91919	1
6919	1
22376	1
34059	1
69944	1
80645	1
15741	1
29712	1
18166	1
34607	1
5927	1
98896	1
31267	1
41042	1
5549	1
70146	1
18654	1
16769	1
92409	1
42628	1
88144	1
84996	1
20057	1
74405	1
74405	1
21556	1
91699	1
63814	1
80425	1
54641	1
74405	1
91016	1
53223	1
68275	1
30476	1
95587	1
49026	1
84996	1
98815	1
92905	1
45613	1
27306	1
16769	1
84996	1
82565	1
59243	1
72429	1
49543	1
54778	1
97146	1
74405	1
63484	1
84996	1
84996	1
61591	1
17315	1
70486	1
84996	1
62145	1
42117	1
74405	1
38061	1
91540	1
71360	1
29135	1
16879	1
64246	1
26127	1
22899	1
67289	1
53223	1
53223	1
53223	1
27360	1
88332	1
6178	1
50375	1
60908	1
62255	1
85692	1
29766	1
89468	1
91558	1
69944	1
58010	1
86341	1
51050	1
43178	1
53271	1
74405	1
22899	1
35049	1
44106	1
18031	1
18827	1
53223	1
65373	1
93308	1
1960	1
32300	1
80535	1
19997	1
20213	1
59243	1
53223	1
53223	1
28151	1
4619	1
57240	1
27360	1
7060	1
53886	1
53223	1
38667	1
16769	1
8860	1
1717	1
62145	1
84423	1
94051	1
53763	1
16879	1
33453	1
74405	1
54319	1
85623	1
84996	1
80425	1
63814	1
81735	1
87566	1
43798	1
66926	1
95587	1
49040	1
21039	1
74405	1
74405	1
19997	1
27360	1
80535	1
74405	1
59243	1
83437	1
23119	1
72736	1
53223	1
59569	1
53223	1
72280	1
63646	1
82534	1
53223	1
11241	1
88224	1
374	1
95587	1
53223	1
71935	1
78181	1
38061	1
25801	1
53015	1
37885	1
70320	1
27360	1
84996	1
17182	1
53223	1
88224	1
44328	1
80095	1
85652	1
46312	1
39537	1
8067	1
9190	1
97449	1
67238	1
94707	1
80535	1
53223	1
53223	1
36502	1
33490	1
95371	1
86524	1
15426	1
10261	1
74405	1
45781	1
43201	1
60501	1
61934	1
21911	1
16769	1
27030	1
14994	1
84996	1
69944	1
53113	1
34864	1
70160	1
24944	1
51880	1
27360	1
11307	1
87698	1
74405	1
28620	1
76506	1
3786	1
55654	1
21662	1
84996	1
48	1
78364	1
24898	1
97472	1
51450	1
53223	1
21116	1
74405	1
72132	1
74405	1
63814	1
35732	1
74405	1
80751	1
45204	1
72966	1
63814	1
97036	1
63814	1
33380	1
84996	1
89818	1
20323	1
15899	1
6288	1
1690	1
68491	1
31707	1
81411	1
32514	1
77633	1
67370	1
19561	1
53223	1
62145	1
47529	1
61242	1
63814	1
16769	1
84996	1
94790	1
76508	1
74405	1
29712	1
58855	1
6178	1
74405	1
53113	1
74405	1
80425	1
38061	1
1960	1
31958	1
54782	1
27607	1
22106	1
17950	1
84996	1
29991	1
91126	1
72263	1
59243	1
1717	1
84996	1
89127	1
51656	1
13267	1
91205	1
59004	1
53223	1
1746	1
80535	1
84996	1
33490	1
74405	1
50321	1
7801	1
47093	1
74405	1
45474	1
51554	1
10361	1
58992	1
53223	1
94134	1
88498	1
56181	1
74190	1
88114	1
26127	1
97256	1
95587	1
35838	1
51581	1
87709	1
95587	1
99994	1
34032	1
73062	1
57900	1
53223	1
35159	1
52783	1
88055	1
47735	1
27360	1
84996	1
48652	1
33845	1
51770	1
95587	1
44706	1
71428	1
27360	1
8779	1
29355	1
16879	1
68601	1
45530	1
65541	1
58953	1
74405	1
23704	1
16879	1
34287	1
16140	1
2703	1
53223	1
74405	1
63814	1
84996	1
74405	1
74405	1
38061	1
3716	1
24190	1
46485	1
91016	1
2176	1
74405	1
14000	1
27470	1
94028	1
89783	1
54016	1
84996	1
4835	1
74405	1
13294	1
16769	1
53223	1
25911	1
83059	1
84996	1
91126	1
35838	1
57856	1
36934	1
40826	1
51554	1
72516	1
50211	1
18538	1
65477	1
40963	1
6178	1
84996	1
47525	1
74405	1
21340	1
20597	1
10703	1
40406	1
44191	1
24545	1
74405	1
33490	1
83860	1
69944	1
30914	1
63814	1
65200	1
93619	1
89457	1
4945	1
65118	1
70486	1
16769	1
79491	1
94356	1
72736	1
44147	1
53223	1
84953	1
61655	1
71236	1
83749	1
92714	1
16879	1
57491	1
44191	1
54997	1
1717	1
16769	1
69560	1
42187	1
50537	1
35049	1
62145	1
91236	1
43228	1
77737	1
94383	1
63814	1
84340	1
16852	1
53223	1
53279	1
9732	1
74405	1
37375	1
84996	1
65699	1
37445	1
83107	1
66056	1
77633	1
84996	1
78866	1
84996	1
33816	1
74621	1
61128	1
16769	1
22735	1
79535	1
16769	1
9512	1
39180	1
41725	1
37592	1
6178	1
29355	1
50211	1
70376	1
53223	1
56810	1
95587	1
45229	1
74405	1
16769	1
26127	1
20410	1
41251	1
32147	1
50730	1
17043	1
67727	1
74405	1
68410	1
40963	1
97235	1
25303	1
65053	1
40714	1
95587	1
73278	1
63814	1
19781	1
38605	1
95587	1
53223	1
5101	1
69834	1
88224	1
36718	1
61049	1
74405	1
49071	1
72516	1
54039	1
73884	1
95587	1
25251	1
21701	1
16769	1
64246	1
84996	1
10745	1
74405	1
31028	1
4945	1
95587	1
76672	1
6191	1
86775	1
71935	1
86285	1
57684	1
27470	1
90439	1
65593	1
86555	1
84996	1
27360	1
80535	1
92901	1
95587	1
95587	1
57684	1
74405	1
92756	1
65865	1
63814	1
63814	1
96461	1
74405	1
16879	1
74405	1
1717	1
47309	1
96569	1
47629	1
53223	1
84996	1
19781	1
54299	1
82002	1
34831	1
38497	1
74405	1
27831	1
90878	1
63814	1
16769	1
7737	1
54782	1
57983	1
34723	1
27470	1
27109	1
65889	1
84996	1
49418	1
90109	1
38061	1
38061	1
48652	1
45204	1
74405	1
44191	1
6288	1
27360	1
84996	1
72846	1
60945	1
15210	1
74899	1
85243	1
36167	1
40523	1
57455	1
80998	1
65259	1
16879	1
33376	1
84996	1
87732	1
92685	1
84996	1
82119	1
75067	1
2479	1
10749	1
84996	1
88197	1
57900	1
34899	1
58938	1
63814	1
42522	1
1717	1
51440	1
74405	1
72171	1
60032	1
16769	1
20437	1
95054	1
374	1
84996	1
89590	1
31541	1
31656	1
74405	1
43591	1
44191	1
12308	1
54782	1
38061	1
18434	1
15496	1
47093	1
31275	1
10417	1
73900	1
69834	1
63814	1
74405	1
9873	1
44567	1
12654	1
74405	1
74405	1
40382	1
51554	1
95766	1
68491	1
63814	1
39184	1
73749	1
74405	1
53113	1
99814	1
78866	1
63814	1
57103	1
48652	1
30835	1
49391	1
95587	1
16879	1
63814	1
57217	1
74405	1
44081	1
69583	1
63814	1
69473	1
95913	1
89567	1
51690	1
74405	1
72626	1
27793	1
29029	1
35622	1
16769	1
64717	1
12308	1
71719	1
2840	1
86555	1
63814	1
53223	1
85887	1
14585	1
70496	1
17099	1
7203	1
86252	1
590	1
16769	1
48845	1
39394	1
84996	1
53223	1
53223	1
53223	1
11998	1
65126	1
24022	1
74405	1
68354	1
30211	1
67417	1
33816	1
69095	1
74405	1
25801	1
84996	1
48652	1
84996	1
74405	1
1744	1
59590	1
59243	1
92974	1
31331	1
88467	1
15040	1
27360	1
74405	1
63814	1
20657	1
45698	1
62448	1
30785	1
95290	1
88035	1
13867	1
76290	1
84996	1
84089	1
62145	1
68491	1
74405	1
99608	1
58909	1
12414	1
15951	1
60794	1
72296	1
27360	1
9703	1
44191	1
74405	1
8157	1
78866	1
48652	1
24732	1
79325	1
53845	1
35819	1
60829	1
43963	1
41397	1
74405	1
47722	1
68601	1
57543	1
13867	1
90390	1
74405	1
1717	1
78949	1
56420	1
63814	1
14712	1
27360	1
16769	1
86063	1
6178	1
38061	1
95587	1
21666	1
94024	1
71723	1
91016	1
81737	1
69884	1
44191	1
74405	1
38061	1
96820	1
53223	1
37947	1
41034	1
54419	1
85542	1
73058	1
74405	1
3175	1
41399	1
33592	1
70089	1
58510	1
31064	1
70982	1
84996	1
71719	1
74405	1
74405	1
79652	1
40959	1
88224	1
67260	1
63814	1
54143	1
7739	1
94811	1
63814	1
12308	1
3299	1
75329	1
63704	1
64030	1
9186	1
7847	1
74405	1
86802	1
14447	1
36546	1
6178	1
22899	1
74405	1
53223	1
84101	1
64329	1
20759	1
38061	1
33816	1
29249	1
31354	1
95587	1
27470	1
56227	1
14739	1
47172	1
27603	1
74405	1
84996	1
9190	1
75964	1
38061	1
84317	1
26727	1
22814	1
6318	1
84052	1
33380	1
33133	1
6288	1
20169	1
65373	1
10749	1
82800	1
4698	1
94276	1
2213	1
50660	1
16769	1
69834	1
84996	1
86541	1
45910	1
43971	1
25687	1
27470	1
98207	1
51828	1
27360	1
66135	1
74405	1
94354	1
25687	1
38706	1
87678	1
90047	1
74405	1
35918	1
16769	1
63814	1
60119	1
20680	1
38001	1
18218	1
26127	1
98591	1
13074	1
63814	1
74405	1
80425	1
72555	1
14247	1
16769	1
48735	1
71393	1
16879	1
6178	1
27360	1
67015	1
74405	1
84996	1
69724	1
65118	1
16769	1
48402	1
67023	1
84996	1
27470	1
71858	1
59243	1
97032	1
53223	1
55808	1
91016	1
88258	1
53113	1
2620	1
80784	1
74405	1
54861	1
75167	1
27470	1
83437	1
15210	1
27360	1
8970	1
38061	1
24201	1
25371	1
16495	1
28122	1
74405	1
74405	1
62631	1
58743	1
92608	1
97719	1
63507	1
60582	1
72979	1
95587	1
72736	1
74405	1
66959	1
46983	1
82310	1
59243	1
74405	1
59243	1
36661	1
47093	1
65915	1
91016	1
37729	1
96789	1
68275	1
59845	1
30368	1
53223	1
84996	1
84996	1
93447	1
71719	1
38717	1
84996	1
7895	1
21340	1
38061	1
62471	1
91016	1
74405	1
62924	1
27470	1
65373	1
5161	1
1777	1
10143	1
16879	1
77853	1
6178	1
50180	1
71939	1
88979	1
33490	1
16528	1
54269	1
48652	1
97217	1
84996	1
26199	1
11895	1
20991	1
74405	1
63814	1
94654	1
74405	1
42852	1
80425	1
39315	1
78312	1
38991	1
74405	1
84996	1
37114	1
15316	1
67430	1
95010	1
84996	1
38277	1
951	1
53223	1
11652	1
10716	1
27360	1
4482	1
14278	1
30395	1
84996	1
14193	1
7847	1
65699	1
53223	1
94570	1
37453	1
2400	1
93781	1
75771	1
30997	1
90935	1
29029	1
85459	1
79082	1
99429	1
74405	1
27902	1
10705	1
51220	1
54185	1
73438	1
60744	1
7054	1
16769	1
84996	1
42628	1
15812	1
14990	1
60009	1
89619	1
57464	1
28012	1
60222	1
60912	1
76180	1
55222	1
55222	1
50321	1
63132	1
16879	1
42174	1
80531	1
59243	1
25608	1
96785	1
59243	1
374	1
74405	1
78993	1
70297	1
94790	1
84996	1
80095	1
6288	1
25010	1
48	1
74405	1
84552	1
80425	1
27163	1
44301	1
74405	1
14485	1
70648	1
59243	1
74405	1
85822	1
64929	1
38061	1
47413	1
24338	1
74405	1
30914	1
54762	1
95587	1
13946	1
19970	1
6504	1
80425	1
38061	1
60937	1
70918	1
34032	1
95587	1
31931	1
6178	1
22243	1
79049	1
88930	1
74405	1
87784	1
10749	1
87429	1
39867	1
27360	1
94859	1
10095	1
6178	1
12964	1
8104	1
20844	1
64356	1
5985	1
29097	1
74405	1
88002	1
44243	1
81077	1
18764	1
55654	1
4874	1
92197	1
63814	1
16769	1
82094	1
44660	1
25289	1
68275	1
98815	1
63231	1
3994	1
3602	1
73380	1
40010	1
3382	1
59243	1
43427	1
83790	1
74405	1
53223	1
35375	1
80545	1
74405	1
74405	1
38569	1
49771	1
24022	1
2259	1
84996	1
58631	1
97449	1
33104	1
16435	1
63814	1
15920	1
66372	1
9458	1
89779	1
918	1
27470	1
15258	1
91016	1
35763	1
85459	1
8420	1
4945	1
27360	1
13396	1
63814	1
3245	1
48652	1
46381	1
9406	1
38312	1
1717	1
6367	1
20900	1
30694	1
74405	1
40033	1
63814	1
22899	1
94788	1
84120	1
181	1
27470	1
53223	1
16030	1
5518	1
40963	1
93988	1
74405	1
73058	1
54355	1
37596	1
17	1
53223	1
6178	1
68817	1
70959	1
38061	1
63814	1
30719	1
85212	1
52437	1
84199	1
29351	1
33490	1
97981	1
28857	1
7847	1
66388	1
13647	1
91126	1
8391	1
88197	1
74405	1
71798	1
2043	1
45968	1
62145	1
62145	1
75964	1
19781	1
63567	1
16879	1
4042	1
84996	1
99608	1
78586	1
78538	1
16769	1
84996	1
98372	1
26347	1
14193	1
43784	1
41941	1
15972	1
74405	1
16769	1
41968	1
47093	1
74405	1
53926	1
31990	1
73062	1
82694	1
63814	1
49717	1
51878	1
19997	1
63040	1
74405	1
6288	1
84996	1
54782	1
32280	1
79192	1
23630	1
75613	1
74405	1
63814	1
70856	1
63814	1
34032	1
16103	1
65915	1
40843	1
10141	1
55222	1
74405	1
10550	1
82181	1
87672	1
80535	1
27360	1
48507	1
53765	1
30590	1
81814	1
80535	1
52806	1
47471	1
53223	1
63594	1
25801	1
53439	1
84996	1
22899	1
74405	1
92247	1
75637	1
52592	1
68275	1
99494	1
82663	1
40440	1
6178	1
91973	1
73922	1
29216	1
93011	1
53223	1
84996	1
7737	1
90667	1
52399	1
36417	1
97252	1
81125	1
25714	1
89123	1
12308	1
23005	1
84996	1
27360	1
6178	1
91126	1
59789	1
74405	1
53439	1
19231	1
66332	1
74621	1
24678	1
89567	1
8829	1
63814	1
48342	1
74405	1
80535	1
28043	1
53686	1
72294	1
37050	1
49991	1
7737	1
83653	1
9709	1
41509	1
27360	1
48652	1
71283	1
95062	1
18214	1
28946	1
53223	1
65686	1
57900	1
55764	1
31350	1
84996	1
74405	1
64030	1
16879	1
91126	1
74405	1
30478	1
74405	1
87065	1
75088	1
54099	1
16879	1
96730	1
34903	1
84996	1
74625	1
20217	1
16769	1
56561	1
74405	1
27470	1
18390	1
74405	1
8704	1
97476	1
7737	1
47965	1
19808	1
63486	1
49441	1
1717	1
87529	1
60009	1
44561	1
97795	1
11291	1
39726	1
84996	1
53223	1
71123	1
72836	1
9269	1
7847	1
28508	1
80425	1
53223	1
27360	1
44191	1
41289	1
53223	1
84996	1
12308	1
38607	1
27360	1
16769	1
64090	1
63814	1
48978	1
69834	1
1030	1
31931	1
65809	1
2813	1
38061	1
74405	1
56667	1
79089	1
39400	1
63814	1
13277	1
51440	1
6178	1
45750	1
73062	1
72680	1
83232	1
6178	1
16275	1
33600	1
61755	1
27470	1
27360	1
1717	1
84996	1
74405	1
39184	1
74405	1
3660	1
84996	1
95587	1
13912	1
51085	1
84996	1
75964	1
12634	1
81274	1
35952	1
72906	1
27360	1
3403	1
66156	1
63451	1
8860	1
22899	1
70023	1
38061	1
47093	1
6037	1
79522	1
84805	1
41289	1
72082	1
31579	1
23987	1
85102	1
74405	1
16769	1
69689	1
95587	1
63814	1
10388	1
44081	1
66932	1
83140	1
17087	1
158	1
82829	1
60301	1
40407	1
74405	1
63814	1
69724	1
48652	1
84996	1
74405	1
94354	1
44303	1
62608	1
18878	1
98591	1
76180	1
63802	1
78215	1
32257	1
608	1
74625	1
64493	1
92749	1
43141	1
59569	1
63814	1
51660	1
79198	1
88220	1
82735	1
19094	1
91321	1
80425	1
72846	1
54998	1
1717	1
13074	1
44106	1
69944	1
48104	1
12680	1
33600	1
27470	1
98211	1
72659	1
78021	1
74405	1
29552	1
85212	1
53113	1
44191	1
75964	1
24784	1
38061	1
62145	1
84996	1
1057	1
6178	1
88114	1
83437	1
65840	1
55222	1
77228	1
13103	1
29965	1
59243	1
96349	1
1796	1
65589	1
62145	1
68767	1
74405	1
89567	1
74405	1
53223	1
23335	1
34418	1
53223	1
40225	1
80425	1
2033	1
58685	1
42844	1
64356	1
54782	1
63814	1
54782	1
22899	1
53765	1
53223	1
80535	1
6288	1
33760	1
36502	1
15426	1
89999	1
87101	1
94732	1
68630	1
97688	1
12088	1
39807	1
74405	1
74405	1
19972	1
53223	1
59463	1
9350	1
20983	1
53223	1
50238	1
95317	1
55370	1
6178	1
85322	1
99938	1
5902	1
54755	1
51554	1
74405	1
57707	1
57879	1
54873	1
75740	1
74405	1
10749	1
25718	1
91126	1
47357	1
53223	1
48837	1
91861	1
62769	1
91126	1
28122	1
69417	1
90047	1
2454	1
63814	1
89567	1
93011	1
480	1
33679	1
74405	1
84996	1
86555	1
84996	1
56341	1
1717	1
91126	1
26969	1
27470	1
71935	1
37374	1
80535	1
74405	1
97491	1
23621	1
2221	1
6178	1
95834	1
74405	1
9190	1
74405	1
65699	1
7384	1
37542	1
3276	1
33380	1
91865	1
95587	1
4619	1
30928	1
16769	1
10066	1
29091	1
15096	1
9599	1
94819	1
84996	1
53233	1
46047	1
53223	1
29920	1
62259	1
65373	1
63814	1
36855	1
74405	1
16769	1
14629	1
16769	1
95803	1
54016	1
85375	1
6857	1
73062	1
3602	1
44081	1
16879	1
44081	1
74405	1
63814	1
84996	1
2259	1
74860	1
22785	1
91624	1
12524	1
16769	1
31626	1
97900	1
35921	1
74405	1
48652	1
3114	1
47716	1
80369	1
10965	1
84996	1
20208	1
57684	1
9705	1
74405	1
38061	1
60744	1
56181	1
48	1
16879	1
43632	1
8004	1
1717	1
62280	1
74405	1
58010	1
84996	1
69614	1
36718	1
25608	1
59243	1
73309	1
26590	1
53223	1
53250	1
63814	1
84996	1
56557	1
35574	1
84996	1
3048	1
57665	1
48652	1
95147	1
18461	1
38061	1
87757	1
63814	1
38061	1
52210	1
27030	1
58998	1
68491	1
44627	1
84996	1
75061	1
70850	1
73168	1
56341	1
44191	1
56557	1
59173	1
73199	1
52540	1
3795	1
5454	1
57240	1
6037	1
50321	1
42192	1
814	1
68275	1
84996	1
44081	1
29058	1
44081	1
54332	1
84996	1
63814	1
84996	1
92438	1
53223	1
6178	1
74405	1
6504	1
53113	1
92999	1
44081	1
84996	1
68275	1
85322	1
74405	1
53223	1
53875	1
44191	1
74405	1
98236	1
62145	1
7737	1
41399	1
75964	1
84996	1
84996	1
9622	1
84996	1
27360	1
91481	1
25031	1
9512	1
6504	1
10749	1
4835	1
27360	1
81791	1
84996	1
46304	1
47399	1
78725	1
39400	1
11405	1
21340	1
36718	1
88824	1
88114	1
56959	1
94658	1
91016	1
53223	1
21243	1
80425	1
86194	1
68821	1
54782	1
52783	1
43537	1
27360	1
7023	1
6288	1
83525	1
78906	1
94491	1
39946	1
3276	1
4395	1
91558	1
84120	1
18386	1
74405	1
71723	1
44631	1
13585	1
53223	1
37538	1
68275	1
86881	1
53223	1
66768	1
95587	1
74405	1
1937	1
46983	1
94028	1
89693	1
14457	1
77633	1
29135	1
44627	1
30372	1
79571	1
24568	1
16879	1
28753	1
17234	1
20572	1
90360	1
74405	1
44081	1
97146	1
82337	1
89152	1
16879	1
99938	1
84996	1
95807	1
87940	1
80535	1
27360	1
95587	1
57632	1
62096	1
62907	1
27605	1
83381	1
32101	1
69630	1
94028	1
30588	1
95552	1
29029	1
75964	1
71997	1
8279	1
26347	1
50458	1
93748	1
58550	1
88625	1
6178	1
59243	1
793	1
91126	1
84996	1
16769	1
44535	1
56584	1
91016	1
95913	1
53223	1
84996	1
74405	1
94028	1
92976	1
62595	1
98375	1
27360	1
68900	1
15764	1
53223	1
4050	1
53223	1
77849	1
48	1
97146	1
16879	1
19721	1
63814	1
11648	1
30372	1
72406	1
39703	1
50211	1
56746	1
84996	1
11652	1
26343	1
9406	1
84996	1
71947	1
81075	1
68448	1
57684	1
77523	1
81874	1
74277	1
94028	1
51361	1
84996	1
16879	1
63814	1
67673	1
48652	1
54334	1
74405	1
74405	1
63931	1
76722	1
80755	1
74405	1
10749	1
86268	1
48626	1
16769	1
75221	1
95587	1
33816	1
69834	1
25911	1
6178	1
59243	1
59243	1
2356	1
28012	1
71833	1
98882	1
84996	1
27470	1
55222	1
65699	1
70573	1
15210	1
48652	1
81548	1
75908	1
27360	1
62734	1
63291	1
74405	1
74405	1
84996	1
85235	1
16769	1
16879	1
84996	1
34999	1
73801	1
93694	1
63893	1
70785	1
95587	1
84996	1
36959	1
36225	1
46983	1
63941	1
34142	1
65012	1
16769	1
56388	1
61128	1
15316	1
97005	1
70552	1
59243	1
47188	1
99242	1
6178	1
80859	1
63814	1
38061	1
84996	1
74405	1
79082	1
64236	1
95587	1
16769	1
88114	1
18654	1
74405	1
67675	1
95587	1
11376	1
77656	1
53223	1
75964	1
1744	1
27902	1
94244	1
58208	1
1690	1
59243	1
62508	1
9213	1
38061	1
77633	1
98759	1
56895	1
27360	1
16879	1
27470	1
26347	1
70376	1
52069	1
74405	1
69309	1
69745	1
56291	1
29029	1
23441	1
48901	1
13782	1
59461	1
79725	1
84996	1
37955	1
74405	1
4619	1
19997	1
84682	1
88413	1
87097	1
21722	1
74405	1
44705	1
27360	1
62145	1
84996	1
51973	1
74405	1
51880	1
48652	1
95587	1
34935	1
700	1
6178	1
69284	1
53223	1
1744	1
98619	1
74405	1
63814	1
46519	1
53223	1
26127	1
7737	1
84996	1
84996	1
7743	1
70903	1
59243	1
7737	1
4619	1
52096	1
84199	1
47849	1
95587	1
89	1
3411	1
53223	1
54782	1
26287	1
49912	1
28444	1
99718	1
84996	1
27549	1
26140	1
53223	1
42302	1
59243	1
55351	1
4835	1
29465	1
55749	1
83979	1
6398	1
18878	1
13263	1
71613	1
2342	1
69204	1
88197	1
41831	1
48814	1
46983	1
74405	1
84996	1
78729	1
10967	1
87701	1
53223	1
18002	1
64312	1
84996	1
84996	1
80425	1
53223	1
84996	1
95807	1
84996	1
16769	1
8067	1
84996	1
75964	1
55764	1
54782	1
23885	1
29357	1
63783	1
40416	1
6500	1
74405	1
84996	1
12414	1
68275	1
97885	1
99403	1
6037	1
8063	1
84996	1
65373	1
60009	1
16140	1
9730	1
42881	1
69037	1
95226	1
76095	1
34229	1
74405	1
48978	1
53223	1
84996	1
97146	1
53223	1
16879	1
74214	1
74405	1
74405	1
91342	1
19781	1
5385	1
99911	1
1732	1
3845	1
74405	1
69095	1
18270	1
90985	1
53223	1
63814	1
30473	1
39437	1
75964	1
97472	1
63814	1
74405	1
29029	1
15536	1
74405	1
88986	1
63814	1
91668	1
67612	1
44301	1
94244	1
34631	1
44081	1
91178	1
39946	1
3056	1
72543	1
42839	1
15210	1
48652	1
58398	1
39946	1
9190	1
74405	1
52535	1
87678	1
88334	1
53223	1
92328	1
7544	1
88608	1
85881	1
8514	1
50730	1
44191	1
32861	1
26399	1
27470	1
74405	1
6178	1
84955	1
16769	1
94028	1
99475	1
463	1
26673	1
75235	1
64690	1
54002	1
61541	1
81590	1
82729	1
96706	1
20896	1
88959	1
53223	1
65452	1
43201	1
45854	1
80074	1
80425	1
84996	1
74405	1
73766	1
84996	1
69834	1
31931	1
74405	1
24568	1
93152	1
78262	1
59463	1
84662	1
80699	1
95119	1
74405	1
24784	1
91126	1
30644	1
74405	1
39317	1
48652	1
30914	1
63814	1
79852	1
78609	1
65373	1
65593	1
72021	1
33490	1
18874	1
65232	1
16769	1
93821	1
75051	1
19781	1
15125	1
29249	1
39620	1
26343	1
53223	1
14104	1
95587	1
74405	1
84996	1
81606	1
24217	1
80425	1
84996	1
59004	1
97117	1
10749	1
19042	1
27140	1
38061	1
21666	1
64182	1
53223	1
78866	1
38061	1
41179	1
28348	1
92141	1
74405	1
48652	1
69834	1
53113	1
74405	1
53223	1
1993	1
77218	1
97256	1
15947	1
62145	1
29712	1
74405	1
57684	1
56667	1
70376	1
44081	1
9456	1
26466	1
74405	1
47525	1
70270	1
7881	1
49555	1
1717	1
83653	1
96733	1
34636	1
60843	1
56667	1
39946	1
72076	1
16769	1
56777	1
74405	1
29232	1
72246	1
16735	1
75740	1
86555	1
27360	1
63814	1
11345	1
74405	1
74405	1
62145	1
1717	1
42302	1
63814	1
10282	1
84996	1
41194	1
74405	1
34472	1
63264	1
30372	1
95170	1
76510	1
36392	1
41042	1
29988	1
27470	1
48025	1
74405	1
83437	1
59700	1
84996	1
38061	1
66262	1
21097	1
6178	1
56997	1
65699	1
63383	1
63814	1
85976	1
27470	1
8372	1
48652	1
53223	1
91016	1
67665	1
22208	1
79504	1
13431	1
78866	1
84992	1
83281	1
9669	1
24568	1
33490	1
9846	1
88224	1
53223	1
20732	1
54170	1
74678	1
73282	1
6288	1
72626	1
12308	1
74405	1
56864	1
45038	1
35782	1
72846	1
45138	1
70434	1
71279	1
62436	1
5821	1
11864	1
98815	1
41289	1
74405	1
53223	1
85540	1
83105	1
37154	1
68568	1
74405	1
97472	1
35874	1
41505	1
63814	1
16879	1
16769	1
97384	1
46566	1
27360	1
35375	1
36689	1
67038	1
71393	1
75167	1
33600	1
63260	1
59243	1
79192	1
57103	1
14193	1
10594	1
74405	1
63814	1
32147	1
97092	1
50047	1
38061	1
53223	1
57900	1
42197	1
36718	1
74405	1
60445	1
74405	1
72774	1
16879	1
58226	1
69780	1
63814	1
84996	1
74405	1
75964	1
16769	1
84996	1
91126	1
16769	1
53223	1
22026	1
4619	1
74625	1
47781	1
70980	1
5161	1
82094	1
11291	1
74405	1
84996	1
74405	1
75964	1
53223	1
20900	1
65120	1
60802	1
86881	1
89896	1
15260	1
15210	1
93011	1
84996	1
6178	1
53439	1
54562	1
15017	1
55928	1
24564	1
41538	1
34748	1
89399	1
27360	1
97146	1
1717	1
29712	1
74915	1
20217	1
8829	1
20225	1
33953	1
74405	1
15426	1
69914	1
21550	1
59134	1
77555	1
57451	1
59569	1
27686	1
84996	1
69944	1
6178	1
51361	1
95587	1
27360	1
15536	1
74405	1
71613	1
70824	1
27470	1
53223	1
83653	1
11864	1
91263	1
11841	1
6830	1
9190	1
53223	1
84996	1
95951	1
53223	1
59189	1
79165	1
11432	1
41289	1
27360	1
48652	1
25608	1
23406	1
84996	1
74405	1
4835	1
60534	1
63814	1
74405	1
16879	1
57684	1
88178	1
10965	1
28263	1
45076	1
70047	1
44191	1
83076	1
39620	1
54234	1
60802	1
74405	1
95587	1
61896	1
75501	1
19781	1
44631	1
89457	1
91016	1
83929	1
72736	1
97190	1
87921	1
58396	1
6178	1
74405	1
53543	1
79082	1
53223	1
9545	1
10305	1
77523	1
29189	1
15536	1
25691	1
72736	1
53223	1
46983	1
74405	1
65236	1
98552	1
12308	1
53443	1
43097	1
75900	1
7847	1
86240	1
62828	1
84996	1
84996	1
28900	1
83873	1
32147	1
27470	1
37644	1
650	1
94028	1
84309	1
68601	1
16769	1
37727	1
72484	1
11102	1
95587	1
27470	1
48978	1
38061	1
24078	1
70573	1
85295	1
25687	1
73027	1
67626	1
74405	1
63814	1
26343	1
30588	1
12088	1
41289	1
74405	1
84996	1
1466	1
84996	1
79082	1
53223	1
74405	1
74405	1
7812	1
38061	1
59243	1
92681	1
40963	1
77633	1
10062	1
53223	1
29220	1
74405	1
16769	1
63814	1
72846	1
2259	1
84755	1
97688	1
97230	1
84992	1
83900	1
83307	1
27360	1
84996	1
7627	1
31813	1
97593	1
74405	1
74405	1
49417	1
63814	1
93945	1
74405	1
29465	1
6178	1
74405	1
28932	1
78474	1
16740	1
74405	1
67588	1
94244	1
64356	1
3466	1
84996	1
74405	1
46983	1
89783	1
37648	1
52783	1
99826	1
53223	1
17095	1
44191	1
74405	1
35269	1
95587	1
4395	1
19997	1
6284	1
58691	1
9450	1
42848	1
84996	1
64690	1
97146	1
74405	1
8158	1
86816	1
74405	1
9190	1
56341	1
63814	1
60252	1
82094	1
16769	1
57464	1
11014	1
46383	1
6288	1
81517	1
92897	1
29249	1
12308	1
68491	1
46665	1
95807	1
91016	1
91932	1
84996	1
62031	1
77853	1
77548	1
76811	1
25911	1
16111	1
14826	1
95587	1
13216	1
54782	1
80425	1
62145	1
74405	1
63522	1
53223	1
41289	1
27360	1
97472	1
39620	1
89293	1
59463	1
27360	1
66743	1
27360	1
74405	1
39620	1
13836	1
20520	1
53979	1
46983	1
53223	1
53223	1
94521	1
38061	1
4179	1
20213	1
19781	1
6178	1
69834	1
74405	1
51392	1
42356	1
95587	1
74405	1
53223	1
54394	1
71279	1
36172	1
45401	1
4804	1
21556	1
74405	1
10066	1
11291	1
42844	1
82310	1
45146	1
56949	1
27686	1
27470	1
84996	1
30692	1
23115	1
44081	1
84996	1
38525	1
6178	1
74405	1
8829	1
53223	1
95055	1
73168	1
84996	1
27742	1
14656	1
44081	1
72487	1
84996	1
84996	1
237	1
23665	1
27360	1
92190	1
80535	1
54998	1
8013	1
36010	1
82582	1
34499	1
53223	1
88440	1
27917	1
63280	1
42163	1
5110	1
74405	1
44081	1
45399	1
65485	1
77891	1
17095	1
84996	1
43888	1
50321	1
93507	1
75964	1
48652	1
91509	1
63980	1
86555	1
6288	1
85376	1
52013	1
95587	1
99577	1
74405	1
43911	1
38061	1
95587	1
41179	1
86555	1
4706	1
71036	1
8063	1
94377	1
84996	1
17045	1
54790	1
94873	1
56360	1
56040	1
88334	1
66496	1
61680	1
86555	1
77523	1
16825	1
74405	1
10698	1
49655	1
81934	1
74405	1
18017	1
22949	1
44627	1
89750	1
80296	1
91122	1
53223	1
74405	1
31761	1
88010	1
74405	1
74405	1
74405	1
74405	1
3766	1
97146	1
84996	1
60661	1
45314	1
4866	1
59027	1
88220	1
74405	1
6178	1
86480	1
40963	1
4619	1
83437	1
56314	1
6178	1
54782	1
81473	1
31310	1
95587	1
9732	1
47996	1
69284	1
77145	1
45474	1
48652	1
53223	1
53223	1
74405	1
6178	1
89572	1
47876	1
868	1
69834	1
3527	1
40963	1
63814	1
6284	1
74405	1
74405	1
63814	1
35457	1
84996	1
55032	1
84720	1
53223	1
53906	1
84996	1
84214	1
36502	1
42198	1
62035	1
74405	1
92685	1
60453	1
3932	1
74405	1
74405	1
20275	1
53223	1
84996	1
95587	1
32473	1
53223	1
91016	1
65643	1
82894	1
87024	1
24050	1
63814	1
16769	1
19781	1
54782	1
16769	1
63814	1
15210	1
89567	1
53223	1
84996	1
86964	1
27360	1
5202	1
53223	1
74405	1
60202	1
84996	1
45310	1
61788	1
59243	1
17909	1
58000	1
47635	1
53223	1
53223	1
14710	1
25687	1
75825	1
53250	1
74405	1
44081	1
67835	1
29469	1
74405	1
74405	1
74405	1
16879	1
55324	1
74405	1
79537	1
30588	1
43261	1
53443	1
36718	1
42053	1
74405	1
27470	1
65373	1
69834	1
95587	1
22899	1
84996	1
53223	1
29056	1
22405	1
53223	1
38497	1
16769	1
66785	1
6178	1
46873	1
29355	1
45613	1
37966	1
12425	1
63704	1
75696	1
21223	1
27360	1
17311	1
35367	1
25720	1
10965	1
88440	1
59569	1
5401	1
74405	1
13479	1
72155	1
80535	1
88579	1
74405	1
16769	1
12472	1
78646	1
36282	1
6178	1
3492	1
94194	1
77172	1
75394	1
74405	1
92901	1
47037	1
80612	1
6288	1
95587	1
36498	1
91126	1
91794	1
60912	1
74405	1
71393	1
97472	1
74405	1
48571	1
53223	1
74405	1
61568	1
74405	1
51264	1
40113	1
74405	1
15426	1
63814	1
16769	1
1485	1
39282	1
52592	1
87935	1
91126	1
50510	1
29013	1
58008	1
8055	1
12823	1
9406	1
26727	1
74405	1
53223	1
99145	1
30125	1
19963	1
94244	1
16879	1
94187	1
61024	1
21855	1
5138	1
47093	1
44081	1
35676	1
55324	1
78945	1
80425	1
15426	1
57483	1
27360	1
53985	1
80751	1
54782	1
43084	1
13977	1
74405	1
370	1
33490	1
18492	1
16769	1
71503	1
47855	1
81762	1
62687	1
39738	1
55112	1
57408	1
11235	1
86935	1
21911	1
50211	1
27360	1
46076	1
98925	1
59679	1
88440	1
59816	1
7737	1
47774	1
84996	1
61128	1
73641	1
40342	1
72821	1
42522	1
67403	1
78382	1
44081	1
54205	1
14087	1
96569	1
16879	1
1933	1
89615	1
38831	1
36392	1
33864	1
74405	1
53223	1
68877	1
42985	1
74405	1
51770	1
45274	1
27360	1
44955	1
35965	1
19654	1
63784	1
95587	1
64272	1
71996	1
66131	1
84996	1
61705	1
23098	1
12308	1
51413	1
84805	1
74405	1
30750	1
26119	1
6178	1
38061	1
92083	1
84996	1
84996	1
82420	1
91558	1
16769	1
53113	1
47336	1
51554	1
59243	1
84996	1
4395	1
74405	1
85390	1
8658	1
45609	1
91053	1
44490	1
6178	1
18002	1
71368	1
29081	1
74405	1
80425	1
93121	1
64630	1
53223	1
84996	1
12308	1
61429	1
84996	1
25801	1
44191	1
10749	1
45966	1
36934	1
30152	1
68295	1
69066	1
52619	1
87317	1
14990	1
50060	1
1717	1
11511	1
71999	1
42844	1
84996	1
77633	1
57280	1
71119	1
15752	1
51554	1
53223	1
88498	1
20103	1
62255	1
154	1
6288	1
74405	1
39616	1
39994	1
84996	1
95587	1
74405	1
59243	1
13234	1
8067	1
5705	1
84996	1
30372	1
48376	1
23115	1
84996	1
27360	1
558	1
53223	1
22322	1
54668	1
28705	1
74405	1
25911	1
95587	1
69504	1
44191	1
6288	1
80388	1
48918	1
56476	1
22899	1
74405	1
3002	1
5165	1
37534	1
61305	1
39400	1
3799	1
84996	1
66276	1
86470	1
88639	1
22503	1
158	1
74405	1
74405	1
62990	1
6859	1
76423	1
48652	1
67997	1
60009	1
38061	1
74405	1
29249	1
27470	1
74405	1
45254	1
36392	1
49626	1
46983	1
38061	1
78914	1
70320	1
74405	1
50238	1
44081	1
42244	1
53223	1
15866	1
50211	1
31142	1
84996	1
74405	1
84996	1
93675	1
13274	1
64930	1
91126	1
30372	1
39639	1
15316	1
38061	1
97146	1
74405	1
13328	1
74405	1
74405	1
46709	1
55142	1
95587	1
91473	1
3382	1
16113	1
40963	1
69856	1
68194	1
76099	1
32257	1
81328	1
36718	1
47635	1
98100	1
63814	1
29465	1
53223	1
39180	1
54782	1
74166	1
53223	1
32473	1
66916	1
12854	1
80535	1
91558	1
36502	1
56951	1
61128	1
70160	1
63814	1
37573	1
49275	1
95587	1
81517	1
9292	1
79869	1
89787	1
21620	1
91016	1
10473	1
74202	1
66341	1
87099	1
56721	1
84996	1
36502	1
27470	1
74405	1
27470	1
84996	1
23088	1
74405	1
34802	1
40519	1
84996	1
74405	1
57080	1
53107	1
38960	1
98568	1
3276	1
27360	1
64846	1
51554	1
74405	1
9190	1
4945	1
53223	1
25911	1
98105	1
61811	1
60225	1
20433	1
63814	1
38003	1
64300	1
94682	1
74405	1
84996	1
74405	1
36392	1
84996	1
9190	1
27360	1
32743	1
33490	1
63814	1
74405	1
12233	1
80425	1
6178	1
84996	1
79354	1
27360	1
33156	1
53223	1
32921	1
79271	1
16769	1
53223	1
65840	1
96731	1
96079	1
87894	1
57684	1
71144	1
65809	1
48652	1
60393	1
91126	1
7164	1
74850	1
84996	1
2153	1
27360	1
15817	1
35979	1
12634	1
23661	1
56789	1
6828	1
76730	1
24784	1
26347	1
83383	1
67395	1
93011	1
83840	1
62471	1
14197	1
62631	1
30540	1
63044	1
62255	1
44407	1
20213	1
1717	1
51853	1
91122	1
95587	1
7984	1
93449	1
35269	1
53223	1
71420	1
63814	1
76124	1
83653	1
20832	1
26127	1
22210	1
84996	1
91147	1
27360	1
97667	1
91016	1
17421	1
33625	1
9190	1
73502	1
63073	1
84996	1
42493	1
84996	1
36718	1
68275	1
80971	1
42723	1
84996	1
53223	1
27360	1
84996	1
64607	1
74405	1
84996	1
6288	1
47996	1
77849	1
48850	1
74405	1
60966	1
95928	1
94693	1
38061	1
48652	1
61788	1
5431	1
9788	1
6178	1
91230	1
78866	1
84996	1
58450	1
4038	1
6118	1
72736	1
318	1
32336	1
16879	1
5161	1
59736	1
16769	1
20788	1
63814	1
68491	1
16769	1
81874	1
53223	1
62255	1
85212	1
13211	1
26127	1
63814	1
37374	1
22899	1
57103	1
47093	1
38061	1
63814	1
82750	1
77330	1
83744	1
1717	1
45750	1
63814	1
74405	1
3928	1
44081	1
65534	1
14990	1
16769	1
1273	1
90281	1
53223	1
13836	1
88940	1
80425	1
53223	1
22627	1
67392	1
44213	1
8609	1
35159	1
48652	1
58092	1
25604	1
7847	1
43284	1
97200	1
48652	1
72265	1
84996	1
92060	1
63814	1
90985	1
89787	1
53223	1
60802	1
75198	1
69944	1
27470	1
82310	1
21340	1
80311	1
66932	1
47963	1
91126	1
27470	1
63434	1
28342	1
8899	1
5817	1
47697	1
59243	1
59243	1
15536	1
74621	1
53223	1
46983	1
44081	1
6178	1
63814	1
42996	1
62467	1
74405	1
74405	1
63814	1
48	1
63814	1
26127	1
15536	1
46024	1
16879	1
33600	1
65452	1
14849	1
97146	1
25911	1
68219	1
74405	1
61942	1
71833	1
32455	1
11579	1
76360	1
36420	1
370	1
40417	1
48337	1
4694	1
23038	1
92901	1
53223	1
84996	1
29735	1
27470	1
19306	1
72470	1
32958	1
94354	1
83437	1
48	1
5605	1
47093	1
58575	1
84996	1
48652	1
98435	1
16879	1
21363	1
74405	1
42522	1
97146	1
24732	1
79875	1
58502	1
15426	1
95587	1
84996	1
74405	1
22029	1
32127	1
97121	1
64713	1
6178	1
38937	1
43608	1
53223	1
13207	1
22899	1
40386	1
16769	1
36934	1
19445	1
13898	1
74405	1
67785	1
74405	1
50321	1
15536	1
74405	1
36598	1
19997	1
57464	1
84996	1
32147	1
7806	1
75827	1
64002	1
86881	1
1500	1
44191	1
74405	1
47471	1
6288	1
84996	1
37443	1
95677	1
75250	1
33490	1
22482	1
46566	1
6720	1
72736	1
30100	1
55349	1
15928	1
74405	1
29767	1
41606	1
56368	1
47122	1
74405	1
8200	1
63814	1
26343	1
99797	1
49771	1
60802	1
36718	1
48652	1
95587	1
63814	1
39620	1
48	1
53223	1
84996	1
30262	1
84996	1
82970	1
69834	1
23115	1
79082	1
33128	1
38061	1
60529	1
89750	1
39867	1
99311	1
22899	1
3492	1
59243	1
74405	1
16769	1
16846	1
38387	1
68601	1
32776	1
61674	1
27360	1
21359	1
63814	1
15976	1
74405	1
56285	1
92571	1
38061	1
65373	1
25801	1
54782	1
95913	1
2288	1
4835	1
53439	1
79302	1
57684	1
69944	1
57684	1
63814	1
92822	1
63814	1
16879	1
21340	1
69944	1
60385	1
26605	1
89732	1
53737	1
78316	1
16769	1
74405	1
30368	1
59789	1
44733	1
39591	1
71123	1
16879	1
45856	1
74405	1
47745	1
40386	1
84996	1
13632	1
74405	1
41530	1
52096	1
65236	1
27360	1
35921	1
53223	1
62373	1
85322	1
43485	1
83605	1
95662	1
63814	1
91126	1
74405	1
90570	1
54674	1
74947	1
63814	1
62145	1
84996	1
62687	1
40963	1
66031	1
27360	1
54052	1
53223	1
95587	1
99471	1
55598	1
29465	1
63814	1
63814	1
16769	1
80535	1
8960	1
24022	1
84996	1
8850	1
10965	1
37847	1
22650	1
22706	1
59463	1
81216	1
80937	1
38854	1
16769	1
53223	1
22899	1
8013	1
67807	1
77146	1
14633	1
77990	1
27360	1
15532	1
6178	1
11272	1
88720	1
93781	1
61125	1
98296	1
74405	1
70762	1
68825	1
62907	1
21340	1
84996	1
87276	1
52532	1
84996	1
63453	1
64454	1
74405	1
21262	1
7546	1
69550	1
74405	1
54915	1
96129	1
36367	1
29609	1
74405	1
36502	1
13746	1
70706	1
77633	1
23063	1
13867	1
48652	1
91126	1
25133	1
38061	1
75308	1
74429	1
96673	1
65591	1
57791	1
48652	1
12308	1
74405	1
18905	1
80535	1
17194	1
52703	1
85014	1
6178	1
97571	1
53223	1
53223	1
6178	1
20520	1
71009	1
71393	1
6288	1
6178	1
52540	1
14853	1
590	1
68734	1
77523	1
75960	1
24317	1
68622	1
63814	1
86555	1
84996	1
47309	1
45970	1
22899	1
84996	1
85268	1
16879	1
91016	1
98595	1
74268	1
52044	1
48652	1
32342	1
2759	1
21967	1
23747	1
27846	1
19034	1
87541	1
33314	1
15210	1
91965	1
30451	1
6624	1
29029	1
52480	1
51820	1
77083	1
46983	1
68817	1
95587	1
8455	1
48747	1
16769	1
43641	1
99828	1
54782	1
26528	1
98375	1
84996	1
65699	1
79082	1
74405	1
74405	1
59920	1
24568	1
23065	1
99683	1
74405	1
23099	1
98815	1
74405	1
98512	1
74405	1
84996	1
29029	1
16769	1
63814	1
33816	1
69693	1
18434	1
50454	1
16769	1
60582	1
74405	1
62255	1
80668	1
84996	1
84996	1
8370	1
99143	1
77633	1
84996	1
12308	1
69944	1
84996	1
84996	1
53223	1
74405	1
36934	1
73062	1
93805	1
43286	1
21662	1
95587	1
13811	1
1717	1
80448	1
66276	1
10722	1
74405	1
55876	1
63814	1
49938	1
53223	1
94624	1
93644	1
74405	1
84458	1
59243	1
78293	1
62748	1
80425	1
78808	1
26123	1
53979	1
58965	1
95326	1
75361	1
80311	1
96046	1
27030	1
59243	1
66645	1
27098	1
89276	1
23119	1
21247	1
20914	1
48212	1
20568	1
39724	1
93808	1
62691	1
96106	1
68601	1
79420	1
48652	1
53223	1
27360	1
11432	1
82420	1
92901	1
17452	1
33490	1
58226	1
98807	1
68190	1
24101	1
32917	1
74405	1
12007	1
28666	1
44081	1
84996	1
44081	1
65311	1
4553	1
38061	1
59243	1
9890	1
88870	1
72736	1
16769	1
74405	1
1717	1
33600	1
74405	1
74405	1
50537	1
50721	1
31711	1
89783	1
84996	1
53791	1
95587	1
83374	1
20161	1
62145	1
39651	1
13404	1
27360	1
66932	1
96895	1
67835	1
13431	1
36689	1
48010	1
84996	1
80367	1
86802	1
37564	1
53223	1
3912	1
74386	1
50211	1
17546	1
99031	1
99361	1
58296	1
74405	1
46083	1
74625	1
51554	1
29355	1
25531	1
78404	1
19694	1
69944	1
92789	1
72981	1
95587	1
32697	1
77810	1
66932	1
53223	1
74405	1
57350	1
846	1
41289	1
55619	1
80535	1
5821	1
61635	1
44081	1
93700	1
15210	1
30372	1
83790	1
29245	1
50211	1
69664	1
34032	1
3224	1
95803	1
40833	1
81000	1
84996	1
16769	1
84996	1
48652	1
74405	1
53223	1
68601	1
74405	1
16987	1
37178	1
15069	1
63814	1
88114	1
84996	1
63814	1
22810	1
9846	1
74405	1
38061	1
84996	1
16879	1
80425	1
71749	1
24508	1
33488	1
54778	1
11129	1
42075	1
50757	1
27360	1
21799	1
6003	1
99031	1
71723	1
22696	1
94028	1
46211	1
86638	1
12854	1
59243	1
48405	1
68333	1
84902	1
74405	1
78505	1
93588	1
28971	1
40963	1
33129	1
14087	1
27549	1
63814	1
97256	1
54782	1
26731	1
43400	1
9049	1
8279	1
12308	1
73260	1
89347	1
53223	1
54782	1
74405	1
83437	1
38937	1
36660	1
63814	1
69944	1
22899	1
59119	1
63814	1
16769	1
81077	1
91342	1
20653	1
94028	1
17886	1
16879	1
88720	1
71802	1
80425	1
95587	1
48	1
84996	1
16120	1
67698	1
95913	1
74405	1
44764	1
54782	1
95587	1
44081	1
14659	1
71499	1
22924	1
49302	1
79082	1
86495	1
63704	1
37617	1
32477	1
58946	1
24022	1
49418	1
59243	1
74044	1
27470	1
27470	1
25926	1
78646	1
51066	1
50155	1
63814	1
85899	1
463	1
12053	1
54782	1
74405	1
87238	1
47093	1
54360	1
17421	1
10129	1
23136	1
50294	1
16769	1
96816	1
32390	1
67914	1
32147	1
54753	1
53223	1
74405	1
57755	1
48652	1
25801	1
51554	1
53223	1
62471	1
74405	1
59293	1
57528	1
7235	1
56808	1
30914	1
46076	1
19422	1
59459	1
63814	1
31	1
40963	1
44191	1
58666	1
68817	1
63814	1
11086	1
53223	1
74405	1
23617	1
85295	1
6293	1
12308	1
9190	1
15210	1
98447	1
38387	1
40498	1
53169	1
66847	1
31744	1
85809	1
74405	1
84996	1
13458	1
31931	1
93507	1
68817	1
43284	1
74405	1
95562	1
80425	1
71935	1
1844	1
37484	1
16879	1
84996	1
84996	1
10749	1
74405	1
48905	1
16879	1
14087	1
16769	1
63814	1
36440	1
32441	1
21770	1
67437	1
49634	1
57047	1
95587	1
15866	1
74405	1
27470	1
16769	1
43756	1
8067	1
27470	1
74405	1
53113	1
35269	1
84996	1
29789	1
74405	1
36718	1
11247	1
70376	1
33490	1
27360	1
38061	1
8443	1
63810	1
84996	1
84996	1
39634	1
53223	1
80751	1
24757	1
56127	1
30152	1
71393	1
79252	1
77633	1
4619	1
14220	1
36745	1
84996	1
23441	1
53223	1
71640	1
2599	1
15316	1
9190	1
48978	1
2076	1
87134	1
63044	1
82011	1
78532	1
11998	1
21340	1
12987	1
82993	1
92712	1
65373	1
93492	1
80425	1
65373	1
82724	1
50392	1
95504	1
92571	1
59463	1
59243	1
32720	1
83653	1
69940	1
79192	1
74405	1
45966	1
94244	1
83433	1
9016	1
99359	1
79039	1
76506	1
8815	1
75964	1
68382	1
74405	1
34991	1
69421	1
41116	1
16769	1
58083	1
74405	1
16769	1
69290	1
17948	1
98892	1
62255	1
32589	1
23441	1
84996	1
10749	1
20678	1
74405	1
1282	1
37312	1
74405	1
90148	1
95211	1
62797	1
67233	1
27470	1
65373	1
74405	1
36668	1
27360	1
53223	1
67314	1
83437	1
72736	1
74405	1
99291	1
74405	1
84996	1
84996	1
87981	1
63814	1
78866	1
48648	1
68182	1
59243	1
36433	1
71503	1
33490	1
34009	1
60009	1
27360	1
12101	1
63814	1
29112	1
74405	1
88224	1
63814	1
92085	1
27580	1
42711	1
74405	1
16769	1
65236	1
44041	1
77818	1
21423	1
36355	1
84996	1
51554	1
6533	1
17249	1
74405	1
97335	1
39620	1
64448	1
68753	1
44008	1
37569	1
52480	1
68846	1
36718	1
63814	1
23115	1
74405	1
278	1
46983	1
60528	1
88341	1
91164	1
99033	1
127	1
58643	1
39028	1
84996	1
53223	1
17172	1
86555	1
74405	1
21755	1
53223	1
88081	1
31931	1
4723	1
32473	1
63814	1
85208	1
74405	1
82171	1
27360	1
7737	1
39620	1
45966	1
96353	1
16769	1
91126	1
69473	1
51334	1
87101	1
5550	1
91016	1
87489	1
70169	1
75501	1
94616	1
58965	1
91126	1
55158	1
21722	1
80535	1
38709	1
76840	1
74405	1
33093	1
62889	1
62687	1
56559	1
27360	1
84996	1
94375	1
93808	1
75964	1
93445	1
94244	1
84996	1
45287	1
63814	1
84996	1
7374	1
84996	1
85156	1
64202	1
78993	1
11970	1
98923	1
25315	1
41289	1
6288	1
7168	1
51554	1
48648	1
59434	1
45347	1
61776	1
33490	1
53439	1
25471	1
6288	1
84996	1
76505	1
74405	1
65537	1
63814	1
87099	1
96944	1
12782	1
74405	1
25801	1
53223	1
70486	1
74405	1
23225	1
84996	1
53223	1
67611	1
32807	1
4615	1
4159	1
27360	1
80535	1
76427	1
16769	1
38665	1
36394	1
40629	1
92905	1
53223	1
47309	1
20871	1
42634	1
63814	1
38061	1
19700	1
16769	1
53223	1
2237	1
27470	1
69724	1
84913	1
30478	1
74405	1
30372	1
93447	1
27360	1
74293	1
79348	1
49742	1
35684	1
53223	1
41893	1
53223	1
53223	1
52507	1
63814	1
80375	1
80425	1
5981	1
38061	1
89347	1
95587	1
74405	1
53223	1
61099	1
86862	1
51783	1
91809	1
20832	1
7957	1
74405	1
6178	1
60912	1
84996	1
94244	1
50973	1
74405	1
42924	1
74405	1
47415	1
53223	1
75746	1
48455	1
16769	1
84996	1
74405	1
16769	1
51880	1
39620	1
99160	1
64246	1
22484	1
47309	1
43201	1
83179	1
1717	1
84996	1
72296	1
23908	1
38603	1
48764	1
6471	1
63453	1
15096	1
58647	1
89823	1
80425	1
54126	1
53223	1
42732	1
10662	1
63814	1
35226	1
94723	1
97809	1
62471	1
50570	1
53765	1
70376	1
16769	1
12308	1
63646	1
74864	1
74405	1
89088	1
28153	1
74405	1
74405	1
94845	1
84996	1
16879	1
65373	1
37735	1
12064	1
31931	1
38304	1
74405	1
97406	1
19198	1
2840	1
11171	1
95294	1
36114	1
39620	1
71935	1
81855	1
35375	1
63814	1
64133	1
6288	1
63814	1
39900	1
93675	1
21639	1
62471	1
22508	1
40523	1
65373	1
32234	1
59243	1
63673	1
43295	1
48758	1
96088	1
95587	1
40135	1
3216	1
50074	1
73442	1
74405	1
97196	1
84996	1
40963	1
3276	1
39184	1
27360	1
84996	1
32720	1
1717	1
21340	1
7623	1
44623	1
73063	1
91998	1
81077	1
2992	1
92429	1
41509	1
86802	1
83342	1
67092	1
6178	1
38890	1
25550	1
44191	1
9622	1
34032	1
64713	1
54782	1
88224	1
8190	1
53223	1
74405	1
17334	1
29029	1
18241	1
28676	1
349	1
74405	1
80535	1
63673	1
56696	1
99635	1
84740	1
21242	1
56325	1
69309	1
74647	1
84996	1
38061	1
91016	1
53223	1
71939	1
91126	1
42522	1
16769	1
40716	1
74405	1
74405	1
16769	1
8860	1
11625	1
84996	1
74405	1
16769	1
22785	1
89457	1
27360	1
56561	1
82418	1
11868	1
54373	1
89457	1
98898	1
47309	1
16769	1
60366	1
25606	1
53223	1
17421	1
80425	1
17915	1
72566	1
68203	1
86555	1
10118	1
98431	1
22899	1
74405	1
86555	1
74405	1
65589	1
65589	1
6178	1
9190	1
97036	1
48652	1
49641	1
78721	1
44081	1
10635	1
95587	1
6178	1
99251	1
8310	1
54782	1
44081	1
68275	1
62145	1
63814	1
63814	1
44081	1
17311	1
39620	1
95587	1
60582	1
16769	1
11652	1
4835	1
45148	1
30421	1
2043	1
69834	1
55333	1
52056	1
84996	1
53223	1
16879	1
74405	1
41189	1
28938	1
74405	1
88276	1
69944	1
74405	1
44191	1
75960	1
92928	1
32147	1
84996	1
19781	1
83437	1
74021	1
1212	1
13211	1
71431	1
71823	1
71883	1
80425	1
53223	1
67858	1
74405	1
19420	1
46076	1
27360	1
74405	1
80535	1
74405	1
83029	1
25550	1
27470	1
84996	1
38061	1
42165	1
51560	1
72375	1
57616	1
73556	1
85538	1
99179	1
90769	1
63814	1
63814	1
87981	1
7934	1
16769	1
3881	1
82405	1
74405	1
64493	1
69510	1
74405	1
86555	1
83732	1
44002	1
84996	1
74405	1
71393	1
27360	1
68275	1
84632	1
22899	1
53223	1
54396	1
86775	1
45750	1
66464	1
94028	1
1717	1
36554	1
74405	1
83357	1
74405	1
42171	1
74405	1
74405	1
26127	1
18129	1
11380	1
87917	1
84996	1
44191	1
55953	1
63814	1
16769	1
53223	1
27086	1
71939	1
99006	1
97256	1
68578	1
7787	1
67167	1
79408	1
56554	1
74405	1
26127	1
6720	1
53223	1
51554	1
16607	1
3602	1
70486	1
1823	1
23482	1
43332	1
59226	1
56341	1
22899	1
74405	1
44191	1
45393	1
33490	1
90960	1
59243	1
90694	1
64900	1
74405	1
80535	1
62427	1
1835	1
78866	1
6178	1
1717	1
19474	1
25911	1
40963	1
35491	1
37264	1
21340	1
63814	1
91016	1
84996	1
57684	1
29835	1
53223	1
62255	1
4835	1
84996	1
75520	1
39885	1
63814	1
59243	1
74405	1
84996	1
30372	1
53223	1
20678	1
94354	1
29245	1
70706	1
1717	1
86194	1
83410	1
74405	1
9190	1
35103	1
54782	1
12445	1
60802	1
27360	1
17099	1
56592	1
82310	1
95614	1
20410	1
16769	1
74405	1
33490	1
60656	1
83032	1
75680	1
15426	1
65949	1
74405	1
51770	1
73278	1
84996	1
27470	1
61807	1
74405	1
93198	1
80535	1
84996	1
84996	1
70376	1
49470	1
34668	1
27360	1
17421	1
93152	1
14905	1
42061	1
58062	1
48990	1
91126	1
63814	1
27360	1
95587	1
86164	1
36614	1
4121	1
62471	1
21681	1
36008	1
74405	1
54562	1
49740	1
80425	1
23445	1
23225	1
53435	1
66444	1
84996	1
40295	1
39025	1
74405	1
86997	1
12634	1
44411	1
28263	1
64929	1
69834	1
33746	1
36743	1
48758	1
53223	1
36718	1
10749	1
6178	1
84996	1
9406	1
25475	1
75964	1
88224	1
53223	1
31931	1
12308	1
12358	1
39176	1
28589	1
80832	1
79329	1
67763	1
40398	1
75676	1
73552	1
6178	1
1852	1
66932	1
18493	1
47093	1
79534	1
27360	1
96222	1
1717	1
50371	1
88554	1
24954	1
6178	1
90059	1
82719	1
84996	1
36455	1
56363	1
45150	1
68491	1
10749	1
72736	1
96637	1
79082	1
8530	1
89127	1
84996	1
18955	1
74405	1
17751	1
32838	1
98651	1
74405	1
84996	1
18356	1
53223	1
7737	1
32693	1
36502	1
69834	1
29128	1
88579	1
72132	1
46143	1
48326	1
39768	1
47837	1
21950	1
61541	1
80508	1
11380	1
30231	1
53223	1
18411	1
27360	1
84996	1
27470	1
84996	1
52783	1
25801	1
23665	1
22899	1
79192	1
74405	1
74405	1
11019	1
16769	1
92234	1
14051	1
19293	1
27902	1
25801	1
62681	1
40963	1
52667	1
94497	1
74405	1
36392	1
74405	1
2699	1
71447	1
74405	1
21556	1
32589	1
74405	1
19937	1
32282	1
27360	1
47774	1
3587	1
6288	1
87211	1
10085	1
16769	1
3575	1
17315	1
56667	1
19997	1
86879	1
32147	1
74405	1
53223	1
63473	1
44650	1
62255	1
58749	1
74405	1
84996	1
31051	1
76157	1
58309	1
16769	1
4391	1
30372	1
17531	1
6068	1
53985	1
29029	1
87051	1
6288	1
90246	1
42302	1
16271	1
74405	1
89567	1
53223	1
88857	1
62471	1
87887	1
44081	1
32147	1
71723	1
74405	1
91126	1
27470	1
66757	1
91564	1
2263	1
57790	1
74405	1
74405	1
51554	1
93011	1
3052	1
20873	1
51880	1
33816	1
98321	1
96046	1
65174	1
28062	1
90769	1
8231	1
79680	1
23020	1
84996	1
16769	1
54782	1
71585	1
93836	1
91016	1
30293	1
10635	1
8283	1
74405	1
69747	1
71279	1
34999	1
80425	1
16769	1
66276	1
80751	1
98238	1
63814	1
50180	1
17458	1
88224	1
76290	1
4526	1
59569	1
53223	1
14629	1
36502	1
20487	1
84776	1
53223	1
11895	1
11085	1
8140	1
84996	1
12524	1
81658	1
51793	1
28383	1
53223	1
16769	1
98128	1
6178	1
77087	1
6178	1
4835	1
56991	1
84327	1
7737	1
59243	1
28616	1
6178	1
89457	1
45750	1
36714	1
91016	1
77849	1
97472	1
74405	1
80425	1
72819	1
48	1
11511	1
68302	1
15210	1
78866	1
24925	1
27470	1
13867	1
99060	1
35896	1
16769	1
53223	1
63814	1
19781	1
59243	1
39836	1
53223	1
87757	1
17641	1
63814	1
74405	1
74405	1
15289	1
30372	1
53223	1
44081	1
46149	1
68267	1
54838	1
24243	1
34745	1
59926	1
27530	1
63814	1
8420	1
8860	1
8065	1
63814	1
75962	1
42446	1
93640	1
59863	1
33490	1
40774	1
62328	1
74405	1
617	1
29146	1
47309	1
20653	1
87317	1
84996	1
58686	1
32940	1
81438	1
38603	1
52289	1
48652	1
75501	1
62255	1
92216	1
86555	1
86881	1
46566	1
95587	1
14417	1
89567	1
84996	1
74405	1
14633	1
95587	1
39620	1
53223	1
25801	1
54668	1
77633	1
14873	1
21556	1
81646	1
60605	1
8609	1
84996	1
6288	1
33270	1
91016	1
47666	1
74405	1
68601	1
63814	1
74405	1
72838	1
27470	1
15752	1
83564	1
43144	1
69834	1
15426	1
74405	1
63567	1
63814	1
31078	1
69944	1
27470	1
95587	1
94354	1
83437	1
44081	1
37793	1
95587	1
84996	1
48652	1
91016	1
55441	1
92025	1
84996	1
16769	1
85986	1
74405	1
71393	1
43068	1
74405	1
27360	1
29708	1
71719	1
17311	1
15206	1
74405	1
84996	1
27360	1
28369	1
33270	1
87861	1
68246	1
50047	1
16769	1
95587	1
89347	1
86829	1
38061	1
16769	1
75964	1
34142	1
76703	1
41532	1
86686	1
74405	1
23852	1
73388	1
10473	1
27360	1
89987	1
69944	1
26127	1
42411	1
67175	1
39643	1
75964	1
97273	1
94028	1
93065	1
16769	1
84996	1
12987	1
4258	1
76400	1
52783	1
89343	1
74405	1
82219	1
34915	1
88419	1
83653	1
57626	1
27470	1
15289	1
84996	1
855	1
99577	1
7737	1
6178	1
70095	1
74405	1
37181	1
37860	1
46983	1
74405	1
16769	1
404	1
16769	1
35838	1
53223	1
75964	1
2097	1
85716	1
80535	1
72846	1
19800	1
61595	1
53655	1
58179	1
63814	1
48652	1
53985	1
6471	1
21556	1
16769	1
74405	1
97285	1
36849	1
74405	1
63814	1
3602	1
47093	1
43091	1
47696	1
68443	1
74405	1
89567	1
74405	1
35566	1
56343	1
84996	1
720	1
53223	1
84996	1
2292	1
6178	1
58010	1
74405	1
91126	1
95587	1
56561	1
7650	1
1383	1
64906	1
83115	1
80425	1
22899	1
63814	1
62652	1
84996	1
41580	1
14299	1
18654	1
51081	1
26233	1
18618	1
68491	1
32147	1
65593	1
74405	1
758	1
33490	1
18434	1
8159	1
13867	1
30123	1
80425	1
36392	1
44191	1
95587	1
23013	1
48652	1
89930	1
1091	1
81409	1
48652	1
67768	1
85322	1
26920	1
52626	1
69834	1
5080	1
69973	1
27713	1
8445	1
22322	1
63704	1
24458	1
94028	1
80425	1
65218	1
6178	1
85212	1
95587	1
21606	1
47309	1
6288	1
16879	1
50977	1
6504	1
12308	1
67914	1
44839	1
57839	1
63814	1
33073	1
4619	1
74405	1
16435	1
74405	1
25911	1
74405	1
98815	1
6178	1
15256	1
60860	1
27939	1
27360	1
57103	1
22618	1
46539	1
4059	1
27443	1
74405	1
93675	1
98925	1
33490	1
58610	1
74405	1
79742	1
44081	1
53223	1
84996	1
5632	1
95587	1
34142	1
556	1
84996	1
72819	1
74405	1
74405	1
58680	1
27360	1
68767	1
53223	1
27360	1
57900	1
48652	1
75964	1
69834	1
37295	1
53223	1
16879	1
96589	1
12157	1
19177	1
50238	1
63814	1
1717	1
62554	1
41831	1
74405	1
50299	1
87570	1
44182	1
78285	1
63814	1
74405	1
74405	1
16769	1
15210	1
18494	1
31931	1
53223	1
74405	1
38061	1
35049	1
80645	1
36141	1
12960	1
33903	1
10460	1
69981	1
66496	1
70435	1
27989	1
35952	1
6288	1
21556	1
75964	1
95772	1
35375	1
21965	1
27470	1
16331	1
95587	1
32585	1
36502	1
72248	1
76784	1
6095	1
52727	1
74405	1
43747	1
73434	1
79082	1
21214	1
84996	1
83873	1
26673	1
74405	1
10550	1
27665	1
4945	1
36938	1
53223	1
27360	1
17915	1
88440	1
53223	1
30559	1
75281	1
17672	1
54593	1
9485	1
74621	1
50973	1
95587	1
53361	1
11569	1
37885	1
88114	1
76215	1
28531	1
14193	1
19970	1
56101	1
31563	1
16879	1
51193	1
48	1
47635	1
48652	1
16879	1
52077	1
38061	1
56134	1
2066	1
48652	1
53576	1
9139	1
29355	1
63814	1
57103	1
46604	1
76154	1
67642	1
74405	1
48648	1
27360	1
68275	1
83869	1
84996	1
50180	1
74664	1
90080	1
27470	1
72753	1
48652	1
98896	1
37158	1
6288	1
73135	1
12308	1
38061	1
15536	1
74405	1
98384	1
5844	1
84996	1
23142	1
15426	1
74405	1
55189	1
96872	1
22899	1
14218	1
67478	1
36079	1
84996	1
84996	1
44214	1
87556	1
24344	1
6178	1
74405	1
63814	1
53223	1
53223	1
1933	1
15760	1
13867	1
27360	1
57217	1
63814	1
75497	1
84936	1
63814	1
17799	1
53655	1
63814	1
97117	1
30945	1
44454	1
14876	1
42078	1
8860	1
74405	1
16769	1
74405	1
55170	1
59243	1
65205	1
14193	1
82777	1
63814	1
15536	1
48208	1
19011	1
69753	1
89399	1
28369	1
81535	1
15426	1
74405	1
74405	1
44598	1
84996	1
9406	1
13014	1
76008	1
9190	1
84996	1
84199	1
88607	1
68821	1
45094	1
16655	1
97499	1
16574	1
1933	1
62471	1
27470	1
74405	1
16825	1
71939	1
16769	1
19229	1
33924	1
6178	1
54782	1
16769	1
64387	1
19333	1
90960	1
99251	1
81606	1
80425	1
68578	1
6178	1
74405	1
84996	1
38061	1
78729	1
65373	1
79792	1
16769	1
43041	1
58120	1
95803	1
49198	1
63670	1
84996	1
63814	1
56667	1
36882	1
74405	1
67428	1
47093	1
57057	1
16879	1
74405	1
67918	1
64866	1
91126	1
74264	1
16879	1
74405	1
83653	1
67829	1
58010	1
15951	1
59243	1
74405	1
95585	1
4850	1
74405	1
37893	1
80645	1
68217	1
74405	1
97036	1
55222	1
36813	1
18764	1
96023	1
43164	1
63484	1
74405	1
71640	1
14994	1
9190	1
74405	1
74405	1
2564	1
63914	1
10054	1
17975	1
38061	1
46406	1
14407	1
374	1
74405	1
44953	1
6178	1
16769	1
95913	1
95587	1
4482	1
74405	1
16879	1
32477	1
95147	1
32776	1
51990	1
74405	1
3056	1
9846	1
63814	1
3602	1
79840	1
74405	1
63615	1
74405	1
1619	1
31291	1
6288	1
3027	1
30588	1
74405	1
19420	1
2809	1
71343	1
43751	1
32367	1
57684	1
90623	1
52083	1
73857	1
47799	1
37185	1
91178	1
97256	1
77002	1
56341	1
69944	1
6288	1
18434	1
27470	1
12308	1
87097	1
59569	1
74405	1
94244	1
81417	1
65373	1
83437	1
84089	1
76290	1
42522	1
58010	1
74405	1
81272	1
91514	1
65699	1
53223	1
38277	1
84750	1
91338	1
56557	1
2153	1
36502	1
29029	1
74405	1
24568	1
63814	1
74451	1
52193	1
68601	1
21093	1
88440	1
26265	1
66772	1
63814	1
89457	1
74405	1
74405	1
63814	1
84996	1
95587	1
83653	1
86472	1
57684	1
18764	1
32147	1
51880	1
83437	1
34441	1
48652	1
79935	1
71387	1
93273	1
96926	1
71991	1
6178	1
87564	1
20873	1
80425	1
2896	1
9830	1
74405	1
22899	1
16769	1
74405	1
27360	1
58803	1
7320	1
12524	1
82173	1
66791	1
25691	1
32147	1
32147	1
97146	1
32915	1
66932	1
33886	1
69724	1
29029	1
59243	1
27902	1
10703	1
80535	1
39704	1
39535	1
23970	1
56447	1
84996	1
66355	1
69834	1
158	1
91016	1
33490	1
43016	1
48652	1
25557	1
90140	1
72846	1
80535	1
23445	1
53223	1
16470	1
63814	1
62471	1
22322	1
53223	1
74405	1
54780	1
6178	1
69647	1
7737	1
87385	1
18452	1
74405	1
6288	1
48652	1
42524	1
63704	1
53223	1
51527	1
76070	1
48978	1
49418	1
74405	1
59758	1
74405	1
86444	1
16879	1
74405	1
31377	1
80535	1
56635	1
22062	1
374	1
67499	1
52999	1
95587	1
75061	1
77849	1
91126	1
84071	1
95587	1
53223	1
13977	1
2386	1
16769	1
91016	1
85982	1
41614	1
25637	1
8970	1
61485	1
49748	1
64466	1
17338	1
38061	1
59243	1
58687	1
71723	1
91743	1
84996	1
93808	1
48758	1
74405	1
88467	1
27360	1
32311	1
51204	1
28369	1
43940	1
47259	1
27657	1
95587	1
77697	1
8638	1
61155	1
58309	1
29768	1
36953	1
52640	1
39836	1
53223	1
13811	1
89563	1
34563	1
76290	1
3492	1
74405	1
99907	1
53223	1
53223	1
16769	1
80425	1
49771	1
84309	1
85634	1
63814	1
95554	1
36392	1
6178	1
86138	1
81681	1
74405	1
84996	1
84996	1
89364	1
73278	1
99379	1
36282	1
74405	1
12281	1
61581	1
23665	1
62975	1
62255	1
41077	1
27360	1
36172	1
82314	1
99031	1
86528	1
63814	1
74405	1
60088	1
7363	1
27360	1
86119	1
78285	1
17288	1
3380	1
51554	1
43340	1
27360	1
87768	1
10635	1
34308	1
74405	1
77849	1
23086	1
23036	1
39564	1
15210	1
85978	1
23665	1
38387	1
862	1
36282	1
26782	1
84996	1
16769	1
74405	1
7297	1
81328	1
96201	1
10378	1
88361	1
49305	1
53223	1
27887	1
7737	1
53223	1
84996	1
39176	1
74405	1
57684	1
74405	1
9190	1
53294	1
53655	1
2259	1
53223	1
70292	1
23038	1
66642	1
33527	1
56557	1
60634	1
74241	1
11864	1
19781	1
30372	1
14417	1
95666	1
39018	1
62145	1
16879	1
15316	1
30511	1
63814	1
46817	1
63814	1
74405	1
19997	1
31761	1
30372	1
74405	1
27360	1
47468	1
35159	1
22370	1
53223	1
10033	1
73058	1
94354	1
84996	1
6861	1
53223	1
43600	1
30914	1
74405	1
53223	1
91016	1
25928	1
16769	1
27360	1
73807	1
64497	1
44081	1
56781	1
14990	1
69365	1
46157	1
84996	1
99751	1
74405	1
80425	1
21945	1
34852	1
86229	1
59243	1
2728	1
63301	1
50073	1
51637	1
56291	1
74405	1
74405	1
74405	1
72846	1
12854	1
27470	1
16879	1
70609	1
27360	1
90163	1
12308	1
74405	1
20624	1
76754	1
73140	1
84996	1
53223	1
53244	1
79082	1
91956	1
31051	1
89783	1
86555	1
88741	1
22899	1
95670	1
56808	1
71582	1
8364	1
82777	1
54425	1
98575	1
12850	1
40963	1
74405	1
26343	1
3602	1
41841	1
79522	1
67862	1
28319	1
44631	1
45238	1
2836	1
99622	1
89576	1
60946	1
91728	1
27360	1
94028	1
94570	1
72296	1
6288	1
18658	1
18802	1
48652	1
95587	1
13234	1
71393	1
59403	1
91441	1
53223	1
3203	1
59243	1
33513	1
77633	1
74544	1
48758	1
59463	1
70708	1
52480	1
80535	1
16879	1
36631	1
56341	1
78532	1
75964	1
91126	1
53003	1
74405	1
46070	1
73062	1
71279	1
96538	1
53223	1
3633	1
62145	1
39440	1
80425	1
35375	1
51554	1
21556	1
63814	1
31838	1
80425	1
16769	1
74405	1
21556	1
71935	1
84996	1
15206	1
92664	1
95913	1
12308	1
63336	1
38061	1
55762	1
80728	1
75960	1
51550	1
27171	1
72296	1
94028	1
51554	1
80425	1
48652	1
22594	1
99046	1
57776	1
39946	1
89783	1
61775	1
84996	1
74405	1
80425	1
76321	1
37185	1
80535	1
6367	1
69203	1
91016	1
89222	1
67452	1
47855	1
5161	1
58809	1
63814	1
38061	1
80535	1
51527	1
85947	1
49499	1
46973	1
93092	1
72846	1
1717	1
45636	1
63814	1
94293	1
84774	1
69834	1
47496	1
81214	1
24537	1
91620	1
48652	1
10749	1
26999	1
98936	1
7380	1
38061	1
48476	1
84996	1
61332	1
74405	1
63814	1
65566	1
26127	1
30588	1
91043	1
80531	1
53827	1
6288	1
9609	1
25911	1
40156	1
89096	1
70700	1
74405	1
16769	1
31923	1
62208	1
56929	1
46695	1
80425	1
31400	1
90377	1
17535	1
84996	1
16879	1
6288	1
79303	1
12850	1
12524	1
63814	1
35159	1
38061	1
32570	1
74405	1
38061	1
8503	1
63704	1
53223	1
15536	1
63814	1
64030	1
40963	1
27360	1
12524	1
15696	1
55382	1
63893	1
24545	1
6178	1
47965	1
16879	1
69834	1
32799	1
59243	1
86702	1
84776	1
95147	1
45204	1
92910	1
74405	1
35049	1
53223	1
80535	1
17128	1
80971	1
58226	1
65373	1
67395	1
63814	1
96353	1
91016	1
53784	1
99006	1
53223	1
70708	1
75964	1
16769	1
95533	1
11436	1
68275	1
31575	1
52069	1
62583	1
70220	1
74405	1
63814	1
53223	1
51880	1
12308	1
95587	1
84996	1
69834	1
84887	1
15210	1
81366	1
27360	1
16879	1
42192	1
12308	1
61824	1
27360	1
33816	1
13201	1
96338	1
87541	1
74405	1
84996	1
38061	1
18054	1
6178	1
75671	1
64030	1
76506	1
74405	1
47635	1
74405	1
63814	1
48652	1
74520	1
31792	1
85758	1
95587	1
65942	1
63947	1
27360	1
84996	1
68491	1
52796	1
64470	1
46190	1
53223	1
97364	1
16769	1
374	1
53223	1
29320	1
84996	1
38062	1
84556	1
63814	1
21446	1
58317	1
29272	1
70605	1
63814	1
16769	1
84996	1
86798	1
60225	1
23441	1
14193	1
91873	1
27578	1
43757	1
72103	1
80826	1
77315	1
21336	1
82310	1
45974	1
84996	1
78866	1
14469	1
76840	1
87610	1
84996	1
58006	1
15210	1
74405	1
82534	1
91016	1
4478	1
32693	1
74405	1
71393	1
74405	1
71731	1
10992	1
96270	1
74405	1
31829	1
700	1
74405	1
59243	1
48	1
74405	1
22442	1
63814	1
33600	1
44081	1
74405	1
97688	1
59243	1
19781	1
370	1
98152	1
75964	1
58882	1
74405	1
23445	1
82310	1
78154	1
23225	1
17095	1
74405	1
63814	1
20059	1
89787	1
86582	1
6178	1
15210	1
16769	1
46873	1
78073	1
16769	1
65564	1
74405	1
3299	1
3602	1
84996	1
97146	1
53223	1
13074	1
49214	1
16879	1
40143	1
25220	1
8283	1
90363	1
14247	1
63814	1
42522	1
71084	1
96179	1
53223	1
78866	1
26673	1
8283	1
80425	1
65373	1
13867	1
2620	1
53223	1
88224	1
84932	1
59453	1
17333	1
46317	1
84996	1
65373	1
74405	1
91016	1
35159	1
48652	1
6288	1
74405	1
93151	1
82200	1
53223	1
38553	1
95587	1
48328	1
54782	1
3733	1
74405	1
40963	1
53223	1
96569	1
49717	1
99226	1
3359	1
75744	1
74704	1
82966	1
60223	1
74405	1
74405	1
84996	1
27470	1
12239	1
1717	1
58963	1
84996	1
92905	1
41179	1
38717	1
69970	1
95093	1
90196	1
35489	1
7737	1
80425	1
16769	1
54421	1
74405	1
83269	1
95597	1
85764	1
79082	1
74405	1
82200	1
46132	1
48104	1
62064	1
74405	1
29685	1
74621	1
50793	1
95587	1
49771	1
95807	1
91342	1
56046	1
95587	1
74405	1
16275	1
67258	1
41289	1
18334	1
79412	1
74405	1
19781	1
27360	1
74405	1
53223	1
72736	1
27360	1
95326	1
75470	1
36558	1
71856	1
27360	1
74405	1
38736	1
74405	1
78866	1
95913	1
84996	1
86555	1
77523	1
38987	1
84996	1
40433	1
85978	1
16904	1
25522	1
74405	1
67287	1
36970	1
48652	1
28012	1
95587	1
38061	1
97256	1
16879	1
69944	1
27360	1
45997	1
84996	1
39292	1
97146	1
90781	1
6178	1
31940	1
95803	1
27470	1
88114	1
16769	1
84996	1
70489	1
98065	1
26127	1
57971	1
26071	1
56216	1
81077	1
80950	1
53223	1
33870	1
71225	1
16879	1
58340	1
75964	1
17095	1
44191	1
85786	1
27360	1
48652	1
1261	1
37841	1
53223	1
16769	1
20657	1
31682	1
95587	1
90223	1
91016	1
59243	1
74405	1
89631	1
83653	1
6288	1
79945	1
44081	1
67916	1
15343	1
84996	1
48935	1
66492	1
33573	1
7957	1
63814	1
74405	1
95587	1
7023	1
89457	1
74405	1
80425	1
38277	1
16879	1
74405	1
15460	1
10749	1
85942	1
74947	1
69037	1
50973	1
27690	1
74405	1
5381	1
68396	1
27360	1
97113	1
74405	1
63814	1
53223	1
38796	1
74405	1
87344	1
19781	1
11643	1
62201	1
63814	1
56350	1
69944	1
27470	1
44301	1
59455	1
5134	1
27421	1
37367	1
34341	1
51108	1
53020	1
45966	1
9030	1
52756	1
50973	1
95587	1
48652	1
74405	1
91126	1
33490	1
92685	1
18874	1
44791	1
94354	1
91342	1
83653	1
63814	1
87097	1
23499	1
68491	1
69944	1
53223	1
80533	1
47309	1
45750	1
63814	1
83437	1
58882	1
35489	1
86881	1
54231	1
74405	1
82397	1
16769	1
40085	1
33490	1
74405	1
74841	1
27360	1
6288	1
22305	1
39340	1
84996	1
10749	1
84419	1
63704	1
95587	1
91641	1
12579	1
53796	1
38061	1
49718	1
51981	1
25911	1
23126	1
51554	1
36714	1
41289	1
4059	1
38061	1
46956	1
12308	1
95581	1
1257	1
3602	1
38061	1
56227	1
94028	1
3820	1
11625	1
53223	1
52822	1
53223	1
72734	1
73758	1
69944	1
86555	1
65373	1
4945	1
9622	1
75501	1
46983	1
61128	1
84562	1
95587	1
24811	1
44191	1
74405	1
62959	1
22899	1
56579	1
24757	1
53223	1
48235	1
23225	1
24784	1
16769	1
48652	1
63814	1
80311	1
9402	1
88224	1
56557	1
8063	1
84996	1
88861	1
7461	1
68192	1
98018	1
98132	1
12634	1
17349	1
48652	1
36689	1
58010	1
78316	1
81077	1
27470	1
11401	1
98728	1
42192	1
60005	1
88440	1
8063	1
29245	1
94707	1
14193	1
66894	1
76856	1
20759	1
79065	1
12167	1
36801	1
6178	1
54371	1
74405	1
46256	1
8067	1
83450	1
75115	1
98964	1
98815	1
16769	1
40446	1
84996	1
16769	1
74405	1
62145	1
84996	1
50668	1
13894	1
74405	1
3602	1
64194	1
1265	1
6789	1
41307	1
24701	1
32010	1
95587	1
50899	1
44191	1
69834	1
42522	1
74405	1
38061	1
16769	1
35213	1
32257	1
67787	1
84996	1
27470	1
77523	1
44081	1
86555	1
54830	1
6178	1
88224	1
21446	1
6288	1
74405	1
22899	1
53223	1
74405	1
19777	1
59762	1
36502	1
79302	1
25060	1
40963	1
74280	1
63704	1
74405	1
43917	1
1821	1
79082	1
18515	1
69834	1
8860	1
98119	1
45966	1
74405	1
74405	1
82420	1
26815	1
47172	1
75827	1
84996	1
95305	1
33600	1
21917	1
74405	1
80535	1
23225	1
27394	1
62255	1
15210	1
81641	1
88224	1
80535	1
60912	1
68734	1
63814	1
66643	1
59164	1
56144	1
46983	1
20410	1
26347	1
74405	1
74405	1
68022	1
4054	1
59463	1
86092	1
7901	1
37530	1
98159	1
80346	1
61271	1
8310	1
17311	1
74405	1
74405	1
68753	1
38061	1
67270	1
76834	1
86555	1
53223	1
16769	1
88333	1
70245	1
32147	1
62664	1
16769	1
84996	1
74405	1
53223	1
74405	1
26071	1
6178	1
93708	1
8860	1
44081	1
80425	1
80425	1
39907	1
4835	1
81667	1
88303	1
65373	1
16769	1
56557	1
2975	1
53223	1
31418	1
84996	1
78893	1
96322	1
13290	1
72736	1
27933	1
8250	1
96185	1
2259	1
30372	1
33490	1
62145	1
92703	1
91205	1
44081	1
91126	1
84996	1
48652	1
48652	1
53223	1
75964	1
69834	1
54095	1
84996	1
48652	1
64030	1
84996	1
93535	1
53223	1
46524	1
96710	1
91865	1
67698	1
45503	1
248	1
10965	1
63814	1
14029	1
34142	1
57680	1
28946	1
6178	1
12877	1
18324	1
44411	1
96106	1
23040	1
71063	1
99443	1
41289	1
73338	1
8079	1
15752	1
34729	1
9998	1
46626	1
41735	1
59866	1
18438	1
57296	1
951	1
74405	1
74405	1
53223	1
74405	1
74405	1
91124	1
24732	1
75912	1
45204	1
74405	1
74405	1
30972	1
74405	1
64813	1
74405	1
6249	1
44550	1
53223	1
48652	1
74405	1
97252	1
13730	1
67665	1
62907	1
47309	1
74405	1
43971	1
16879	1
62145	1
80354	1
8685	1
84996	1
36282	1
53223	1
78785	1
74744	1
3602	1
38061	1
92396	1
59461	1
6288	1
90974	1
84996	1
44191	1
50541	1
56341	1
64485	1
96785	1
56341	1
35159	1
63704	1
54699	1
64740	1
74405	1
84996	1
74405	1
16769	1
15183	1
28294	1
75717	1
18386	1
27360	1
86555	1
68026	1
10429	1
3955	1
42756	1
13531	1
95587	1
14853	1
91919	1
53223	1
78069	1
11596	1
86092	1
6178	1
36718	1
52876	1
19314	1
93393	1
85212	1
28585	1
21556	1
31931	1
17095	1
53765	1
91016	1
26960	1
56015	1
49142	1
59243	1
74405	1
74405	1
28319	1
74405	1
95587	1
87101	1
34503	1
74405	1
1717	1
6178	1
95587	1
96106	1
22978	1
26127	1
53223	1
83079	1
23136	1
60802	1
39616	1
374	1
22899	1
13097	1
35621	1
48164	1
51000	1
79408	1
85762	1
32257	1
59218	1
40963	1
51554	1
28122	1
59243	1
47093	1
74405	1
53223	1
15536	1
53223	1
27682	1
48652	1
83437	1
89787	1
48652	1
14849	1
65589	1
71906	1
7737	1
90858	1
53223	1
82094	1
37401	1
19674	1
2153	1
96785	1
22721	1
93860	1
50317	1
39479	1
57900	1
23358	1
76867	1
31931	1
74405	1
40685	1
23381	1
79192	1
35127	1
97146	1
71393	1
677	1
41949	1
74405	1
84996	1
44606	1
77083	1
78532	1
39180	1
74405	1
6178	1
35875	1
374	1
17751	1
74405	1
17861	1
72296	1
74405	1
10533	1
47309	1
95587	1
38061	1
3083	1
74405	1
36768	1
18241	1
38061	1
84996	1
27360	1
86555	1
63814	1
84996	1
75528	1
71833	1
94257	1
20103	1
56204	1
57877	1
58010	1
4619	1
9512	1
49634	1
4436	1
57148	1
84996	1
56027	1
53223	1
43357	1
57790	1
32147	1
37924	1
74405	1
86823	1
84404	1
84996	1
75964	1
70160	1
78673	1
18654	1
84996	1
98732	1
51637	1
52420	1
17863	1
21340	1
84996	1
56964	1
44081	1
72925	1
19777	1
35489	1
24568	1
74405	1
60005	1
54782	1
74621	1
38061	1
97769	1
55355	1
8063	1
59936	1
54205	1
41505	1
43970	1
84996	1
14193	1
74405	1
49555	1
67665	1
20213	1
27140	1
74405	1
73307	1
4754	1
95587	1
59370	1
74405	1
74405	1
54640	1
314	1
14197	1
74405	1
99735	1
13014	1
11528	1
17479	1
53223	1
53223	1
84996	1
58168	1
16769	1
28400	1
78285	1
88604	1
86555	1
34935	1
11401	1
59243	1
22642	1
19804	1
53223	1
26563	1
4725	1
56341	1
25444	1
35489	1
87400	1
15210	1
27470	1
69151	1
74405	1
84996	1
88419	1
93658	1
84996	1
77083	1
26110	1
81622	1
64034	1
69818	1
74405	1
48652	1
82094	1
34940	1
87973	1
88832	1
21744	1
62907	1
3851	1
99828	1
46122	1
69716	1
84996	1
84996	1
27470	1
94552	1
21799	1
39670	1
74405	1
12308	1
54230	1
65527	1
69421	1
95583	1
74405	1
84996	1
98427	1
43170	1
74405	1
65373	1
51550	1
87900	1
39595	1
15210	1
63814	1
36311	1
78866	1
86370	1
82950	1
46076	1
79302	1
78509	1
80174	1
74405	1
11077	1
74405	1
84996	1
63814	1
88305	1
74405	1
73224	1
36365	1
28778	1
74405	1
46076	1
48978	1
8279	1
84996	1
97146	1
63814	1
70540	1
84662	1
6178	1
53113	1
95064	1
52416	1
49198	1
86570	1
48	1
83437	1
59679	1
79246	1
74405	1
65589	1
81658	1
81548	1
38061	1
6178	1
82393	1
15536	1
30372	1
53439	1
36336	1
57372	1
38603	1
53223	1
62255	1
77627	1
68518	1
72655	1
71935	1
3096	1
19812	1
44191	1
45455	1
24198	1
60705	1
6367	1
45966	1
74405	1
59106	1
16655	1
27470	1
74405	1
15430	1
53223	1
45204	1
27360	1
8063	1
19744	1
34207	1
45667	1
89783	1
1717	1
53223	1
84996	1
19386	1
25319	1
20956	1
87784	1
36261	1
16300	1
74405	1
22899	1
6502	1
60661	1
82090	1
63814	1
50896	1
16989	1
91302	1
53223	1
74405	1
30372	1
53223	1
53223	1
84996	1
39703	1
20319	1
31790	1
7737	1
16879	1
38964	1
15210	1
40303	1
16879	1
91342	1
80535	1
68161	1
63814	1
8891	1
19781	1
15316	1
192	1
86231	1
89032	1
35159	1
5107	1
65373	1
61128	1
53223	1
81235	1
80535	1
53765	1
91267	1
89567	1
14995	1
14413	1
58010	1
6265	1
17709	1
54238	1
27360	1
1717	1
38061	1
12964	1
95581	1
20213	1
25199	1
76784	1
69558	1
63814	1
68934	1
14087	1
33910	1
75964	1
814	1
43230	1
7737	1
17915	1
49594	1
64607	1
53223	1
44407	1
12279	1
51880	1
42844	1
33490	1
91463	1
53223	1
69834	1
6618	1
19094	1
10965	1
84996	1
84996	1
24757	1
31931	1
44081	1
22021	1
16769	1
86846	1
83340	1
43485	1
98238	1
61193	1
30887	1
9794	1
22899	1
85596	1
1401	1
21556	1
96023	1
35533	1
39228	1
94028	1
49472	1
84225	1
44407	1
68111	1
27470	1
49198	1
158	1
95587	1
58006	1
2153	1
90765	1
76290	1
18434	1
18002	1
72360	1
10249	1
74405	1
80425	1
38277	1
74405	1
10749	1
62471	1
80425	1
63814	1
63436	1
91126	1
74405	1
63814	1
82426	1
63814	1
76651	1
84981	1
14853	1
82420	1
13404	1
5163	1
94028	1
84996	1
19449	1
4835	1
99031	1
49991	1
59789	1
23445	1
83759	1
53113	1
37234	1
61647	1
16879	1
89567	1
92685	1
33600	1
8420	1
86115	1
84996	1
53223	1
74405	1
50428	1
5921	1
95587	1
84129	1
62201	1
98892	1
41179	1
79329	1
31711	1
46437	1
55293	1
74405	1
44081	1
68711	1
57611	1
69834	1
31931	1
91126	1
95587	1
16655	1
6178	1
16391	1
67445	1
12524	1
96050	1
3216	1
75964	1
74405	1
38061	1
63814	1
74405	1
2153	1
17095	1
41945	1
74405	1
77163	1
52999	1
30755	1
1933	1
69834	1
74405	1
77602	1
22899	1
75308	1
15210	1
79412	1
58326	1
6830	1
27470	1
89457	1
65589	1
24508	1
85899	1
45393	1
65035	1
31570	1
60738	1
31931	1
75964	1
59243	1
8719	1
7737	1
9622	1
7112	1
84996	1
50622	1
48893	1
16769	1
69944	1
74405	1
74405	1
84996	1
43325	1
93377	1
38981	1
12308	1
74841	1
74405	1
5464	1
91126	1
95614	1
1505	1
91016	1
88114	1
63986	1
33127	1
42161	1
83313	1
16769	1
27360	1
68275	1
48208	1
81660	1
4619	1
54782	1
30030	1
22899	1
16879	1
66496	1
59129	1
74405	1
43996	1
67972	1
40425	1
44928	1
92878	1
74405	1
63814	1
74405	1
83790	1
74405	1
94684	1
4945	1
84996	1
65589	1
29029	1
93474	1
77234	1
74405	1
76290	1
72064	1
22899	1
27470	1
24458	1
69834	1
26127	1
63814	1
74405	1
51264	1
60582	1
24546	1
49024	1
74947	1
9406	1
74405	1
34939	1
27360	1
453	1
18438	1
95749	1
85212	1
60582	1
32147	1
59243	1
16769	1
27690	1
34040	1
64607	1
63814	1
82777	1
75607	1
45750	1
98560	1
69834	1
35489	1
84996	1
72516	1
63814	1
74405	1
3359	1
82591	1
24057	1
74405	1
71335	1
2840	1
47093	1
98290	1
74405	1
23576	1
73464	1
33270	1
80967	1
12524	1
81780	1
6830	1
74405	1
74405	1
69834	1
1717	1
18874	1
48758	1
55137	1
84996	1
40990	1
27470	1
16771	1
158	1
98672	1
64026	1
35159	1
94707	1
80535	1
48561	1
68885	1
95473	1
49862	1
52729	1
63814	1
1717	1
25801	1
39184	1
84552	1
45254	1
54778	1
79142	1
63814	1
64026	1
95587	1
48652	1
89671	1
83653	1
84996	1
71719	1
74481	1
43529	1
53223	1
94950	1
95587	1
87261	1
77633	1
92108	1
94134	1
92878	1
27360	1
27360	1
27360	1
75508	1
25160	1
92685	1
91016	1
27360	1
27470	1
7847	1
22899	1
74405	1
92841	1
84911	1
6500	1
27470	1
54398	1
59243	1
65945	1
98163	1
99168	1
79522	1
74405	1
78866	1
86555	1
95587	1
69834	1
20441	1
91016	1
74405	1
74405	1
40614	1
22330	1
53223	1
75167	1
87182	1
92238	1
287	1
27360	1
15361	1
77303	1
67698	1
16769	1
85515	1
13862	1
62583	1
97146	1
98617	1
72023	1
73037	1
95587	1
91508	1
78652	1
27360	1
31354	1
98105	1
68248	1
14797	1
6288	1
2663	1
34300	1
88440	1
72736	1
55764	1
27470	1
64198	1
74405	1
29214	1
57412	1
74405	1
84996	1
62916	1
57790	1
74405	1
60503	1
31746	1
53223	1
84996	1
78646	1
92920	1
1717	1
84969	1
81369	1
84996	1
74405	1
17095	1
1057	1
23445	1
74405	1
28093	1
59371	1
59931	1
36770	1
46076	1
49634	1
53223	1
84996	1
78972	1
47093	1
51490	1
18843	1
7737	1
16591	1
31931	1
42844	1
36502	1
36471	1
23474	1
28481	1
83852	1
18203	1
84320	1
4619	1
85856	1
36818	1
23098	1
4619	1
97046	1
76937	1
52281	1
21666	1
88224	1
37077	1
86694	1
59243	1
86472	1
39946	1
56781	1
95587	1
19011	1
65373	1
53443	1
63814	1
38061	1
46983	1
84996	1
76180	1
7326	1
62471	1
86119	1
66531	1
63814	1
74405	1
5927	1
69834	1
69834	1
72736	1
61086	1
74405	1
44081	1
47936	1
71966	1
74405	1
80535	1
78868	1
80496	1
64466	1
65373	1
43076	1
83979	1
84996	1
37423	1
49188	1
74405	1
80302	1
75526	1
56949	1
48	1
38277	1
84996	1
24921	1
59243	1
36195	1
63632	1
12308	1
27360	1
89567	1
44191	1
66413	1
53931	1
19781	1
15534	1
36131	1
44081	1
15475	1
20464	1
79686	1
27360	1
44191	1
11847	1
84996	1
84996	1
29355	1
42522	1
53223	1
74405	1
24458	1
82547	1
13258	1
95803	1
18324	1
76479	1
27042	1
38061	1
84662	1
53223	1
51012	1
7220	1
16769	1
49194	1
84996	1
16769	1
74405	1
28585	1
84996	1
23013	1
59243	1
71723	1
99770	1
12088	1
48978	1
16769	1
6178	1
74405	1
60366	1
74841	1
12269	1
16769	1
25770	1
81517	1
84996	1
2317	1
84996	1
32257	1
44081	1
84996	1
74405	1
57790	1
86258	1
96309	1
24348	1
84996	1
74405	1
80535	1
10131	1
68269	1
63814	1
84996	1
74405	1
74405	1
81438	1
36392	1
73062	1
810	1
65809	1
7193	1
37996	1
69332	1
74405	1
60366	1
84835	1
41402	1
55324	1
3104	1
25911	1
63814	1
48008	1
53223	1
91016	1
6288	1
75740	1
56721	1
47093	1
74405	1
63814	1
2831	1
57900	1
59243	1
77743	1
95587	1
47309	1
20873	1
92604	1
46076	1
53223	1
59243	1
48652	1
75964	1
86629	1
79082	1
78096	1
35269	1
27470	1
19827	1
74405	1
36392	1
11625	1
33490	1
98448	1
84996	1
38277	1
71935	1
97891	1
71613	1
53223	1
16769	1
93640	1
60802	1
47093	1
62471	1
10965	1
18031	1
81187	1
6178	1
69504	1
22542	1
63814	1
8287	1
12308	1
26899	1
84996	1
67155	1
32147	1
61788	1
47309	1
74405	1
83437	1
84996	1
74405	1
74405	1
48650	1
65890	1
97555	1
2259	1
62255	1
1329	1
42190	1
61172	1
95203	1
55081	1
53435	1
74405	1
590	1
34696	1
38603	1
27466	1
80149	1
35690	1
50808	1
53223	1
27470	1
51625	1
53223	1
96944	1
89206	1
6178	1
74405	1
2076	1
590	1
84099	1
47525	1
74405	1
78334	1
24564	1
27360	1
74405	1
1414	1
30372	1
28066	1
30148	1
74484	1
3382	1
16769	1
95587	1
63814	1
78285	1
94028	1
48652	1
92002	1
74405	1
70820	1
6162	1
74405	1
27470	1
39396	1
3442	1
95587	1
15096	1
66492	1
23578	1
3245	1
74405	1
84996	1
65373	1
94821	1
41349	1
50211	1
41725	1
18878	1
24268	1
26127	1
12308	1
65610	1
63814	1
24458	1
38387	1
74405	1
5684	1
21556	1
54178	1
64794	1
65201	1
70413	1
83947	1
84996	1
74405	1
74405	1
74405	1
68275	1
65809	1
72736	1
20159	1
74405	1
18438	1
89783	1
10965	1
82887	1
53223	1
374	1
3774	1
82094	1
59243	1
27109	1
74405	1
57900	1
84996	1
75167	1
62255	1
51660	1
27360	1
78289	1
48928	1
28890	1
12924	1
99058	1
63814	1
63814	1
18083	1
84996	1
8063	1
38387	1
22762	1
84996	1
83911	1
18307	1
73695	1
15509	1
81770	1
80755	1
65236	1
7319	1
29135	1
91016	1
1993	1
74405	1
69944	1
73062	1
69944	1
40963	1
94354	1
72846	1
16879	1
48853	1
38061	1
95587	1
85559	1
11540	1
17363	1
74405	1
53223	1
40455	1
16879	1
84261	1
9195	1
27360	1
72736	1
69313	1
74405	1
41146	1
16769	1
33270	1
86555	1
50431	1
84625	1
62798	1
74405	1
53223	1
14853	1
27360	1
53223	1
82679	1
69944	1
54782	1
90016	1
30372	1
84996	1
63594	1
9186	1
84996	1
19781	1
60912	1
84810	1
4089	1
74405	1
27360	1
61647	1
12308	1
59243	1
18438	1
98049	1
74405	1
21556	1
24348	1
11185	1
53167	1
6178	1
70523	1
27470	1
52999	1
74405	1
72846	1
89451	1
34935	1
60592	1
84996	1
18434	1
2263	1
83653	1
75261	1
63814	1
38603	1
15181	1
16769	1
9626	1
63814	1
4860	1
53223	1
82420	1
63814	1
21989	1
14662	1
42670	1
74405	1
84996	1
80367	1
34142	1
56054	1
14633	1
19781	1
74405	1
94354	1
48893	1
68514	1
29030	1
44623	1
16769	1
90599	1
73520	1
84996	1
71719	1
57684	1
63814	1
73060	1
68275	1
74405	1
31653	1
39923	1
32473	1
68055	1
69940	1
32978	1
91039	1
4835	1
39613	1
74405	1
48432	1
59243	1
54643	1
34692	1
63814	1
74405	1
46	1
27360	1
73429	1
93804	1
52210	1
31595	1
27470	1
33498	1
34000	1
9190	1
74405	1
74405	1
38061	1
63997	1
35159	1
8052	1
44191	1
44191	1
89260	1
30372	1
6504	1
33490	1
77083	1
4862	1
58345	1
40299	1
35159	1
16769	1
91126	1
15852	1
33349	1
89426	1
9406	1
97146	1
63814	1
63814	1
17558	1
17290	1
74405	1
78924	1
87541	1
91558	1
19197	1
76772	1
65915	1
74405	1
53223	1
814	1
20979	1
74405	1
30372	1
72153	1
47500	1
38061	1
40963	1
39180	1
74405	1
84996	1
5952	1
30372	1
12331	1
74405	1
33490	1
91126	1
3299	1
27360	1
24670	1
49275	1
53223	1
63814	1
69641	1
5661	1
75250	1
91126	1
16769	1
53113	1
13070	1
68275	1
83869	1
10049	1
52288	1
39336	1
65589	1
74405	1
30372	1
54641	1
40963	1
15536	1
74405	1
5958	1
56561	1
14193	1
39919	1
44081	1
71723	1
98292	1
70164	1
40963	1
1717	1
65809	1
15781	1
30372	1
74405	1
11401	1
84552	1
62459	1
53223	1
49070	1
16769	1
75	1
7027	1
65610	1
6178	1
16769	1
84996	1
62251	1
31335	1
53223	1
53223	1
74405	1
75474	1
84996	1
93134	1
74405	1
77083	1
52740	1
65778	1
68817	1
83792	1
78900	1
54088	1
84996	1
16439	1
26127	1
43342	1
91126	1
38561	1
88635	1
16879	1
7737	1
63814	1
95587	1
65373	1
91016	1
59243	1
59270	1
29575	1
90804	1
73637	1
48652	1
45530	1
71833	1
88224	1
36419	1
44191	1
97146	1
53223	1
95587	1
46130	1
60411	1
97472	1
56432	1
34939	1
62838	1
85920	1
27360	1
98408	1
9825	1
75005	1
89264	1
50290	1
60802	1
87678	1
22858	1
658	1
66561	1
60885	1
74405	1
27360	1
33872	1
58969	1
57657	1
21125	1
86935	1
16879	1
69834	1
74702	1
97472	1
36406	1
47693	1
26673	1
42320	1
74405	1
9167	1
84996	1
54560	1
84996	1
84996	1
33517	1
8310	1
50431	1
5165	1
27717	1
74405	1
72736	1
1717	1
74841	1
29197	1
61435	1
81036	1
40605	1
78866	1
54782	1
9190	1
84996	1
82617	1
3831	1
43077	1
14343	1
62106	1
69803	1
58803	1
33490	1
39807	1
69834	1
59243	1
60991	1
16879	1
51415	1
45870	1
2479	1
84996	1
52385	1
41214	1
53223	1
13234	1
77129	1
84996	1
48978	1
84996	1
69834	1
47369	1
87759	1
51119	1
16331	1
42491	1
86061	1
16769	1
75682	1
12524	1
74405	1
38538	1
21751	1
91668	1
53113	1
36392	1
84996	1
74405	1
14117	1
11208	1
58487	1
80103	1
25801	1
91558	1
74405	1
69944	1
14990	1
12088	1
84996	1
38061	1
4945	1
73639	1
83379	1
63814	1
62691	1
66946	1
84996	1
48212	1
74405	1
67660	1
74405	1
95587	1
64030	1
787	1
53223	1
33490	1
6288	1
16769	1
81849	1
95587	1
74405	1
92773	1
1937	1
16769	1
6261	1
84996	1
13763	1
56341	1
40482	1
55465	1
53046	1
25911	1
12308	1
35159	1
21959	1
15183	1
43033	1
3056	1
55164	1
62687	1
92793	1
54782	1
6209	1
10749	1
74405	1
95587	1
74405	1
32609	1
80425	1
46920	1
74488	1
23119	1
84996	1
30372	1
84996	1
74405	1
74405	1
17296	1
64734	1
19397	1
61983	1
19997	1
83601	1
51541	1
59482	1
6288	1
47309	1
16879	1
25911	1
23507	1
85544	1
65593	1
16879	1
22899	1
46186	1
96212	1
13263	1
35159	1
47396	1
74405	1
99828	1
73718	1
63814	1
68844	1
40423	1
13431	1
75190	1
84996	1
84996	1
951	1
46941	1
27387	1
83772	1
53223	1
5385	1
54778	1
80998	1
55031	1
40411	1
58323	1
16719	1
10770	1
78306	1
53223	1
53223	1
47309	1
94028	1
62251	1
86555	1
6178	1
97003	1
33098	1
9406	1
91778	1
38061	1
59569	1
13371	1
55934	1
38061	1
74405	1
53223	1
27806	1
98604	1
84996	1
54203	1
91126	1
94028	1
77093	1
80535	1
16769	1
89052	1
12348	1
75964	1
27360	1
77676	1
50973	1
64990	1
8279	1
27360	1
6178	1
51637	1
34547	1
84996	1
95614	1
92928	1
19317	1
95587	1
31065	1
74405	1
45750	1
20015	1
32147	1
74405	1
99687	1
27769	1
74405	1
978	1
68817	1
80425	1
30372	1
6178	1
69572	1
50379	1
28964	1
17312	1
47093	1
63814	1
76587	1
63814	1
36172	1
37044	1
7737	1
71393	1
97146	1
47716	1
90549	1
44081	1
74405	1
51880	1
22899	1
86509	1
87151	1
29030	1
63814	1
71283	1
80564	1
76676	1
73062	1
53439	1
6178	1
59658	1
83377	1
55324	1
55122	1
40319	1
54668	1
27100	1
84996	1
3299	1
74405	1
1381	1
74405	1
56667	1
19094	1
42522	1
84947	1
6178	1
15210	1
99031	1
18438	1
45966	1
60452	1
59785	1
80564	1
48652	1
94028	1
44623	1
76564	1
59243	1
1717	1
77709	1
60385	1
68491	1
71484	1
84938	1
74405	1
74405	1
43232	1
53223	1
58479	1
74405	1
18515	1
52539	1
39620	1
19094	1
36805	1
78582	1
64435	1
78326	1
78737	1
16769	1
84996	1
53657	1
36581	1
6178	1
10647	1
74405	1
74405	1
45585	1
6178	1
21876	1
16879	1
21340	1
18654	1
85212	1
43091	1
976	1
94491	1
95562	1
27360	1
82094	1
480	1
62145	1
27360	1
21340	1
21556	1
25801	1
63814	1
38603	1
60125	1
16769	1
35155	1
93329	1
84996	1
63814	1
91126	1
37185	1
84996	1
4341	1
20213	1
84996	1
90496	1
32201	1
74405	1
8860	1
76290	1
33490	1
47093	1
59722	1
74353	1
53223	1
84876	1
72846	1
15426	1
74405	1
93393	1
48558	1
74405	1
46117	1
63814	1
80662	1
55355	1
73062	1
55127	1
74405	1
68742	1
81994	1
53223	1
41399	1
18598	1
33044	1
69041	1
63814	1
754	1
69037	1
74405	1
78158	1
42848	1
78146	1
26893	1
21143	1
66496	1
18764	1
84996	1
8096	1
9622	1
67520	1
4945	1
14197	1
63818	1
90159	1
61894	1
3602	1
75323	1
81903	1
74405	1
4835	1
82887	1
39620	1
17421	1
71818	1
12850	1
26810	1
15506	1
83649	1
16875	1
53113	1
84996	1
74405	1
43720	1
3492	1
16879	1
44191	1
158	1
71991	1
72406	1
6178	1
43664	1
74405	1
1717	1
74405	1
71063	1
48652	1
65915	1
83567	1
6288	1
17095	1
80425	1
72846	1
38744	1
50211	1
28122	1
74405	1
5124	1
28429	1
1717	1
27360	1
84996	1
35734	1
59243	1
25801	1
55602	1
15017	1
97146	1
74621	1
68192	1
97569	1
18438	1
3442	1
89567	1
71806	1
61047	1
85301	1
74405	1
4619	1
99465	1
63814	1
72846	1
44928	1
65373	1
31519	1
50537	1
74621	1
53223	1
77633	1
84996	1
91126	1
91126	1
8390	1
8383	1
74405	1
75235	1
89787	1
65505	1
74405	1
43732	1
50400	1
11511	1
84864	1
70433	1
81548	1
62255	1
94244	1
66496	1
90526	1
22079	1
77382	1
20672	1
64684	1
21556	1
84996	1
75964	1
21340	1
43637	1
84996	1
9294	1
62691	1
66432	1
53188	1
22546	1
63814	1
45712	1
80394	1
45546	1
37743	1
75331	1
74405	1
25801	1
72736	1
40276	1
78972	1
41289	1
94846	1
61412	1
84996	1
74021	1
54782	1
44081	1
21177	1
19881	1
10228	1
76290	1
98925	1
21556	1
82534	1
65925	1
53223	1
53223	1
53223	1
50514	1
11565	1
91668	1
16769	1
77550	1
8704	1
85295	1
43151	1
25004	1
74405	1
70899	1
74405	1
53223	1
21556	1
90962	1
36511	1
16671	1
35921	1
51554	1
93812	1
13593	1
21025	1
53740	1
54641	1
19600	1
913	1
21556	1
15424	1
94134	1
53223	1
80971	1
95226	1
74405	1
72626	1
17257	1
33596	1
26694	1
94354	1
68601	1
39863	1
38167	1
47172	1
84996	1
68734	1
84996	1
95890	1
67210	1
72736	1
21336	1
63594	1
6720	1
85762	1
59785	1
34582	1
22899	1
95587	1
74405	1
74405	1
13058	1
13427	1
42533	1
58008	1
1717	1
26893	1
19781	1
7847	1
74405	1
89347	1
9567	1
8970	1
31028	1
69834	1
22378	1
16879	1
88004	1
36392	1
12887	1
74405	1
53223	1
27360	1
89999	1
45173	1
25276	1
27360	1
43037	1
65612	1
91645	1
25276	1
6178	1
94354	1
45055	1
69944	1
74405	1
42858	1
44081	1
29029	1
38505	1
95044	1
54674	1
51720	1
47309	1
25801	1
35952	1
51803	1
54923	1
66438	1
7052	1
27360	1
62687	1
63814	1
14334	1
44187	1
19231	1
74405	1
65940	1
84996	1
31958	1
27360	1
95587	1
52212	1
36988	1
83437	1
24142	1
84996	1
79985	1
38061	1
16769	1
92685	1
3477	1
27360	1
55222	1
60202	1
2259	1
68431	1
70386	1
74405	1
38061	1
16769	1
6178	1
74405	1
59463	1
58147	1
68414	1
38061	1
74405	1
21340	1
84996	1
30914	1
74405	1
94384	1
85322	1
74405	1
10390	1
40963	1
91016	1
51305	1
35518	1
75964	1
2753	1
34092	1
80425	1
14193	1
25768	1
21093	1
48652	1
23673	1
53254	1
80425	1
99089	1
1398	1
67698	1
86895	1
51880	1
27470	1
63814	1
37382	1
29938	1
28153	1
13404	1
16879	1
7843	1
66673	1
65991	1
86555	1
69834	1
17482	1
594	1
46919	1
63285	1
35284	1
84996	1
67223	1
29029	1
63814	1
96668	1
18117	1
19781	1
14629	1
38061	1
7737	1
44733	1
74405	1
71362	1
84996	1
12335	1
3299	1
43647	1
95946	1
84996	1
86721	1
91016	1
74405	1
84996	1
89482	1
69944	1
77170	1
84996	1
48652	1
39773	1
4835	1
38387	1
74405	1
74405	1
51973	1
17157	1
53223	1
99741	1
53358	1
53113	1
35159	1
1769	1
74405	1
67256	1
63814	1
74405	1
82690	1
69832	1
18878	1
16156	1
59243	1
62471	1
94028	1
81548	1
5462	1
3602	1
74405	1
59243	1
95587	1
74405	1
35958	1
73141	1
27582	1
74405	1
84996	1
59762	1
32226	1
30785	1
73334	1
91126	1
16879	1
84996	1
65784	1
53908	1
71935	1
6178	1
67752	1
16769	1
76506	1
93671	1
30935	1
53223	1
2840	1
93011	1
18002	1
63814	1
53223	1
90779	1
74405	1
26090	1
62008	1
65809	1
45833	1
12308	1
16769	1
61348	1
74405	1
84996	1
38688	1
22619	1
93447	1
68192	1
69834	1
74405	1
16769	1
16769	1
23003	1
78176	1
48812	1
34013	1
54998	1
61242	1
80523	1
83653	1
86119	1
60692	1
80535	1
43401	1
66932	1
53223	1
65720	1
61471	1
35811	1
83437	1
56590	1
74405	1
16879	1
31931	1
13460	1
84996	1
36031	1
16769	1
48455	1
57790	1
53223	1
44668	1
16769	1
76218	1
27470	1
11291	1
55851	1
69944	1
8287	1
16769	1
10066	1
80971	1
64717	1
66162	1
90605	1
21340	1
97146	1
70486	1
74100	1
4318	1
23941	1
76483	1
53113	1
8389	1
27360	1
63814	1
44275	1
51824	1
31204	1
51910	1
82887	1
29217	1
6961	1
47587	1
48266	1
74405	1
74405	1
74453	1
53223	1
27470	1
31475	1
66162	1
67351	1
74405	1
27360	1
7817	1
29363	1
81484	1
99201	1
93231	1
48058	1
74405	1
29685	1
68900	1
74405	1
51554	1
25087	1
51554	1
31817	1
30835	1
38497	1
84996	1
13937	1
11432	1
36392	1
16879	1
36417	1
63814	1
11746	1
16169	1
48	1
14087	1
42848	1
52926	1
38061	1
5601	1
27360	1
25687	1
14990	1
75964	1
63814	1
74405	1
53223	1
68275	1
7079	1
82094	1
98340	1
84996	1
83979	1
69614	1
38281	1
16769	1
61811	1
26127	1
53223	1
25608	1
63814	1
41887	1
16769	1
49198	1
65915	1
5055	1
53223	1
97256	1
92901	1
89787	1
18974	1
61969	1
62471	1
78073	1
36282	1
41179	1
54782	1
30694	1
4968	1
81575	1
30291	1
84996	1
53560	1
56488	1
48652	1
72670	1
52096	1
33490	1
754	1
14251	1
59450	1
47284	1
59679	1
95830	1
84996	1
84996	1
5578	1
33270	1
69834	1
37833	1
9334	1
48652	1
80425	1
38061	1
74405	1
91016	1
31742	1
53223	1
38281	1
37807	1
96080	1
6425	1
68491	1
74405	1
33553	1
38061	1
16769	1
84996	1
76484	1
53223	1
11511	1
42516	1
7056	1
84996	1
95587	1
31931	1
49829	1
53223	1
27470	1
55957	1
68677	1
6712	1
91016	1
36502	1
3276	1
84996	1
45750	1
83107	1
27360	1
48588	1
10917	1
16879	1
74405	1
27360	1
60802	1
33596	1
24134	1
16406	1
30552	1
16769	1
84996	1
53223	1
63814	1
95766	1
97085	1
74405	1
42277	1
46697	1
13039	1
42684	1
84996	1
60582	1
20437	1
88042	1
36392	1
536	1
57601	1
74405	1
48978	1
69944	1
96754	1
48652	1
88579	1
6722	1
57460	1
95230	1
63814	1
49669	1
63814	1
74405	1
69834	1
84996	1
77490	1
4945	1
90003	1
27360	1
64034	1
55967	1
51554	1
6288	1
92685	1
87458	1
95587	1
72846	1
80425	1
25982	1
27605	1
53223	1
39620	1
30478	1
83516	1
84996	1
16879	1
32475	1
9190	1
63814	1
50896	1
84535	1
33901	1
66745	1
36361	1
31817	1
48652	1
53223	1
2730	1
83570	1
74846	1
9190	1
19781	1
58568	1
53223	1
18218	1
68491	1
38061	1
91126	1
53223	1
27726	1
74405	1
46786	1
92849	1
53223	1
95587	1
97424	1
35890	1
16879	1
16769	1
33490	1
62471	1
29276	1
71922	1
43064	1
27686	1
85801	1
9622	1
36718	1
42540	1
58419	1
13647	1
65373	1
98867	1
48459	1
45204	1
60688	1
65593	1
32913	1
84996	1
16769	1
16769	1
53223	1
27360	1
95587	1
62035	1
25413	1
17334	1
21662	1
15509	1
63814	1
6178	1
2620	1
2479	1
16769	1
73280	1
95470	1
66193	1
74405	1
18764	1
158	1
99938	1
55465	1
82200	1
74405	1
90215	1
28122	1
34142	1
53223	1
9873	1
69834	1
47290	1
53223	1
74405	1
68111	1
50458	1
54398	1
95473	1
52530	1
46510	1
84996	1
75964	1
58010	1
52399	1
86115	1
53223	1
9732	1
16769	1
8694	1
66276	1
40874	1
37158	1
57684	1
27470	1
35379	1
48652	1
83896	1
83653	1
83869	1
45894	1
158	1
60366	1
95587	1
10655	1
50431	1
74405	1
53223	1
4835	1
90906	1
74405	1
74405	1
48652	1
89457	1
76128	1
84996	1
75964	1
88631	1
46566	1
89123	1
74405	1
49017	1
32757	1
94167	1
84996	1
91126	1
69944	1
81276	1
44191	1
80535	1
47525	1
27470	1
63814	1
53223	1
34142	1
93011	1
52123	1
64609	1
84996	1
84996	1
38829	1
89207	1
44191	1
16769	1
26563	1
70511	1
63814	1
68304	1
43543	1
53223	1
21996	1
16879	1
24348	1
13074	1
66496	1
83516	1
16769	1
30148	1
70056	1
42848	1
84996	1
87321	1
21201	1
53113	1
16769	1
95587	1
51550	1
64551	1
95252	1
80425	1
6178	1
23549	1
53223	1
15839	1
74405	1
70087	1
75219	1
19503	1
90279	1
53223	1
98672	1
84996	1
15536	1
53686	1
18924	1
11064	1
158	1
5935	1
16923	1
74405	1
89127	1
63814	1
39176	1
15536	1
37947	1
3139	1
91557	1
95535	1
38061	1
35907	1
74592	1
53223	1
53223	1
80269	1
74405	1
77252	1
35049	1
24143	1
32851	1
1717	1
5190	1
38061	1
69041	1
57987	1
10676	1
56169	1
40963	1
44191	1
95587	1
63920	1
91122	1
74405	1
28263	1
79082	1
74405	1
84996	1
74239	1
39180	1
85857	1
12308	1
53223	1
84996	1
36718	1
74405	1
65126	1
81077	1
40982	1
65915	1
73062	1
80751	1
16879	1
26127	1
16879	1
82752	1
16769	1
72402	1
57300	1
28126	1
39865	1
80425	1
66220	1
99155	1
43270	1
27603	1
80425	1
56895	1
97258	1
74405	1
20323	1
46649	1
23225	1
52372	1
28043	1
53223	1
23749	1
53223	1
23702	1
83427	1
73278	1
33270	1
10911	1
97727	1
15457	1
3464	1
84996	1
13779	1
22422	1
53223	1
84996	1
4231	1
8067	1
14193	1
82310	1
74405	1
14584	1
84996	1
10369	1
16879	1
3299	1
27470	1
19781	1
56561	1
84996	1
1730	1
49179	1
84996	1
20213	1
291	1
65589	1
51554	1
84996	1
98186	1
46983	1
74405	1
53223	1
94354	1
11102	1
53223	1
21147	1
3276	1
89222	1
74405	1
44733	1
97968	1
27360	1
95803	1
17	1
86555	1
63667	1
30588	1
16769	1
72155	1
91126	1
88444	1
51880	1
74405	1
60966	1
16853	1
74405	1
69944	1
19781	1
83437	1
91016	1
9925	1
16769	1
84996	1
68518	1
49881	1
95587	1
84996	1
45314	1
29029	1
97445	1
29308	1
50211	1
74405	1
16769	1
38387	1
74405	1
79765	1
38281	1
80645	1
27360	1
7847	1
86092	1
27686	1
75964	1
39946	1
95587	1
86881	1
82750	1
38061	1
74405	1
14110	1
63814	1
74405	1
75630	1
63814	1
84996	1
52343	1
23499	1
50790	1
63972	1
44035	1
56642	1
16769	1
64003	1
94734	1
14934	1
16769	1
74405	1
83555	1
74405	1
19121	1
93067	1
1717	1
56777	1
74405	1
63814	1
68381	1
27760	1
24508	1
22129	1
59463	1
12411	1
48978	1
15426	1
27360	1
4619	1
68275	1
51770	1
15181	1
52233	1
20541	1
23719	1
48652	1
16989	1
87014	1
16769	1
83537	1
13697	1
91782	1
62145	1
53223	1
50473	1
74291	1
74158	1
38387	1
17872	1
96477	1
74405	1
53223	1
65865	1
62855	1
77386	1
24348	1
4661	1
59453	1
53767	1
77658	1
80971	1
16879	1
12308	1
7847	1
80728	1
12362	1
32280	1
59243	1
63814	1
74405	1
15210	1
74405	1
23466	1
35619	1
58010	1
51554	1
63814	1
74405	1
98525	1
74511	1
27360	1
93447	1
8063	1
78834	1
74405	1
26150	1
35554	1
74405	1
96733	1
23225	1
23775	1
10965	1
6178	1
2922	1
84338	1
84996	1
53223	1
24983	1
32975	1
48623	1
97256	1
74405	1
56069	1
2259	1
27470	1
74457	1
27686	1
66683	1
17421	1
45750	1
38661	1
63814	1
49198	1
64466	1
74544	1
6178	1
399	1
16879	1
6720	1
15426	1
56667	1
1823	1
22901	1
31707	1
64026	1
58861	1
74405	1
27360	1
97081	1
48652	1
21500	1
84996	1
27470	1
25880	1
22899	1
16776	1
84996	1
4619	1
90879	1
95587	1
39620	1
36502	1
45314	1
79192	1
74405	1
29465	1
71939	1
94354	1
25447	1
89393	1
38871	1
94028	1
27360	1
48868	1
74405	1
16292	1
35138	1
29928	1
77119	1
84224	1
84996	1
66269	1
27661	1
27846	1
45314	1
91016	1
37617	1
84996	1
16769	1
53223	1
62965	1
74405	1
84054	1
58226	1
83979	1
42153	1
48652	1
84996	1
89783	1
49751	1
374	1
13286	1
27360	1
74405	1
1034	1
30152	1
91016	1
80199	1
61815	1
63814	1
74405	1
53223	1
5619	1
80971	1
33010	1
40963	1
45314	1
39184	1
25722	1
74378	1
24348	1
69834	1
22459	1
30372	1
53223	1
63941	1
63814	1
52316	1
65373	1
9016	1
23665	1
700	1
74405	1
86902	1
91016	1
33319	1
29108	1
14097	1
84996	1
95587	1
26563	1
92685	1
15883	1
72846	1
34582	1
27470	1
25550	1
14923	1
17	1
68958	1
27360	1
72564	1
83082	1
53223	1
12887	1
74841	1
53223	1
50977	1
27470	1
32531	1
96626	1
3056	1
74405	1
63704	1
87541	1
72846	1
18764	1
770	1
59243	1
27360	1
73558	1
88303	1
41287	1
48652	1
1717	1
91878	1
48652	1
70023	1
6178	1
98199	1
27360	1
74405	1
74405	1
75987	1
74405	1
9676	1
84996	1
84996	1
73444	1
96106	1
20934	1
4258	1
41760	1
74405	1
78067	1
75964	1
74405	1
27360	1
95587	1
81503	1
88114	1
61591	1
83796	1
33490	1
71526	1
73857	1
74405	1
78725	1
80367	1
54998	1
6367	1
51720	1
65589	1
63814	1
58419	1
56941	1
22515	1
97146	1
63814	1
16087	1
7847	1
30245	1
44191	1
44191	1
74405	1
8204	1
6178	1
84996	1
84996	1
77633	1
60503	1
95504	1
71577	1
74405	1
88880	1
65996	1
9190	1
24786	1
28956	1
75574	1
85978	1
81891	1
79684	1
86555	1
19285	1
26426	1
36392	1
19995	1
74405	1
94028	1
51328	1
8279	1
84996	1
75883	1
63814	1
69757	1
52210	1
87877	1
74405	1
47635	1
63814	1
19997	1
9732	1
58911	1
16769	1
74405	1
69834	1
85212	1
35732	1
81023	1
91558	1
57900	1
38497	1
24458	1
85108	1
6178	1
1717	1
36209	1
80425	1
95807	1
78239	1
74405	1
56593	1
96602	1
4997	1
84996	1
85212	1
74405	1
90725	1
95803	1
36745	1
80425	1
73058	1
93561	1
59708	1
7843	1
77331	1
50001	1
16769	1
2753	1
78866	1
69834	1
59243	1
32147	1
92276	1
16769	1
79192	1
74405	1
70903	1
11625	1
28004	1
89999	1
78100	1
44081	1
53223	1
1717	1
74405	1
9512	1
53223	1
77305	1
53223	1
66932	1
6288	1
49045	1
6178	1
64746	1
48652	1
74405	1
46983	1
86929	1
84996	1
32257	1
26316	1
83653	1
69366	1
67271	1
87757	1
36546	1
31359	1
50607	1
60771	1
93831	1
86555	1
53223	1
74405	1
74405	1
77361	1
29450	1
11432	1
53223	1
2049	1
53223	1
91558	1
16769	1
16879	1
70486	1
20323	1
87921	1
12854	1
74405	1
82734	1
70184	1
51554	1
74405	1
38061	1
74405	1
88224	1
74405	1
61817	1
22899	1
4835	1
82295	1
28018	1
15536	1
95587	1
90140	1
51880	1
68275	1
6178	1
6178	1
25004	1
59243	1
37034	1
67258	1
56341	1
63814	1
53223	1
63704	1
158	1
74702	1
16769	1
75528	1
41482	1
87429	1
27360	1
15798	1
90765	1
27360	1
64787	1
13267	1
73062	1
40963	1
1717	1
88114	1
74405	1
75964	1
62768	1
79082	1
10062	1
91873	1
28585	1
74405	1
48652	1
74405	1
59785	1
15798	1
44100	1
71503	1
12308	1
6288	1
48652	1
89567	1
74405	1
12308	1
10722	1
21886	1
6178	1
5116	1
27360	1
36824	1
74405	1
80535	1
32350	1
67271	1
48652	1
96033	1
85542	1
80581	1
74405	1
27360	1
4314	1
53223	1
38962	1
19997	1
81517	1
89567	1
74405	1
84996	1
6178	1
87458	1
19026	1
32174	1
16769	1
36305	1
27360	1
35541	1
51334	1
97146	1
25992	1
29249	1
74188	1
54782	1
1717	1
59243	1
74405	1
27360	1
74405	1
95587	1
158	1
86555	1
16879	1
99332	1
58006	1
95587	1
74405	1
74405	1
27360	1
74405	1
26598	1
82420	1
23061	1
17699	1
84996	1
54855	1
74129	1
52217	1
97036	1
87200	1
50811	1
41415	1
11025	1
33073	1
86555	1
88453	1
50537	1
24568	1
34866	1
53223	1
74405	1
11924	1
21556	1
64136	1
74163	1
51855	1
63704	1
30727	1
27470	1
20217	1
80367	1
44683	1
46890	1
87595	1
40391	1
45750	1
77523	1
20657	1
22899	1
72516	1
48043	1
75964	1
84996	1
74405	1
22106	1
44081	1
27360	1
33816	1
7324	1
46732	1
22899	1
55874	1
80425	1
61088	1
62428	1
62828	1
3986	1
27470	1
74405	1
16879	1
10089	1
56557	1
98460	1
53223	1
74405	1
44081	1
93123	1
38823	1
27360	1
84996	1
74405	1
38281	1
39346	1
51764	1
16769	1
74405	1
98595	1
30478	1
32783	1
98806	1
4835	1
77760	1
10550	1
71063	1
72736	1
86555	1
84996	1
46983	1
49362	1
63814	1
6288	1
30970	1
27470	1
21340	1
69917	1
78289	1
89457	1
21882	1
24922	1
37333	1
63814	1
4619	1
52478	1
32035	1
11542	1
76163	1
80535	1
57900	1
84996	1
7681	1
96568	1
61987	1
78312	1
36581	1
91558	1
50537	1
47745	1
50952	1
84996	1
96513	1
22160	1
74405	1
62797	1
96077	1
77633	1
69529	1
75223	1
38856	1
74405	1
59243	1
59243	1
1717	1
65900	1
4482	1
80207	1
15536	1
16989	1
90699	1
64690	1
2975	1
49080	1
89567	1
88816	1
74405	1
2782	1
16769	1
97472	1
27470	1
2105	1
83437	1
63814	1
53223	1
40990	1
30667	1
98277	1
71939	1
14521	1
48648	1
74405	1
84996	1
59785	1
27470	1
16989	1
45908	1
74405	1
77633	1
83349	1
2178	1
77116	1
30588	1
42877	1
61352	1
27360	1
693	1
50520	1
291	1
53223	1
99172	1
12054	1
60802	1
91016	1
74405	1
59243	1
16769	1
6171	1
91016	1
29029	1
86555	1
84996	1
65879	1
34101	1
46983	1
44733	1
67505	1
25125	1
84996	1
63814	1
8256	1
47296	1
20464	1
42848	1
74405	1
88590	1
34279	1
53223	1
21556	1
95587	1
70968	1
73062	1
74405	1
98300	1
84559	1
42522	1
27470	1
59274	1
78669	1
84996	1
18797	1
6178	1
6830	1
11405	1
60173	1
6178	1
38689	1
83653	1
77274	1
74405	1
38061	1
74591	1
37756	1
73062	1
23142	1
80425	1
81247	1
74405	1
69477	1
53223	1
72734	1
53655	1
84996	1
18324	1
84996	1
16879	1
77662	1
74405	1
9159	1
74621	1
54782	1
84996	1
70376	1
16196	1
78866	1
44081	1
84996	1
7360	1
99918	1
11924	1
17095	1
74405	1
91178	1
74405	1
94028	1
31945	1
74405	1
6178	1
16879	1
16769	1
74405	1
73062	1
58504	1
74405	1
31734	1
85212	1
64466	1
38061	1
74405	1
46551	1
99608	1
53223	1
3139	1
68875	1
24313	1
59961	1
9381	1
42161	1
38061	1
43143	1
15210	1
63814	1
47560	1
79834	1
89567	1
98953	1
32714	1
74405	1
33380	1
5161	1
75700	1
53223	1
63814	1
38090	1
62145	1
74405	1
17342	1
66772	1
53223	1
80967	1
28263	1
13911	1
16823	1
84996	1
41179	1
63704	1
69803	1
64013	1
61045	1
95587	1
72736	1
52540	1
74405	1
88008	1
27360	1
95587	1
68696	1
76647	1
84996	1
97146	1
63814	1
23115	1
85538	1
16769	1
93875	1
44355	1
48758	1
26403	1
55797	1
14247	1
57400	1
56000	1
87235	1
44191	1
19781	1
14193	1
81573	1
91126	1
84996	1
53223	1
71234	1
90550	1
42408	1
84996	1
27470	1
74405	1
75964	1
86194	1
36718	1
60692	1
53223	1
73373	1
3002	1
53223	1
82094	1
59243	1
46983	1
74405	1
60079	1
94028	1
158	1
87973	1
53223	1
20213	1
68817	1
63814	1
26351	1
84996	1
86493	1
73450	1
38061	1
25911	1
82094	1
60113	1
16879	1
74405	1
11288	1
15081	1
44156	1
64356	1
24541	1
74405	1
23665	1
53223	1
72846	1
94431	1
71582	1
97820	1
60659	1
86858	1
57684	1
81297	1
67256	1
25911	1
74405	1
1885	1
48652	1
40054	1
12308	1
22764	1
38387	1
93507	1
35823	1
12308	1
20873	1
44081	1
91126	1
75528	1
85183	1
95693	1
95830	1
45331	1
34719	1
47309	1
54778	1
27360	1
87317	1
237	1
53439	1
84996	1
59243	1
74405	1
57464	1
38061	1
46076	1
61242	1
47093	1
32043	1
74405	1
16769	1
4443	1
75264	1
84996	1
35394	1
13427	1
24458	1
48899	1
82420	1
42844	1
53443	1
16769	1
45746	1
74405	1
2259	1
27360	1
21639	1
6288	1
29764	1
74405	1
11484	1
69778	1
1717	1
53223	1
79192	1
62876	1
84996	1
86115	1
17558	1
15210	1
72846	1
85538	1
89679	1
97642	1
63704	1
35921	1
23441	1
15432	1
83437	1
39599	1
1082	1
55917	1
85459	1
72838	1
48652	1
81463	1
84776	1
16862	1
92272	1
47309	1
4619	1
30040	1
65373	1
74405	1
63897	1
86555	1
73909	1
61965	1
66932	1
74405	1
63704	1
7045	1
27470	1
84093	1
22899	1
53223	1
48652	1
84996	1
6288	1
5013	1
50203	1
69309	1
74405	1
95587	1
7094	1
22243	1
62606	1
57103	1
69450	1
85322	1
27360	1
84996	1
87517	1
53223	1
37538	1
66415	1
22119	1
83981	1
98132	1
27470	1
13128	1
9184	1
11405	1
63814	1
69834	1
10583	1
36502	1
5601	1
63814	1
93287	1
26316	1
76990	1
84996	1
84996	1
74405	1
16972	1
74405	1
64030	1
94491	1
91016	1
96129	1
19781	1
45746	1
84089	1
81938	1
31931	1
59243	1
18797	1
99031	1
24605	1
46261	1
91016	1
4619	1
76753	1
20465	1
90856	1
74405	1
74405	1
80425	1
77633	1
53223	1
47093	1
74405	1
15210	1
18654	1
84996	1
16769	1
86418	1
47635	1
50377	1
12308	1
98595	1
82841	1
25048	1
82173	1
84996	1
53223	1
74405	1
1717	1
90057	1
74405	1
5165	1
9588	1
44395	1
10965	1
96785	1
16769	1
9512	1
53223	1
94354	1
63814	1
90796	1
79192	1
56649	1
97719	1
48812	1
21882	1
6178	1
73602	1
97688	1
27470	1
65373	1
9707	1
20904	1
58271	1
84996	1
22899	1
91506	1
26426	1
25184	1
52005	1
32147	1
80425	1
8853	1
51880	1
16879	1
72516	1
51301	1
18874	1
29472	1
6288	1
74405	1
16879	1
4646	1
40963	1
93744	1
25172	1
99145	1
80425	1
1717	1
84996	1
21340	1
91016	1
6178	1
19997	1
93058	1
590	1
53223	1
22538	1
95587	1
74405	1
6288	1
44191	1
92685	1
38061	1
91917	1
27360	1
30229	1
86362	1
56414	1
6178	1
71200	1
39915	1
42628	1
54431	1
65373	1
24022	1
89457	1
74405	1
95587	1
95803	1
38852	1
99135	1
6830	1
6857	1
58199	1
6284	1
99938	1
84996	1
42778	1
65884	1
31886	1
30447	1
60866	1
9842	1
91126	1
87950	1
19781	1
37090	1
7957	1
30945	1
51110	1
91126	1
48978	1
74405	1
75964	1
81548	1
66519	1
76707	1
28451	1
26939	1
74405	1
91699	1
83437	1
1333	1
89999	1
36255	1
25500	1
74405	1
75989	1
74405	1
63799	1
72736	1
71360	1
84996	1
16769	1
53223	1
71279	1
13867	1
34362	1
35903	1
6178	1
16769	1
94028	1
94603	1
84996	1
47969	1
27360	1
49555	1
68275	1
1717	1
84996	1
82009	1
84996	1
74405	1
1009	1
3467	1
74405	1
41729	1
84996	1
3492	1
26704	1
53223	1
80731	1
74405	1
50321	1
53113	1
80938	1
74405	1
63814	1
33069	1
57871	1
67038	1
74405	1
68146	1
84996	1
27360	1
44081	1
77633	1
39007	1
4561	1
75377	1
84996	1
12308	1
19597	1
17267	1
74405	1
84529	1
72846	1
74405	1
63814	1
74405	1
50321	1
30972	1
62884	1
97146	1
68825	1
63814	1
26563	1
53223	1
42161	1
98871	1
74405	1
57684	1
93553	1
18654	1
12389	1
27360	1
50432	1
94028	1
88413	1
22106	1
84996	1
91016	1
68219	1
78256	1
1933	1
66326	1
95915	1
34920	1
31931	1
72736	1
94354	1
80535	1
29355	1
16769	1
27360	1
21666	1
44623	1
92849	1
91016	1
83157	1
16052	1
56781	1
27360	1
96353	1
70054	1
78022	1
38717	1
19474	1
8499	1
48494	1
80425	1
27373	1
23885	1
53223	1
27360	1
9676	1
84996	1
74405	1
76290	1
73388	1
16769	1
87657	1
90167	1
70376	1
27470	1
30679	1
59611	1
51770	1
84996	1
42629	1
81384	1
90329	1
99577	1
63814	1
78646	1
74405	1
74405	1
72636	1
64356	1
55854	1
27360	1
67837	1
29791	1
38061	1
96569	1
34418	1
53812	1
66000	1
81054	1
9622	1
2372	1
58095	1
41698	1
17016	1
53223	1
75943	1
13861	1
69944	1
33596	1
8262	1
7843	1
18654	1
69772	1
95587	1
6504	1
158	1
74405	1
95091	1
74405	1
63704	1
27360	1
58450	1
44191	1
90030	1
91558	1
84996	1
36392	1
74405	1
75964	1
97036	1
50561	1
44081	1
73681	1
84996	1
63814	1
40478	1
74405	1
74405	1
80535	1
72726	1
38061	1
12067	1
85538	1
15572	1
84996	1
63814	1
34441	1
27360	1
38061	1
84992	1
53223	1
84996	1
26473	1
14006	1
13404	1
61589	1
90140	1
76566	1
47305	1
32774	1
44627	1
94028	1
80425	1
83441	1
13537	1
6178	1
75964	1
80425	1
59243	1
74405	1
74405	1
51799	1
57603	1
46983	1
65373	1
34806	1
55820	1
53223	1
51488	1
64356	1
22482	1
38061	1
27360	1
80535	1
67943	1
18438	1
22693	1
6091	1
7957	1
1051	1
74405	1
68275	1
27470	1
20431	1
46807	1
38061	1
40963	1
94028	1
84996	1
895	1
1717	1
84996	1
96710	1
53223	1
24348	1
6159	1
57935	1
33816	1
94842	1
39535	1
36019	1
74405	1
63814	1
44191	1
1717	1
6178	1
53223	1
18874	1
47328	1
82993	1
68738	1
30568	1
21666	1
75700	1
43450	1
88220	1
80467	1
61053	1
5958	1
40052	1
15210	1
60771	1
51416	1
70706	1
7847	1
84996	1
6178	1
23661	1
3492	1
41289	1
80967	1
97148	1
80425	1
39010	1
84996	1
74405	1
53765	1
53223	1
31501	1
27360	1
31684	1
59490	1
63814	1
24458	1
84996	1
14193	1
74405	1
74405	1
127	1
63704	1
48652	1
40148	1
74405	1
73062	1
14413	1
7515	1
63814	1
43468	1
84996	1
79082	1
33820	1
53223	1
59459	1
57869	1
95587	1
30118	1
65373	1
89457	1
29791	1
53003	1
61292	1
634	1
71858	1
73168	1
21340	1
78866	1
84996	1
68275	1
64883	1
91668	1
56557	1
26994	1
57923	1
84996	1
91126	1
88413	1
63814	1
61188	1
87798	1
21340	1
47525	1
16769	1
16879	1
6178	1
4310	1
53223	1
74405	1
43805	1
95587	1
44081	1
20684	1
32257	1
27470	1
87097	1
54805	1
63035	1
1717	1
39672	1
62907	1
74405	1
69834	1
12308	1
12308	1
84996	1
25422	1
74405	1
40033	1
39184	1
99440	1
97256	1
59243	1
35564	1
54782	1
83437	1
74405	1
96737	1
33490	1
38667	1
16769	1
61242	1
5408	1
74405	1
63318	1
61047	1
74405	1
12306	1
59106	1
63814	1
29791	1
53223	1
74405	1
5055	1
36309	1
45670	1
95587	1
69834	1
74405	1
78866	1
78484	1
32060	1
92860	1
84996	1
44733	1
11308	1
18002	1
64030	1
88332	1
60445	1
53223	1
8860	1
59243	1
51052	1
12400	1
98568	1
80425	1
58803	1
73062	1
98238	1
6178	1
23034	1
59243	1
53223	1
6178	1
70164	1
55681	1
74405	1
66144	1
16879	1
88641	1
84996	1
48652	1
27360	1
95199	1
6064	1
28012	1
74405	1
88114	1
84996	1
43494	1
83248	1
63814	1
59322	1
29791	1
37538	1
27470	1
20873	1
53223	1
69940	1
30131	1
74405	1
90082	1
74405	1
97445	1
27686	1
62255	1
95587	1
45682	1
74405	1
57684	1
25857	1
84996	1
96871	1
88303	1
53223	1
95913	1
47093	1
66932	1
24141	1
96270	1
80224	1
85243	1
42773	1
38964	1
68794	1
95587	1
50290	1
58604	1
67752	1
74405	1
40494	1
74405	1
7818	1
40963	1
13191	1
9406	1
74405	1
74405	1
78160	1
11650	1
45829	1
29932	1
53223	1
1933	1
84996	1
81972	1
36392	1
80811	1
74405	1
11351	1
74405	1
54782	1
88708	1
6288	1
33743	1
93231	1
53223	1
21016	1
95587	1
4619	1
53223	1
77743	1
62865	1
63814	1
2620	1
74405	1
67611	1
24238	1
37538	1
6178	1
96596	1
63814	1
94491	1
27360	1
48791	1
84996	1
84996	1
84996	1
67258	1
87894	1
67918	1
56561	1
79337	1
80425	1
82094	1
6500	1
20103	1
84120	1
52970	1
48652	1
14881	1
74405	1
79408	1
86775	1
98435	1
75250	1
26347	1
1415	1
10749	1
158	1
6178	1
1717	1
40963	1
47776	1
59243	1
88440	1
10965	1
17563	1
20543	1
62471	1
53223	1
31931	1
24568	1
27360	1
38385	1
94426	1
58803	1
16879	1
27470	1
13977	1
93725	1
27360	1
95919	1
84996	1
74405	1
79908	1
77928	1
89567	1
7592	1
84996	1
53223	1
53362	1
22845	1
91257	1
12304	1
51189	1
78985	1
80535	1
99608	1
29986	1
4968	1
35379	1
93231	1
48461	1
91126	1
64817	1
53223	1
94354	1
16769	1
97256	1
91016	1
74405	1
40963	1
23441	1
9190	1
31107	1
36141	1
30914	1
59243	1
49406	1
74405	1
78866	1
86352	1
53852	1
28049	1
62907	1
62583	1
59017	1
53223	1
74291	1
64993	1
41752	1
1717	1
22241	1
93121	1
54998	1
27470	1
13508	1
66220	1
6830	1
77523	1
62797	1
8067	1
4152	1
73671	1
485	1
39780	1
12308	1
60802	1
47996	1
95445	1
22899	1
15752	1
53113	1
63770	1
74405	1
84996	1
13161	1
36502	1
18878	1
74405	1
99951	1
97146	1
8633	1
54558	1
16769	1
27360	1
32861	1
5962	1
31765	1
99934	1
64003	1
76642	1
33600	1
18326	1
92685	1
18218	1
84996	1
84996	1
6367	1
80095	1
69944	1
95919	1
16769	1
63814	1
80967	1
59243	1
42005	1
82094	1
7091	1
30368	1
84996	1
93887	1
29166	1
12524	1
37843	1
49559	1
24566	1
82094	1
48652	1
81077	1
41100	1
96349	1
86115	1
88853	1
6178	1
72807	1
53223	1
48459	1
95392	1
27360	1
21116	1
7220	1
31165	1
62471	1
71286	1
68275	1
2263	1
94875	1
82200	1
91417	1
74405	1
47093	1
9846	1
93100	1
67015	1
95126	1
74405	1
63814	1
33270	1
72736	1
97472	1
78866	1
13686	1
74621	1
62797	1
95587	1
10749	1
46983	1
61242	1
74405	1
53223	1
74405	1
76946	1
56337	1
73502	1
7643	1
74405	1
14417	1
95587	1
57684	1
84996	1
91317	1
38061	1
16769	1
81953	1
80697	1
22899	1
73745	1
35159	1
11621	1
58340	1
45662	1
74405	1
60912	1
27470	1
84996	1
127	1
87213	1
57684	1
43122	1
44081	1
6178	1
21199	1
20089	1
19590	1
70957	1
8586	1
44411	1
22899	1
37893	1
80535	1
12308	1
69834	1
44355	1
33490	1
22239	1
74405	1
73274	1
74405	1
51554	1
74405	1
6178	1
30372	1
95371	1
74405	1
2975	1
81548	1
67595	1
32637	1
24564	1
97748	1
49331	1
43178	1
34895	1
8727	1
80423	1
71393	1
26453	1
98073	1
82750	1
22899	1
38061	1
20078	1
5817	1
87564	1
63814	1
16879	1
27360	1
72736	1
92685	1
79252	1
86758	1
91016	1
23335	1
80425	1
16528	1
14197	1
2860	1
86393	1
38603	1
89343	1
374	1
49664	1
21556	1
94410	1
84996	1
38061	1
84996	1
63814	1
82463	1
48652	1
41731	1
28637	1
6288	1
37158	1
53223	1
74353	1
10361	1
53223	1
196	1
79709	1
95587	1
63814	1
95587	1
53223	1
19781	1
77409	1
47635	1
75964	1
33600	1
16020	1
53113	1
77743	1
91016	1
98458	1
81374	1
38603	1
74405	1
80284	1
74405	1
42985	1
16769	1
80425	1
94134	1
84996	1
36411	1
80782	1
9190	1
74405	1
59243	1
79082	1
19781	1
37564	1
54782	1
22866	1
16769	1
27360	1
9138	1
62608	1
39946	1
38277	1
39836	1
12308	1
84996	1
27360	1
4914	1
91097	1
30588	1
700	1
27360	1
64250	1
74405	1
84583	1
41509	1
47415	1
28562	1
73502	1
92693	1
48893	1
27360	1
74405	1
30291	1
43064	1
94028	1
54014	1
6178	1
63814	1
38061	1
82310	1
49231	1
97252	1
74405	1
6178	1
95583	1
74405	1
73309	1
37262	1
74405	1
51163	1
67995	1
95587	1
6602	1
33490	1
84996	1
12891	1
74405	1
74405	1
74405	1
15644	1
48652	1
78646	1
44108	1
7957	1
84502	1
9190	1
25361	1
72516	1
70297	1
11044	1
30372	1
94074	1
28996	1
33490	1
96046	1
32693	1
33490	1
80535	1
91919	1
17562	1
36392	1
75964	1
84996	1
53223	1
48652	1
74405	1
94028	1
87321	1
84996	1
32693	1
41750	1
70486	1
54099	1
27582	1
895	1
30235	1
2560	1
74405	1
74405	1
69720	1
21120	1
68055	1
68817	1
50896	1
79499	1
38061	1
79192	1
68624	1
69834	1
93011	1
95567	1
63814	1
88751	1
16879	1
16769	1
13867	1
69834	1
98818	1
60802	1
72450	1
64246	1
59243	1
16879	1
47093	1
1933	1
76070	1
74405	1
27360	1
75167	1
4011	1
30291	1
18021	1
76070	1
73772	1
57900	1
33932	1
74405	1
66932	1
15183	1
10867	1
41289	1
72846	1
55434	1
74405	1
38061	1
28780	1
51554	1
82150	1
49308	1
41081	1
63814	1
59160	1
22758	1
46983	1
61348	1
74405	1
30752	1
37185	1
7847	1
60802	1
70254	1
84996	1
93144	1
33995	1
84996	1
72838	1
95587	1
37914	1
69834	1
99031	1
83329	1
27360	1
67036	1
89787	1
35842	1
31439	1
69230	1
89567	1
53223	1
98599	1
93916	1
74405	1
82090	1
53223	1
10965	1
94491	1
22899	1
40299	1
53223	1
12580	1
74405	1
25801	1
91809	1
84996	1
38823	1
14232	1
95587	1
29272	1
27629	1
53223	1
97146	1
16518	1
62784	1
63814	1
52131	1
69198	1
84996	1
84996	1
21233	1
5161	1
44953	1
95807	1
29864	1
12308	1
84996	1
10247	1
22087	1
11898	1
88660	1
97146	1
15210	1
18924	1
63704	1
25934	1
84996	1
84996	1
71719	1
46969	1
47183	1
19746	1
74405	1
52968	1
84996	1
1933	1
74405	1
91016	1
65346	1
22019	1
62687	1
9435	1
84996	1
67148	1
81021	1
84996	1
80751	1
57684	1
76730	1
83437	1
15206	1
73369	1
72846	1
16879	1
63814	1
97256	1
38453	1
37947	1
21550	1
58419	1
9190	1
43064	1
8283	1
75964	1
39647	1
92035	1
16769	1
16879	1
94570	1
46983	1
15210	1
80311	1
52611	1
74405	1
66977	1
29355	1
53223	1
69834	1
84996	1
74405	1
37781	1
22899	1
81077	1
7592	1
25911	1
98400	1
53223	1
15536	1
1717	1
64030	1
31466	1
73226	1
75623	1
68601	1
77523	1
18434	1
28815	1
69500	1
69834	1
39946	1
73388	1
48652	1
36438	1
18438	1
80425	1
74405	1
53223	1
63814	1
85380	1
65373	1
22706	1
35979	1
27470	1
49330	1
34596	1
54782	1
35049	1
27470	1
62160	1
78866	1
26997	1
44411	1
27360	1
74405	1
53439	1
37922	1
74405	1
18438	1
37044	1
52096	1
84996	1
74405	1
39836	1
53223	1
9512	1
92412	1
63814	1
77849	1
74405	1
61620	1
38061	1
80425	1
69337	1
16879	1
18438	1
87378	1
92577	1
26453	1
14550	1
60802	1
91126	1
32614	1
3955	1
15536	1
53223	1
18490	1
23468	1
56204	1
33490	1
32147	1
64026	1
29384	1
30848	1
20896	1
53223	1
85538	1
35375	1
31927	1
79792	1
99578	1
38937	1
44606	1
40963	1
30914	1
99782	1
28429	1
73965	1
63814	1
65709	1
63947	1
41289	1
16879	1
3272	1
59243	1
27360	1
29029	1
71823	1
84996	1
74216	1
82530	1
6178	1
30372	1
53223	1
79852	1
54562	1
80425	1
53223	1
59463	1
21720	1
53223	1
39443	1
158	1
16769	1
61022	1
65809	1
67901	1
27288	1
27360	1
67914	1
91126	1
63561	1
94244	1
17311	1
69724	1
86555	1
3135	1
11648	1
97146	1
77743	1
32913	1
32147	1
16769	1
15779	1
84832	1
97036	1
56831	1
75149	1
27849	1
55189	1
96816	1
21340	1
22378	1
63484	1
6178	1
91919	1
70376	1
63814	1
5078	1
63814	1
72485	1
66169	1
2259	1
30974	1
35192	1
15210	1
72846	1
1717	1
74405	1
36502	1
27470	1
75964	1
27470	1
25459	1
59818	1
47093	1
16769	1
43068	1
84996	1
16983	1
19997	1
53223	1
30023	1
36392	1
10965	1
81841	1
69834	1
25467	1
51554	1
17553	1
27470	1
74405	1
28907	1
59073	1
48652	1
12335	1
85083	1
36265	1
65905	1
18309	1
31738	1
99067	1
4619	1
27360	1
84996	1
88224	1
13867	1
95587	1
56808	1
53223	1
60900	1
74405	1
20316	1
50641	1
7847	1
6178	1
69834	1
74405	1
28703	1
7737	1
57987	1
43506	1
84490	1
9512	1
56561	1
74405	1
87541	1
59662	1
44411	1
84120	1
6178	1
97753	1
74405	1
77853	1
15069	1
53960	1
72504	1
84400	1
9456	1
2043	1
24784	1
78220	1
74405	1
90109	1
74405	1
97825	1
74405	1
40963	1
95587	1
23445	1
7164	1
84996	1
91126	1
39863	1
59569	1
36498	1
6178	1
60912	1
56777	1
74405	1
94400	1
6573	1
89100	1
63814	1
40963	1
41289	1
7079	1
35379	1
2037	1
16879	1
74405	1
51880	1
48	1
6288	1
9622	1
45829	1
54782	1
53223	1
24458	1
53223	1
4619	1
33081	1
80425	1
91126	1
62467	1
30694	1
49543	1
94051	1
95842	1
49115	1
50375	1
90802	1
91016	1
16655	1
74405	1
58010	1
63735	1
91558	1
74405	1
48652	1
10361	1
16879	1
60113	1
72736	1
84996	1
90107	1
91126	1
5817	1
48652	1
6508	1
2508	1
74405	1
62255	1
21880	1
53223	1
41698	1
53223	1
74405	1
41945	1
79020	1
75964	1
42271	1
30588	1
83459	1
16879	1
63814	1
74405	1
41505	1
6178	1
98232	1
62397	1
84996	1
44407	1
37154	1
63814	1
7531	1
35689	1
9126	1
21446	1
84996	1
74405	1
63814	1
76946	1
37421	1
38061	1
17508	1
63814	1
84996	1
46670	1
80448	1
74405	1
14797	1
8283	1
59243	1
44048	1
53223	1
85212	1
61455	1
12850	1
84996	1
45613	1
88388	1
25911	1
74405	1
38061	1
17240	1
26127	1
74405	1
9718	1
33382	1
86555	1
45750	1
84089	1
74405	1
25330	1
1717	1
19094	1
25687	1
25911	1
74405	1
74405	1
8663	1
86415	1
16769	1
27360	1
74405	1
25911	1
75964	1
63814	1
87246	1
79022	1
9873	1
56667	1
68574	1
74405	1
63814	1
32224	1
78866	1
24564	1
16769	1
31620	1
21392	1
84996	1
88220	1
63814	1
53223	1
91126	1
1613	1
88963	1
23441	1
27405	1
68582	1
84996	1
45966	1
92546	1
7104	1
59305	1
74405	1
72410	1
43479	1
9350	1
8885	1
5001	1
74405	1
46433	1
10195	1
16769	1
53223	1
45970	1
25979	1
10918	1
31931	1
2973	1
5078	1
61512	1
74405	1
84996	1
46653	1
65809	1
32010	1
30372	1
84144	1
74405	1
54205	1
53223	1
94678	1
80425	1
71941	1
16769	1
17095	1
99747	1
82640	1
52225	1
63814	1
27360	1
44081	1
1071	1
74405	1
87554	1
74405	1
17421	1
63814	1
95131	1
47599	1
39759	1
38061	1
35049	1
27360	1
51550	1
76103	1
85785	1
31870	1
50553	1
47525	1
74405	1
28857	1
27360	1
42948	1
30372	1
74405	1
71516	1
38198	1
80535	1
1717	1
74405	1
26181	1
27360	1
47743	1
38034	1
62255	1
53746	1
62255	1
95587	1
57508	1
6776	1
19746	1
63814	1
84996	1
897	1
68601	1
84996	1
24564	1
74405	1
54782	1
16769	1
47525	1
1946	1
71486	1
70436	1
25801	1
38061	1
17535	1
63814	1
9929	1
77856	1
74405	1
16879	1
6288	1
74405	1
58803	1
12578	1
84996	1
38061	1
82420	1
74405	1
35269	1
38061	1
7847	1
2373	1
27360	1
74405	1
16769	1
33370	1
62471	1
92959	1
40963	1
74405	1
50321	1
99409	1
83948	1
95587	1
16769	1
94570	1
16769	1
41509	1
97968	1
27470	1
34339	1
57684	1
73444	1
96710	1
28753	1
90526	1
95587	1
68601	1
36419	1
67341	1
2616	1
95587	1
38061	1
77849	1
6288	1
7737	1
98020	1
17421	1
84996	1
13867	1
6628	1
74405	1
94844	1
57970	1
16769	1
20103	1
8640	1
24655	1
53223	1
31931	1
58010	1
83437	1
74405	1
74405	1
32946	1
69834	1
99828	1
48652	1
34393	1
91016	1
61765	1
74405	1
95803	1
26071	1
27470	1
16879	1
74405	1
74405	1
6288	1
74405	1
27360	1
44260	1
4843	1
65678	1
94028	1
2425	1
56781	1
94028	1
98211	1
39483	1
50973	1
58147	1
71249	1
38061	1
94076	1
80535	1
74405	1
26949	1
16724	1
59243	1
16769	1
66276	1
62255	1
96785	1
70297	1
93588	1
84996	1
53223	1
59023	1
89240	1
24732	1
84996	1
50211	1
11843	1
70380	1
53655	1
59243	1
1781	1
85212	1
38140	1
59243	1
83281	1
6178	1
47309	1
74405	1
78752	1
50618	1
34939	1
18434	1
27470	1
63814	1
74405	1
84996	1
58145	1
8063	1
27906	1
81980	1
18081	1
79192	1
55845	1
85899	1
66328	1
55212	1
94028	1
15426	1
79555	1
74405	1
76290	1
85816	1
95587	1
84996	1
95857	1
88502	1
27360	1
13890	1
48405	1
5165	1
83603	1
59260	1
64030	1
79985	1
23717	1
44268	1
31931	1
74405	1
98355	1
74405	1
60582	1
75252	1
53223	1
64665	1
15590	1
66878	1
14000	1
74405	1
9738	1
54778	1
3276	1
78316	1
84996	1
63814	1
13647	1
99723	1
9704	1
95587	1
63814	1
38717	1
80425	1
32697	1
98435	1
44301	1
53223	1
61296	1
74405	1
53223	1
84545	1
58749	1
74405	1
54998	1
53223	1
81218	1
95587	1
25691	1
22028	1
51880	1
90080	1
33673	1
54782	1
27360	1
23119	1
1441	1
69834	1
19781	1
34827	1
63814	1
94570	1
94570	1
814	1
36714	1
75964	1
34499	1
27360	1
48131	1
29029	1
72462	1
77735	1
62255	1
32838	1
27470	1
84996	1
12634	1
88044	1
86918	1
7737	1
94765	1
72763	1
36442	1
80535	1
92806	1
56121	1
52779	1
15646	1
75964	1
65379	1
48652	1
40199	1
67901	1
6178	1
38061	1
5662	1
69631	1
60638	1
73442	1
92573	1
75964	1
62120	1
66859	1
68931	1
88932	1
84996	1
12634	1
32426	1
8673	1
53113	1
94244	1
34420	1
10767	1
23445	1
89783	1
60409	1
38061	1
63814	1
34582	1
50321	1
96068	1
53113	1
72462	1
91016	1
77137	1
71269	1
36718	1
16769	1
36822	1
37574	1
16879	1
15148	1
74405	1
84996	1
94244	1
21635	1
1157	1
84996	1
74405	1
72516	1
91126	1
6064	1
74405	1
35063	1
38061	1
84944	1
16111	1
53223	1
36045	1
63814	1
16769	1
11195	1
5221	1
74405	1
75964	1
84313	1
13003	1
74405	1
89567	1
75412	1
58642	1
27360	1
33490	1
63578	1
59459	1
51770	1
60346	1
20256	1
84996	1
33490	1
79889	1
86335	1
48652	1
84996	1
49771	1
94244	1
30096	1
32147	1
6178	1
73062	1
87317	1
74405	1
31250	1
82094	1
42848	1
93162	1
44407	1
25550	1
92901	1
32147	1
93286	1
16628	1
58226	1
90547	1
84996	1
91443	1
21446	1
84996	1
1717	1
84996	1
19781	1
30887	1
89293	1
45966	1
20217	1
38964	1
94244	1
74405	1
16769	1
64030	1
95587	1
27360	1
69944	1
27192	1
17421	1
33490	1
75019	1
12414	1
38061	1
19997	1
61894	1
62145	1
13181	1
31155	1
5008	1
61128	1
22899	1
7957	1
4183	1
88224	1
84996	1
33767	1
80425	1
38061	1
91016	1
84996	1
4399	1
6178	1
50730	1
16769	1
669	1
48652	1
91668	1
73168	1
19486	1
15210	1
18297	1
38061	1
84309	1
65975	1
70592	1
35921	1
4258	1
74405	1
81961	1
33845	1
33376	1
48652	1
92085	1
74405	1
16879	1
175	1
52806	1
91016	1
95267	1
80967	1
16769	1
74405	1
91126	1
80535	1
80535	1
75964	1
28015	1
16989	1
10006	1
53439	1
16769	1
43570	1
31815	1
57956	1
74405	1
53113	1
48652	1
74405	1
74544	1
63814	1
84996	1
79082	1
80199	1
77060	1
46425	1
98176	1
53261	1
62471	1
63814	1
73576	1
30559	1
84996	1
26558	1
74405	1
52696	1
74621	1
81191	1
27470	1
16769	1
62168	1
95803	1
49331	1
36824	1
37044	1
20900	1
74405	1
70577	1
84996	1
60802	1
3660	1
95587	1
18438	1
63046	1
72763	1
71472	1
68817	1
63613	1
76867	1
66932	1
53875	1
74405	1
98238	1
72736	1
74405	1
28350	1
22726	1
53223	1
6178	1
15233	1
16769	1
34362	1
53223	1
74405	1
72238	1
38937	1
16769	1
39946	1
51880	1
46952	1
59459	1
72456	1
91016	1
15393	1
38166	1
91126	1
54763	1
6288	1
67397	1
95587	1
16879	1
65259	1
87977	1
50373	1
27360	1
63814	1
43851	1
63814	1
7847	1
58755	1
158	1
53223	1
85783	1
74405	1
88305	1
69944	1
10662	1
73278	1
16879	1
6815	1
69178	1
27360	1
88953	1
74401	1
64898	1
19011	1
63814	1
28736	1
27360	1
80041	1
92625	1
573	1
54329	1
1717	1
89567	1
57199	1
43531	1
35159	1
97964	1
56642	1
49821	1
53223	1
48652	1
29820	1
38061	1
27167	1
78866	1
74405	1
86092	1
54782	1
14193	1
27360	1
1717	1
69834	1
74405	1
74405	1
20340	1
17477	1
63814	1
62328	1
12308	1
63704	1
74654	1
34847	1
10141	1
16769	1
2342	1
84996	1
16794	1
4550	1
84996	1
24564	1
84996	1
63559	1
47635	1
74405	1
95587	1
27360	1
68275	1
90379	1
7847	1
74405	1
31707	1
84996	1
32822	1
93675	1
74405	1
74405	1
1761	1
6367	1
95587	1
30372	1
4619	1
62255	1
22899	1
79364	1
60582	1
71816	1
74405	1
27360	1
48652	1
79273	1
74405	1
84996	1
77137	1
1013	1
80425	1
14162	1
26563	1
57153	1
29932	1
91126	1
44953	1
74405	1
6149	1
68301	1
67258	1
76730	1
84996	1
19781	1
85212	1
74405	1
57103	1
74405	1
80425	1
42848	1
89723	1
73168	1
74405	1
39836	1
63814	1
80425	1
53223	1
47093	1
1717	1
41289	1
50211	1
53223	1
54614	1
50903	1
25675	1
84996	1
25419	1
74405	1
63814	1
53223	1
97201	1
21556	1
16769	1
26727	1
27360	1
53223	1
99873	1
74405	1
48652	1
74405	1
25857	1
49277	1
13915	1
62577	1
74405	1
30547	1
4395	1
89567	1
55355	1
69888	1
63814	1
38061	1
91794	1
52725	1
53223	1
98325	1
44411	1
27360	1
74916	1
24024	1
80535	1
19781	1
65373	1
5354	1
26498	1
16879	1
32615	1
91998	1
10706	1
74405	1
55218	1
28694	1
35025	1
86550	1
53223	1
84996	1
72736	1
74405	1
53223	1
26990	1
27360	1
7737	1
47137	1
91393	1
10828	1
9190	1
15779	1
74405	1
78069	1
8443	1
89567	1
67783	1
66932	1
97908	1
74405	1
74405	1
48652	1
50454	1
27360	1
53223	1
53659	1
47093	1
94244	1
85212	1
16879	1
34090	1
63704	1
397	1
81297	1
83653	1
16879	1
76506	1
74405	1
54782	1
90769	1
89567	1
1730	1
7957	1
64225	1
74405	1
42302	1
27360	1
74405	1
84996	1
84996	1
91043	1
1717	1
35423	1
40778	1
51305	1
98093	1
80672	1
16769	1
53113	1
24458	1
53113	1
43066	1
86775	1
50377	1
63453	1
56341	1
71863	1
44708	1
23115	1
77633	1
38061	1
83702	1
48096	1
63814	1
23665	1
23225	1
87900	1
10749	1
53223	1
68491	1
25801	1
74405	1
78866	1
94028	1
53223	1
60005	1
38061	1
42522	1
74405	1
27470	1
84996	1
64713	1
19781	1
12706	1
16769	1
93561	1
84996	1
43151	1
8626	1
87101	1
69834	1
95587	1
41505	1
45322	1
70104	1
71503	1
42377	1
53223	1
94244	1
95587	1
36575	1
69614	1
68817	1
48652	1
25801	1
69834	1
97020	1
11484	1
82248	1
36392	1
90329	1
1933	1
36718	1
5082	1
58421	1
74405	1
20433	1
22899	1
53223	1
48652	1
23979	1
23476	1
70267	1
99911	1
72736	1
95247	1
47093	1
43991	1
94750	1
63814	1
87813	1
27360	1
85027	1
12308	1
84996	1
74405	1
84996	1
42848	1
1717	1
74405	1
64900	1
44191	1
36718	1
93011	1
16769	1
12124	1
9614	1
10749	1
91126	1
91016	1
74405	1
88909	1
74405	1
29355	1
89725	1
53223	1
65373	1
58963	1
59243	1
67694	1
16989	1
66772	1
6830	1
68491	1
6178	1
84996	1
89999	1
49555	1
91236	1
27360	1
40685	1
99174	1
52480	1
48652	1
33490	1
24458	1
53223	1
8283	1
96187	1
35533	1
41093	1
54782	1
48428	1
16518	1
95587	1
75557	1
4835	1
89840	1
48	1
91668	1
15889	1
75964	1
84996	1
77240	1
53223	1
11405	1
77849	1
87454	1
84996	1
23117	1
35263	1
74405	1
95913	1
74405	1
74405	1
68821	1
25911	1
94024	1
83914	1
42524	1
78752	1
25020	1
74405	1
16769	1
24932	1
74405	1
5628	1
12557	1
16769	1
86555	1
29487	1
84996	1
59243	1
27470	1
53223	1
88224	1
71499	1
1084	1
11949	1
84996	1
53223	1
89840	1
27084	1
97036	1
74405	1
25191	1
74405	1
47089	1
84996	1
54213	1
6178	1
24784	1
53223	1
63814	1
18654	1
63050	1
66826	1
44911	1
33270	1
19781	1
93759	1
27470	1
53223	1
73749	1
15615	1
21882	1
53223	1
68304	1
90885	1
74405	1
69284	1
69693	1
74405	1
99172	1
44081	1
86775	1
56667	1
92193	1
74405	1
6863	1
7427	1
74405	1
63814	1
92581	1
61815	1
77303	1
74405	1
84996	1
82829	1
35458	1
83107	1
78426	1
49331	1
40963	1
36361	1
59546	1
47791	1
44081	1
84996	1
82760	1
80425	1
53223	1
14465	1
62145	1
80425	1
57080	1
44544	1
61198	1
74405	1
74405	1
12634	1
43400	1
53223	1
86816	1
84996	1
96129	1
34866	1
53223	1
91126	1
16769	1
91126	1
95803	1
64387	1
17048	1
86007	1
93081	1
63704	1
44733	1
74405	1
33490	1
20323	1
59814	1
68171	1
84996	1
74405	1
43940	1
91342	1
74405	1
20684	1
25857	1
57599	1
80751	1
91562	1
16784	1
45613	1
4622	1
74405	1
65699	1
13867	1
44081	1
1580	1
64356	1
91126	1
16769	1
77184	1
52895	1
88390	1
74405	1
95587	1
84996	1
84996	1
76450	1
58610	1
48291	1
46352	1
89580	1
97995	1
16769	1
88133	1
84996	1
56557	1
63814	1
2704	1
74405	1
68467	1
59762	1
37378	1
17342	1
7023	1
91126	1
266	1
27360	1
63704	1
15210	1
40833	1
49418	1
53223	1
56659	1
74405	1
91668	1
22899	1
81641	1
43936	1
80174	1
42848	1
80181	1
74405	1
68817	1
84996	1
38524	1
74758	1
13867	1
17016	1
74932	1
82420	1
71750	1
80425	1
58585	1
62145	1
75964	1
6288	1
27470	1
88114	1
16769	1
27470	1
91942	1
48648	1
52293	1
79661	1
86175	1
91201	1
74758	1
64470	1
91147	1
10749	1
18764	1
95497	1
14905	1
74405	1
48652	1
74405	1
80425	1
34814	1
84996	1
48725	1
84996	1
6178	1
74405	1
54782	1
48868	1
12071	1
67258	1
33324	1
97472	1
33490	1
87352	1
74405	1
43747	1
6178	1
62794	1
69834	1
11851	1
83996	1
28122	1
47309	1
53223	1
85471	1
66272	1
53101	1
19781	1
99521	1
96349	1
19997	1
42937	1
71719	1
45016	1
17099	1
18791	1
22160	1
34663	1
60125	1
35296	1
52171	1
68275	1
40739	1
18434	1
15639	1
93808	1
53223	1
9481	1
4941	1
56868	1
45915	1
44081	1
88996	1
56227	1
28278	1
42676	1
53765	1
44191	1
44081	1
57684	1
59011	1
77523	1
54502	1
12308	1
13815	1
52011	1
60553	1
34719	1
71393	1
74405	1
34034	1
86555	1
48652	1
29081	1
71362	1
6722	1
86555	1
63814	1
74405	1
43439	1
62255	1
92994	1
6720	1
26690	1
28193	1
42721	1
84996	1
55226	1
43552	1
98925	1
48652	1
13176	1
48652	1
84996	1
66712	1
6178	1
47093	1
41619	1
88130	1
16769	1
74621	1
45758	1
84120	1
53223	1
9732	1
6641	1
78866	1
97939	1
24296	1
91558	1
53223	1
41505	1
59243	1
6178	1
81050	1
83653	1
69042	1
81243	1
74405	1
74405	1
71111	1
83653	1
85212	1
84996	1
74405	1
50481	1
16769	1
58390	1
33490	1
50431	1
97472	1
84996	1
3272	1
80855	1
16435	1
40855	1
16439	1
83647	1
94028	1
80535	1
69944	1
91016	1
6178	1
57271	1
44081	1
74405	1
97146	1
30939	1
38061	1
12050	1
93976	1
14413	1
40060	1
20759	1
15051	1
95010	1
17095	1
38061	1
94410	1
15210	1
95587	1
1717	1
84996	1
41563	1
84996	1
10402	1
63451	1
16769	1
62907	1
84996	1
74405	1
32786	1
74405	1
93887	1
59243	1
6828	1
42522	1
82563	1
40195	1
95587	1
16879	1
38404	1
42381	1
76863	1
98530	1
6178	1
81027	1
91016	1
96785	1
30372	1
1847	1
34717	1
37756	1
6830	1
51083	1
83956	1
45750	1
94028	1
74405	1
69473	1
74405	1
27360	1
74405	1
62471	1
74405	1
14990	1
84996	1
59764	1
75497	1
5958	1
21666	1
25911	1
97032	1
62554	1
4974	1
65566	1
85355	1
29426	1
38061	1
18741	1
76180	1
70801	1
20786	1
74405	1
24008	1
26445	1
66712	1
27470	1
88635	1
5821	1
93011	1
59183	1
3272	1
74037	1
92905	1
41304	1
13514	1
62957	1
53223	1
76180	1
15825	1
62083	1
50700	1
9757	1
92323	1
72155	1
69722	1
45314	1
74405	1
61003	1
31931	1
53223	1
86555	1
8685	1
71117	1
81857	1
65915	1
62255	1
43840	1
58309	1
40166	1
82094	1
89783	1
60802	1
74405	1
74405	1
71181	1
7073	1
30503	1
6178	1
74405	1
89555	1
72240	1
13136	1
72846	1
75462	1
44191	1
86482	1
30777	1
266	1
51770	1
16769	1
76180	1
87678	1
74326	1
16879	1
53802	1
27873	1
27549	1
36961	1
74405	1
94684	1
1847	1
21662	1
72626	1
19664	1
96569	1
74405	1
87431	1
25801	1
44928	1
74405	1
74405	1
59243	1
90796	1
53223	1
51880	1
945	1
6690	1
74505	1
98771	1
17315	1
48052	1
38061	1
33133	1
53223	1
84996	1
27360	1
74405	1
16879	1
53223	1
25801	1
91126	1
72736	1
50458	1
84996	1
88232	1
92108	1
84199	1
80645	1
44764	1
74405	1
29739	1
17861	1
27360	1
88866	1
82314	1
13780	1
45941	1
13259	1
76737	1
74405	1
74405	1
46983	1
6178	1
35159	1
74405	1
63814	1
14244	1
19661	1
92733	1
74405	1
77602	1
10305	1
21556	1
48	1
95587	1
91016	1
25801	1
47473	1
12885	1
65373	1
38061	1
25456	1
58311	1
73795	1
38061	1
35049	1
84996	1
53223	1
84593	1
63814	1
52876	1
91558	1
40386	1
74405	1
16769	1
58722	1
83653	1
74405	1
61618	1
26023	1
6178	1
69944	1
4860	1
92025	1
90505	1
54782	1
88963	1
41258	1
68275	1
65373	1
8843	1
75005	1
42522	1
63814	1
74504	1
91016	1
80425	1
27470	1
84996	1
74405	1
81274	1
36714	1
29245	1
24647	1
71719	1
60802	1
74405	1
16441	1
6753	1
92003	1
63814	1
42192	1
84996	1
40963	1
39726	1
38061	1
89457	1
80269	1
88440	1
78021	1
3899	1
24678	1
59322	1
73168	1
63814	1
6118	1
47205	1
63814	1
2153	1
30588	1
74405	1
30148	1
62145	1
16879	1
27360	1
38061	1
18654	1
84996	1
74405	1
590	1
35595	1
18658	1
27360	1
1717	1
10749	1
51770	1
54421	1
16632	1
84996	1
27360	1
84996	1
53003	1
31722	1
22978	1
94299	1
51220	1
89179	1
74405	1
68192	1
82310	1
52845	1
22594	1
62145	1
81874	1
74405	1
95587	1
73062	1
74405	1
15752	1
12061	1
95587	1
95587	1
87240	1
93491	1
58666	1
7407	1
74405	1
73639	1
11185	1
13917	1
84996	1
27360	1
64134	1
25096	1
35595	1
67158	1
39821	1
90794	1
53223	1
65373	1
92029	1
75964	1
60910	1
19781	1
48924	1
1837	1
56343	1
15752	1
82310	1
72846	1
53439	1
46107	1
34679	1
16769	1
76211	1
27360	1
26127	1
53659	1
84996	1
65373	1
26382	1
29522	1
41893	1
74405	1
91441	1
46190	1
80047	1
51085	1
84996	1
89779	1
94028	1
84996	1
62247	1
314	1
22899	1
34362	1
99828	1
8241	1
84996	1
3799	1
21091	1
53113	1
33490	1
57684	1
34248	1
45283	1
55002	1
10749	1
79998	1
64030	1
89999	1
74405	1
80535	1
44191	1
12304	1
74405	1
74405	1
75713	1
33490	1
38497	1
94348	1
53223	1
74405	1
53223	1
91016	1
95587	1
53223	1
73481	1
85322	1
95587	1
99797	1
57024	1
12414	1
16769	1
74405	1
53223	1
56557	1
15536	1
43064	1
33546	1
25801	1
61128	1
1852	1
74405	1
54782	1
6288	1
54791	1
52044	1
95010	1
95587	1
44623	1
28458	1
16763	1
28954	1
74405	1
40546	1
16769	1
53223	1
24022	1
41014	1
23960	1
1717	1
83873	1
33244	1
36824	1
50894	1
15210	1
74405	1
76047	1
74405	1
25907	1
69834	1
20958	1
37656	1
54641	1
16879	1
94844	1
61149	1
94028	1
6288	1
5958	1
52476	1
84996	1
3276	1
16769	1
63814	1
34472	1
2703	1
51742	1
74405	1
26893	1
22438	1
74405	1
62149	1
69944	1
1717	1
79026	1
74405	1
33630	1
27360	1
44764	1
10642	1
15210	1
48455	1
74405	1
48652	1
84996	1
74405	1
45204	1
58226	1
75281	1
27360	1
54016	1
6068	1
63814	1
74268	1
97555	1
49555	1
7407	1
24605	1
80535	1
59243	1
95587	1
86314	1
57236	1
44301	1
52179	1
13977	1
53016	1
72736	1
63814	1
65236	1
44081	1
28859	1
92195	1
70267	1
1713	1
34530	1
76126	1
53223	1
74405	1
74405	1
97196	1
62201	1
951	1
44781	1
62884	1
59569	1
69834	1
69834	1
91016	1
27360	1
78845	1
84089	1
82310	1
53223	1
32967	1
27360	1
77195	1
52044	1
75555	1
54782	1
80535	1
16769	1
15609	1
24344	1
15206	1
44081	1
74405	1
88114	1
74405	1
69944	1
98018	1
37484	1
53223	1
16769	1
53223	1
10903	1
85538	1
92034	1
57460	1
32772	1
74405	1
36392	1
51880	1
5429	1
74405	1
46983	1
58758	1
89920	1
94570	1
82902	1
83840	1
22899	1
95749	1
53223	1
16769	1
19190	1
53223	1
75964	1
75964	1
74405	1
17861	1
36282	1
39079	1
16879	1
38804	1
44953	1
86447	1
4922	1
95587	1
30723	1
17342	1
46844	1
28205	1
51880	1
75964	1
12854	1
16769	1
11185	1
40199	1
74405	1
74405	1
7737	1
26959	1
82758	1
36216	1
5476	1
49026	1
74405	1
82310	1
95587	1
68653	1
84996	1
42325	1
75964	1
29029	1
80180	1
29064	1
74405	1
90759	1
91942	1
7737	1
63704	1
69906	1
4835	1
63814	1
40251	1
33164	1
84996	1
14193	1
74405	1
86555	1
81753	1
46674	1
66625	1
74405	1
38061	1
97472	1
9402	1
71613	1
98732	1
69944	1
16769	1
12308	1
54209	1
6178	1
21996	1
96095	1
37158	1
84996	1
89457	1
88224	1
51314	1
74677	1
96438	1
36139	1
97910	1
96752	1
4619	1
77681	1
7737	1
2325	1
29517	1
36502	1
21686	1
95587	1
63814	1
102	1
53223	1
63814	1
53072	1
84996	1
89868	1
94354	1
65915	1
86675	1
96141	1
74405	1
33816	1
6178	1
15536	1
86555	1
1717	1
77849	1
33953	1
79522	1
97999	1
54782	1
84996	1
75827	1
16879	1
16879	1
98314	1
5846	1
26125	1
74405	1
30694	1
72194	1
20653	1
53223	1
18515	1
87135	1
1400	1
53223	1
66932	1
69834	1
35159	1
36141	1
97688	1
86555	1
74405	1
84979	1
4619	1
84996	1
70160	1
62087	1
13454	1
19336	1
74405	1
56561	1
69834	1
84996	1
53223	1
27360	1
83653	1
14771	1
32367	1
38061	1
27360	1
53223	1
27360	1
85295	1
9670	1
61449	1
4619	1
80375	1
71779	1
8723	1
16769	1
14932	1
44434	1
38061	1
27360	1
94244	1
7745	1
7407	1
94134	1
74405	1
93121	1
27470	1
84996	1
12602	1
86736	1
374	1
17421	1
53223	1
74405	1
75964	1
62145	1
77946	1
27360	1
55457	1
58253	1
88220	1
54126	1
72846	1
80751	1
63894	1
16769	1
14416	1
47172	1
15536	1
73278	1
48432	1
74405	1
88224	1
66932	1
38061	1
29548	1
79432	1
42300	1
60225	1
9657	1
53223	1
84996	1
41289	1
53875	1
48652	1
15646	1
97146	1
91016	1
63814	1
8146	1
28149	1
74405	1
64690	1
1717	1
83891	1
80751	1
53223	1
36172	1
12958	1
92928	1
63814	1
15705	1
35379	1
84979	1
2	1
44081	1
3276	1
46541	1
48652	1
74405	1
20923	1
6178	1
24361	1
69944	1
74405	1
74405	1
35630	1
6178	1
99726	1
53223	1
75167	1
47552	1
98230	1
57900	1
57900	1
72736	1
80425	1
158	1
16769	1
63270	1
3056	1
84772	1
41289	1
42682	1
70793	1
1817	1
2789	1
84996	1
70449	1
60142	1
88903	1
38545	1
99741	1
60009	1
9190	1
74405	1
84996	1
74405	1
90796	1
75964	1
51195	1
86429	1
84996	1
41019	1
89783	1
7980	1
96023	1
15536	1
44919	1
74405	1
9898	1
26673	1
78866	1
16769	1
92139	1
74405	1
74621	1
16769	1
2730	1
61242	1
53223	1
75528	1
84120	1
70208	1
98815	1
91016	1
84996	1
84996	1
16659	1
17095	1
65362	1
74405	1
57028	1
90329	1
44870	1
57900	1
43288	1
84996	1
74405	1
74405	1
25911	1
45111	1
90148	1
82052	1
87595	1
94491	1
74405	1
82530	1
3276	1
44191	1
29465	1
7544	1
6398	1
53223	1
15536	1
21556	1
1817	1
44191	1
70903	1
89424	1
84996	1
95423	1
86802	1
60829	1
74405	1
6288	1
44135	1
2913	1
16769	1
24096	1
53223	1
6178	1
34696	1
95587	1
38061	1
54647	1
62799	1
26343	1
88220	1
51149	1
84996	1
59243	1
54614	1
44191	1
18654	1
2616	1
67179	1
31277	1
79823	1
27470	1
55046	1
46257	1
3959	1
97146	1
74405	1
74405	1
16769	1
16769	1
74405	1
6178	1
11864	1
67408	1
74405	1
44733	1
590	1
31931	1
53223	1
74405	1
15532	1
15536	1
94354	1
6178	1
60692	1
40799	1
53223	1
36498	1
95587	1
92768	1
91668	1
6178	1
99031	1
89783	1
79281	1
89197	1
74405	1
74405	1
2263	1
88004	1
63814	1
58749	1
16576	1
88440	1
74405	1
93613	1
84996	1
71613	1
84996	1
23798	1
99857	1
65205	1
7737	1
64030	1
89779	1
97146	1
16879	1
374	1
80425	1
75856	1
84996	1
44081	1
36714	1
65589	1
67831	1
84996	1
32304	1
21665	1
94570	1
27360	1
23225	1
44407	1
92685	1
82094	1
10749	1
3492	1
97472	1
91016	1
83653	1
53223	1
68821	1
95587	1
96710	1
12308	1
50541	1
69724	1
35488	1
6068	1
17970	1
27360	1
37185	1
66050	1
73745	1
52374	1
66579	1
63814	1
62826	1
33546	1
40309	1
86202	1
24059	1
74405	1
40473	1
27470	1
14849	1
74405	1
85818	1
69637	1
95587	1
53223	1
23335	1
12308	1
11918	1
16879	1
72996	1
51382	1
5107	1
17592	1
74405	1
66932	1
63814	1
59243	1
74405	1
84996	1
53223	1
27360	1
1007	1
19781	1
34935	1
74405	1
84996	1
57719	1
60366	1
74405	1
18002	1
46983	1
15094	1
15337	1
38956	1
3276	1
27360	1
85652	1
73363	1
95587	1
27852	1
13867	1
71123	1
84996	1
59459	1
33129	1
12308	1
25253	1
81671	1
95587	1
23115	1
7407	1
90003	1
4416	1
158	1
16769	1
74673	1
20213	1
63814	1
36934	1
74405	1
94350	1
87672	1
27360	1
27688	1
63814	1
99990	1
68601	1
16879	1
70002	1
84996	1
16879	1
31815	1
69591	1
62797	1
80425	1
57900	1
16769	1
29355	1
31927	1
84996	1
82094	1
74405	1
76485	1
74405	1
60912	1
84996	1
68601	1
48652	1
45229	1
44953	1
74266	1
79742	1
84996	1
88440	1
41872	1
73062	1
45750	1
5381	1
5381	1
74405	1
4999	1
92303	1
64194	1
5140	1
69834	1
78866	1
91126	1
39946	1
47203	1
84996	1
25801	1
65373	1
48652	1
59486	1
87357	1
5055	1
48652	1
40963	1
5385	1
80915	1
85212	1
95587	1
15648	1
53223	1
83973	1
74405	1
6178	1
47093	1
16769	1
90072	1
99168	1
42381	1
16769	1
94698	1
52756	1
47614	1
90983	1
84996	1
53113	1
75964	1
34032	1
49991	1
47646	1
67258	1
45204	1
45526	1
15561	1
53223	1
38663	1
47309	1
74405	1
53223	1
88694	1
9186	1
74405	1
44984	1
40963	1
91172	1
80425	1
90743	1
51880	1
74405	1
29575	1
78866	1
28547	1
6392	1
63783	1
84996	1
96017	1
5870	1
56997	1
35159	1
71113	1
2730	1
49324	1
48652	1
48023	1
54205	1
46417	1
49227	1
68734	1
84996	1
1580	1
62471	1
3766	1
5715	1
74405	1
80535	1
84996	1
96812	1
74405	1
74405	1
74405	1
23881	1
97664	1
91126	1
39620	1
16748	1
59463	1
43751	1
74405	1
6178	1
74405	1
61454	1
63814	1
59243	1
84996	1
89999	1
16879	1
48652	1
27147	1
74405	1
24437	1
18249	1
74405	1
74405	1
16769	1
14371	1
34142	1
16769	1
74405	1
6178	1
16879	1
72736	1
27360	1
50678	1
74405	1
27902	1
10268	1
6178	1
5225	1
92791	1
74405	1
80319	1
71912	1
4088	1
2259	1
44081	1
85451	1
63814	1
80535	1
80670	1
82094	1
8719	1
74405	1
74405	1
87398	1
51716	1
24705	1
40149	1
74405	1
84996	1
70539	1
63814	1
1937	1
21340	1
95587	1
65149	1
22926	1
87438	1
70297	1
74764	1
74405	1
63814	1
53765	1
30372	1
84996	1
91232	1
53223	1
47093	1
34981	1
94244	1
93713	1
94244	1
74405	1
55416	1
49418	1
13977	1
40164	1
86115	1
73388	1
63814	1
59243	1
44081	1
92201	1
24678	1
12061	1
38061	1
79302	1
17009	1
63814	1
814	1
76531	1
13728	1
88361	1
44050	1
32533	1
97472	1
30200	1
94018	1
27360	1
48067	1
2807	1
7863	1
90391	1
80994	1
74405	1
9406	1
88069	1
30372	1
8640	1
68275	1
53223	1
53439	1
48648	1
95587	1
82831	1
63046	1
44733	1
1717	1
74405	1
17863	1
83437	1
74405	1
8399	1
27470	1
96766	1
67258	1
22899	1
89096	1
88855	1
36554	1
24580	1
2616	1
63814	1
30777	1
83437	1
96710	1
83869	1
88224	1
57900	1
62255	1
27470	1
50367	1
87481	1
84996	1
15210	1
85756	1
74405	1
16769	1
97217	1
88867	1
30348	1
12308	1
63854	1
18488	1
84996	1
24348	1
70926	1
74405	1
31690	1
75663	1
12308	1
24348	1
22899	1
69614	1
25763	1
48652	1
84996	1
74405	1
12308	1
95587	1
38061	1
3602	1
38607	1
63210	1
74405	1
72736	1
27470	1
723	1
5055	1
59785	1
48652	1
84996	1
66932	1
64622	1
95587	1
88224	1
6178	1
36487	1
18226	1
16817	1
16769	1
37540	1
17452	1
85216	1
91016	1
88276	1
42522	1
63814	1
91126	1
9512	1
91016	1
84996	1
10749	1
32834	1
40409	1
74405	1
42408	1
44081	1
75964	1
54782	1
16628	1
16769	1
21340	1
28655	1
52096	1
2805	1
84996	1
50425	1
35269	1
88440	1
1717	1
38497	1
44953	1
41399	1
38061	1
96976	1
6288	1
77633	1
6504	1
60771	1
67258	1
42522	1
54782	1
14193	1
74405	1
63814	1
72657	1
89457	1
28182	1
53223	1
80425	1
30001	1
35379	1
84089	1
95587	1
68601	1
91758	1
60582	1
74405	1
95587	1
44268	1
86831	1
70376	1
75304	1
53223	1
46983	1
18218	1
84996	1
6178	1
63023	1
20653	1
23142	1
89787	1
91126	1
23115	1
97472	1
84996	1
48652	1
91016	1
33681	1
26347	1
51881	1
97946	1
12308	1
66712	1
85538	1
80425	1
64773	1
81133	1
60802	1
65218	1
64678	1
25720	1
8727	1
56588	1
74405	1
8067	1
97329	1
16769	1
41945	1
26453	1
55870	1
48733	1
64229	1
74405	1
55438	1
84996	1
60802	1
77492	1
27470	1
88411	1
72460	1
69401	1
4206	1
98925	1
53223	1
38061	1
84392	1
92571	1
53223	1
23182	1
27470	1
28394	1
7318	1
99104	1
76506	1
19997	1
21120	1
84996	1
1717	1
84996	1
54562	1
1053	1
48291	1
12823	1
6178	1
15837	1
49984	1
21518	1
74405	1
74405	1
1717	1
70160	1
27470	1
27732	1
13286	1
47888	1
45553	1
69940	1
9653	1
57328	1
23065	1
27734	1
72128	1
74405	1
38767	1
92301	1
92293	1
4619	1
2730	1
53223	1
93308	1
19478	1
74405	1
27360	1
97856	1
74405	1
27470	1
9211	1
74405	1
29108	1
29355	1
23622	1
45526	1
88224	1
72736	1
1435	1
74405	1
65681	1
33600	1
6425	1
40048	1
95890	1
43724	1
6178	1
39180	1
74405	1
20030	1
69378	1
53439	1
19781	1
76841	1
71006	1
1717	1
55315	1
95774	1
15520	1
38061	1
84996	1
26893	1
95479	1
91126	1
93914	1
48511	1
84996	1
60063	1
65909	1
44299	1
6288	1
82887	1
95587	1
26364	1
74405	1
74405	1
74405	1
51554	1
38061	1
82613	1
77193	1
41289	1
81478	1
32390	1
65896	1
72842	1
85322	1
84411	1
73536	1
73332	1
13130	1
53348	1
38644	1
158	1
16769	1
74405	1
27902	1
81602	1
46076	1
74405	1
19997	1
74405	1
64607	1
72846	1
74405	1
98815	1
96961	1
80535	1
82530	1
47996	1
84996	1
24473	1
74405	1
69056	1
39620	1
74405	1
74405	1
74405	1
62664	1
16879	1
80425	1
74405	1
35159	1
59243	1
86719	1
98815	1
53223	1
1717	1
84996	1
74405	1
88440	1
46076	1
72846	1
74405	1
87894	1
35489	1
88641	1
53223	1
25801	1
91043	1
53223	1
41561	1
89316	1
93088	1
85914	1
24458	1
31739	1
92905	1
93042	1
1717	1
9190	1
56997	1
91016	1
19231	1
4835	1
8233	1
38603	1
27494	1
84996	1
20792	1
6178	1
42848	1
84996	1
68051	1
74947	1
84996	1
6720	1
11511	1
84996	1
91016	1
59243	1
95967	1
76290	1
62608	1
16769	1
14620	1
30588	1
48212	1
74405	1
93530	1
34856	1
73481	1
97358	1
71279	1
37434	1
65308	1
14629	1
374	1
58569	1
60590	1
53223	1
95620	1
2400	1
69834	1
52293	1
4677	1
16053	1
93121	1
74405	1
74648	1
53223	1
6178	1
95587	1
84996	1
27360	1
23335	1
74401	1
16879	1
7164	1
74405	1
44191	1
84996	1
55749	1
79082	1
3602	1
83788	1
74405	1
68494	1
80062	1
70160	1
54782	1
42825	1
99109	1
41179	1
63814	1
51880	1
1507	1
99145	1
57900	1
74405	1
23223	1
17506	1
93011	1
62145	1
30723	1
93981	1
6284	1
16879	1
16769	1
94028	1
154	1
48845	1
8862	1
47415	1
66556	1
68275	1
95912	1
14276	1
18438	1
70957	1
12850	1
24442	1
22129	1
15125	1
74405	1
97036	1
93968	1
56341	1
68601	1
80091	1
75921	1
58006	1
58226	1
86555	1
84996	1
26727	1
38061	1
55222	1
79221	1
45750	1
16624	1
38061	1
74405	1
68769	1
27466	1
38848	1
84996	1
17998	1
6178	1
23749	1
68275	1
91016	1
53223	1
35548	1
84996	1
95803	1
13234	1
85621	1
93231	1
24661	1
23202	1
61369	1
74876	1
73935	1
79192	1
74405	1
15747	1
39813	1
98952	1
30671	1
71393	1
82744	1
58820	1
63814	1
19781	1
13211	1
41179	1
42628	1
62500	1
17535	1
71746	1
89480	1
10089	1
66328	1
84996	1
84996	1
95307	1
70187	1
92759	1
88984	1
51880	1
47309	1
72736	1
63814	1
95587	1
16769	1
98815	1
7737	1
36392	1
92017	1
76840	1
43064	1
6178	1
68275	1
89206	1
92004	1
2479	1
23115	1
8040	1
24678	1
45530	1
38061	1
58803	1
85237	1
53223	1
68491	1
36934	1
74405	1
84996	1
52507	1
5138	1
74405	1
19445	1
57944	1
79522	1
16769	1
74405	1
62145	1
53113	1
61599	1
47635	1
74978	1
38277	1
84996	1
16879	1
25911	1
35375	1
24765	1
91342	1
95002	1
64030	1
53223	1
53223	1
88334	1
15536	1
49528	1
23441	1
16769	1
22899	1
74405	1
77375	1
48645	1
74405	1
74947	1
57657	1
69944	1
52237	1
44081	1
95587	1
29928	1
38061	1
9190	1
94570	1
41422	1
63814	1
91016	1
73037	1
41725	1
74405	1
9757	1
55002	1
66052	1
27360	1
74405	1
65581	1
47093	1
25998	1
95587	1
74405	1
36502	1
51554	1
80425	1
47093	1
74405	1
95587	1
1304	1
41065	1
12252	1
34802	1
74405	1
75308	1
58720	1
53223	1
21552	1
16879	1
74621	1
72846	1
29712	1
72736	1
55990	1
38061	1
16769	1
16769	1
90360	1
1690	1
84996	1
1580	1
95587	1
90109	1
88027	1
16769	1
7737	1
36797	1
74405	1
53765	1
88141	1
63814	1
56464	1
7737	1
53223	1
54703	1
95583	1
40963	1
95587	1
94028	1
91016	1
67374	1
59243	1
74405	1
80425	1
83437	1
74405	1
41705	1
60554	1
99964	1
64906	1
53223	1
84996	1
88303	1
31375	1
66078	1
74405	1
80315	1
97225	1
52540	1
16769	1
10749	1
1603	1
85276	1
15536	1
26404	1
8526	1
84992	1
16879	1
94244	1
69046	1
80070	1
78563	1
8399	1
84338	1
62743	1
95587	1
30372	1
33353	1
61292	1
55703	1
12497	1
42022	1
44843	1
38061	1
16769	1
48652	1
95587	1
74405	1
24458	1
32257	1
36824	1
47093	1
63814	1
35838	1
46983	1
30372	1
39620	1
4482	1
13282	1
35132	1
84996	1
63814	1
91126	1
53223	1
80425	1
4619	1
65373	1
86335	1
58583	1
48978	1
61361	1
59243	1
62890	1
63814	1
15532	1
63814	1
30524	1
53223	1
10828	1
32147	1
94028	1
20389	1
53223	1
91809	1
74405	1
27360	1
80535	1
74920	1
95587	1
74405	1
52750	1
71283	1
51554	1
53223	1
51554	1
55081	1
74405	1
16769	1
26347	1
39517	1
88608	1
27360	1
53223	1
57684	1
64468	1
86555	1
65917	1
27360	1
74405	1
74405	1
74405	1
52316	1
42710	1
74405	1
26123	1
68275	1
65535	1
26127	1
65373	1
23804	1
11650	1
84996	1
42821	1
95587	1
44191	1
20464	1
3492	1
44191	1
66216	1
36463	1
74405	1
20464	1
40936	1
65315	1
53113	1
13070	1
25467	1
93121	1
84392	1
76070	1
90526	1
94134	1
25911	1
6178	1
27958	1
74405	1
59393	1
74405	1
39620	1
59243	1
80737	1
84996	1
88224	1
6720	1
80425	1
68881	1
84996	1
53223	1
59210	1
38464	1
56364	1
9835	1
374	1
91016	1
84996	1
67835	1
74405	1
74405	1
94601	1
95587	1
46788	1
87255	1
31931	1
40963	1
23829	1
91342	1
41505	1
51793	1
63814	1
84996	1
77656	1
94244	1
53435	1
58450	1
53439	1
71166	1
36824	1
80311	1
158	1
84996	1
78043	1
65593	1
80535	1
79730	1
49167	1
84996	1
15949	1
99031	1
39263	1
75964	1
27360	1
69477	1
6178	1
53223	1
74211	1
15426	1
94248	1
10226	1
63648	1
95203	1
78293	1
30372	1
41341	1
14811	1
14193	1
20217	1
2319	1
84996	1
81422	1
74405	1
73934	1
27470	1
63814	1
84996	1
56777	1
68354	1
65097	1
91016	1
60366	1
74405	1
27360	1
77467	1
53223	1
12308	1
33490	1
71993	1
59243	1
53970	1
63484	1
71841	1
39180	1
84879	1
55438	1
84996	1
63814	1
69780	1
60437	1
28703	1
84996	1
36392	1
44137	1
90408	1
12624	1
79591	1
99031	1
53223	1
91126	1
38061	1
68601	1
44081	1
84996	1
127	1
33816	1
87497	1
19781	1
9016	1
76979	1
13128	1
46983	1
86555	1
84996	1
48652	1
25911	1
27360	1
47693	1
44081	1
35483	1
19781	1
8279	1
63814	1
63814	1
27360	1
76020	1
53223	1
23499	1
6178	1
68371	1
11131	1
51660	1
63814	1
77633	1
32226	1
53985	1
80425	1
17311	1
49991	1
48868	1
53223	1
95803	1
39184	1
64649	1
69340	1
1717	1
26777	1
65261	1
67532	1
21147	1
1717	1
53223	1
78476	1
21662	1
34935	1
86814	1
8966	1
74405	1
90844	1
95770	1
42821	1
84805	1
15536	1
33270	1
8899	1
6178	1
63814	1
84772	1
78505	1
73062	1
40963	1
18402	1
53223	1
59243	1
80425	1
6178	1
85563	1
40166	1
27470	1
39591	1
74405	1
11764	1
44191	1
63814	1
15532	1
99928	1
78331	1
12308	1
75964	1
74405	1
84996	1
19997	1
9794	1
11864	1
1823	1
95583	1
29207	1
68028	1
63814	1
22106	1
40550	1
24447	1
86555	1
59143	1
1161	1
16769	1
4619	1
65856	1
77114	1
3086	1
91126	1
46267	1
5906	1
64030	1
64493	1
44627	1
67038	1
99693	1
30835	1
20323	1
29245	1
25191	1
63814	1
59243	1
63814	1
54782	1
53223	1
38705	1
51880	1
32257	1
78646	1
74405	1
6288	1
53223	1
74405	1
36228	1
91016	1
17618	1
53223	1
59243	1
44081	1
69537	1
53223	1
53223	1
77633	1
23335	1
25494	1
11776	1
59243	1
84996	1
73037	1
7737	1
80095	1
63814	1
86440	1
30372	1
74405	1
38497	1
16408	1
16879	1
60582	1
84591	1
91016	1
49555	1
27470	1
84996	1
85702	1
53765	1
48	1
35049	1
74478	1
24508	1
57616	1
83817	1
74405	1
74405	1
63814	1
7957	1
76180	1
74621	1
6178	1
6620	1
16769	1
53223	1
88224	1
63505	1
71343	1
3492	1
6996	1
24784	1
97472	1
15426	1
63814	1
53827	1
74405	1
84996	1
84996	1
74405	1
46983	1
17323	1
66514	1
48652	1
31767	1
6620	1
19410	1
1717	1
73278	1
62145	1
65915	1
19781	1
63814	1
56341	1
38061	1
96085	1
30283	1
7737	1
84996	1
95587	1
27360	1
24344	1
53223	1
42844	1
52208	1
85538	1
71935	1
48652	1
94244	1
49418	1
64453	1
8499	1
37978	1
71860	1
43777	1
38964	1
69834	1
92685	1
18307	1
85899	1
6064	1
80535	1
74405	1
16068	1
2730	1
91205	1
91016	1
17153	1
29712	1
82474	1
1960	1
55324	1
22899	1
12989	1
52920	1
1717	1
75964	1
700	1
16769	1
96789	1
44081	1
59243	1
77373	1
27686	1
48868	1
57790	1
95587	1
26484	1
84996	1
91562	1
78646	1
65373	1
35379	1
74405	1
6178	1
37644	1
73718	1
76259	1
69041	1
93694	1
84529	1
51328	1
27470	1
74876	1
27360	1
74405	1
71723	1
34903	1
44463	1
67038	1
48652	1
69944	1
15426	1
84996	1
77201	1
53223	1
91016	1
80149	1
44946	1
17782	1
77602	1
60912	1
49772	1
74405	1
53219	1
54168	1
53223	1
30337	1
39620	1
64030	1
99608	1
53223	1
53223	1
36911	1
27360	1
53223	1
25401	1
95803	1
51770	1
80425	1
29249	1
51681	1
52502	1
63814	1
48652	1
44191	1
63814	1
48652	1
80967	1
84996	1
12308	1
48652	1
36031	1
80425	1
8640	1
53223	1
74405	1
36238	1
59243	1
60086	1
23445	1
80531	1
64010	1
55241	1
63814	1
74405	1
79545	1
80425	1
63814	1
94655	1
19258	1
3602	1
53223	1
16879	1
86943	1
5605	1
42302	1
16654	1
71912	1
48652	1
76475	1
57684	1
29903	1
95147	1
74803	1
84996	1
95363	1
34393	1
44791	1
19190	1
48652	1
69834	1
27360	1
2896	1
74470	1
94354	1
53223	1
84996	1
59723	1
74405	1
74405	1
42723	1
39315	1
48027	1
29042	1
53223	1
44571	1
74405	1
57927	1
86555	1
84996	1
31738	1
31711	1
84996	1
700	1
1717	1
38061	1
84996	1
44081	1
77633	1
84996	1
90304	1
23501	1
32614	1
18434	1
73446	1
4123	1
72788	1
53223	1
94180	1
60705	1
46983	1
89816	1
19781	1
1717	1
47309	1
84004	1
74405	1
49686	1
24317	1
49748	1
1937	1
63814	1
7957	1
30588	1
6597	1
97304	1
16769	1
86555	1
14193	1
74405	1
84996	1
6178	1
27250	1
94356	1
48652	1
64445	1
7943	1
44324	1
27360	1
84199	1
22104	1
41289	1
47437	1
6288	1
57850	1
864	1
23600	1
48758	1
39813	1
6913	1
20016	1
91699	1
17446	1
1937	1
44930	1
84336	1
80425	1
6178	1
9190	1
80425	1
47769	1
97215	1
92847	1
71647	1
29102	1
74405	1
35270	1
47500	1
15177	1
53985	1
88832	1
80751	1
60912	1
36502	1
26347	1
16769	1
6288	1
91016	1
45254	1
94299	1
80425	1
91126	1
87692	1
27360	1
64966	1
68275	1
85295	1
82094	1
922	1
27360	1
94028	1
6288	1
69944	1
82212	1
84996	1
84996	1
91805	1
63814	1
34321	1
16769	1
38061	1
84996	1
99934	1
85810	1
1192	1
74405	1
8063	1
74405	1
29071	1
59243	1
27686	1
90906	1
54205	1
2373	1
74405	1
37729	1
53439	1
74405	1
84996	1
71084	1
91518	1
25223	1
74405	1
38061	1
16769	1
76126	1
62145	1
42956	1
75964	1
74405	1
63814	1
99577	1
29029	1
27470	1
58016	1
74405	1
15210	1
40963	1
12308	1
36682	1
76014	1
57790	1
48455	1
90080	1
5001	1
80425	1
33490	1
78012	1
74405	1
26127	1
38960	1
65058	1
74703	1
6714	1
68435	1
87947	1
84996	1
99415	1
41065	1
75827	1
97688	1
94375	1
33600	1
12304	1
31242	1
62579	1
66591	1
2311	1
88224	1
87971	1
27470	1
91016	1
51552	1
12808	1
48	1
53223	1
63814	1
82478	1
48652	1
63814	1
26426	1
74405	1
76180	1
85135	1
50047	1
20344	1
57790	1
48652	1
5325	1
36498	1
16769	1
23225	1
53223	1
88884	1
39946	1
99175	1
35159	1
38061	1
56642	1
85084	1
9898	1
95587	1
16518	1
84503	1
23873	1
57148	1
15818	1
44081	1
19781	1
95587	1
92984	1
16879	1
2400	1
64030	1
74405	1
48652	1
68491	1
40243	1
56613	1
57684	1
63814	1
26636	1
43508	1
53223	1
44411	1
66818	1
74405	1
77138	1
53223	1
84996	1
56777	1
27383	1
84996	1
28101	1
77685	1
95587	1
48652	1
48652	1
98699	1
2227	1
91949	1
46983	1
63814	1
84996	1
24377	1
18714	1
84996	1
74405	1
19781	1
35099	1
76211	1
63814	1
61242	1
74405	1
75964	1
86674	1
95587	1
27360	1
94776	1
11511	1
48515	1
52320	1
27360	1
74405	1
86555	1
17672	1
6097	1
78165	1
84996	1
84996	1
15536	1
1717	1
56800	1
74405	1
84996	1
53223	1
21882	1
56561	1
99031	1
74405	1
74405	1
53223	1
92077	1
84996	1
16879	1
95428	1
74405	1
15920	1
44081	1
79408	1
90769	1
11291	1
25274	1
74405	1
67150	1
22540	1
39801	1
31742	1
97837	1
27360	1
71939	1
86555	1
75321	1
51762	1
21666	1
78646	1
69834	1
63814	1
28193	1
15536	1
54782	1
57680	1
10363	1
89394	1
78866	1
70461	1
60912	1
10666	1
92685	1
93563	1
6720	1
91612	1
27302	1
93341	1
32217	1
80425	1
27906	1
34554	1
23335	1
25911	1
55355	1
95803	1
10170	1
99388	1
4835	1
74405	1
98431	1
30787	1
47446	1
95913	1
74405	1
83107	1
332	1
27507	1
11185	1
95587	1
12308	1
74405	1
83570	1
74509	1
27298	1
48652	1
27470	1
75638	1
15772	1
78250	1
99174	1
86636	1
41505	1
27360	1
25911	1
16769	1
74405	1
72842	1
97256	1
1086	1
32917	1
4121	1
95147	1
84996	1
41097	1
65373	1
84840	1
11046	1
71339	1
16879	1
12850	1
82094	1
27360	1
32093	1
91126	1
83869	1
51349	1
74405	1
27906	1
54782	1
30372	1
46327	1
17861	1
74405	1
36558	1
74405	1
53223	1
19640	1
44733	1
9585	1
84996	1
59243	1
21336	1
81050	1
10965	1
37897	1
27360	1
57684	1
63814	1
35049	1
1086	1
93804	1
11621	1
35375	1
59243	1
75281	1
78876	1
39263	1
74405	1
57900	1
84996	1
4619	1
3359	1
21556	1
33816	1
84996	1
53223	1
74405	1
7737	1
80535	1
91016	1
25911	1
50537	1
66932	1
48405	1
7485	1
82310	1
53223	1
77656	1
23441	1
42844	1
38140	1
89567	1
91668	1
53412	1
15615	1
74405	1
3689	1
95587	1
12308	1
74914	1
46086	1
74405	1
24907	1
15316	1
63814	1
83437	1
590	1
97927	1
51210	1
32257	1
53223	1
51554	1
53223	1
64090	1
63163	1
74405	1
74646	1
74405	1
84996	1
81615	1
16769	1
74405	1
95587	1
8279	1
6178	1
26283	1
1933	1
25579	1
84996	1
88857	1
44081	1
91126	1
16769	1
68217	1
79352	1
7737	1
78866	1
82143	1
72775	1
58061	1
11293	1
36392	1
57900	1
99031	1
65992	1
74405	1
19453	1
19997	1
27360	1
951	1
63814	1
23964	1
46545	1
92210	1
53223	1
77182	1
74484	1
74141	1
82094	1
53223	1
74405	1
96785	1
74405	1
53223	1
84996	1
74405	1
53659	1
6178	1
36502	1
16628	1
6178	1
93152	1
96710	1
98815	1
63814	1
63814	1
11502	1
40164	1
29245	1
28197	1
7737	1
17998	1
15260	1
61590	1
16879	1
63814	1
71528	1
46130	1
27360	1
27470	1
32724	1
84996	1
84996	1
1151	1
87948	1
16769	1
74405	1
68107	1
56985	1
30267	1
74405	1
75964	1
73765	1
63814	1
28369	1
74405	1
78448	1
1717	1
80535	1
16769	1
63814	1
51017	1
16769	1
68821	1
44187	1
84996	1
27470	1
51554	1
74405	1
64773	1
42522	1
47309	1
68601	1
22893	1
1717	1
8655	1
44171	1
41179	1
50537	1
74405	1
47529	1
63814	1
95587	1
48899	1
12524	1
63814	1
75964	1
32473	1
51554	1
38244	1
74405	1
82275	1
6178	1
36554	1
78314	1
57464	1
87537	1
4648	1
67694	1
48	1
84996	1
27902	1
22899	1
72516	1
67258	1
43311	1
59243	1
67698	1
79082	1
33720	1
74405	1
81596	1
80425	1
55434	1
69914	1
463	1
6178	1
25787	1
80425	1
74405	1
13977	1
15210	1
32697	1
86555	1
6178	1
87539	1
13267	1
59500	1
97252	1
6415	1
14193	1
51770	1
99519	1
31350	1
49443	1
49271	1
81849	1
95587	1
44191	1
83620	1
88440	1
48652	1
36282	1
40584	1
16769	1
99035	1
63814	1
54221	1
58749	1
83653	1
43396	1
18434	1
53223	1
46844	1
40060	1
63814	1
87795	1
40276	1
70436	1
20213	1
74405	1
15210	1
84996	1
95587	1
38028	1
68705	1
53223	1
20535	1
49252	1
87433	1
57684	1
66143	1
61101	1
19781	1
97777	1
62145	1
91016	1
95056	1
22243	1
74405	1
60665	1
21120	1
63814	1
56725	1
38061	1
17099	1
21340	1
1694	1
80888	1
410	1
69504	1
2909	1
71939	1
99938	1
16769	1
74405	1
84996	1
63814	1
26210	1
54118	1
23578	1
13774	1
95587	1
10388	1
88440	1
89127	1
53223	1
65589	1
23225	1
8611	1
74405	1
67069	1
374	1
74405	1
73853	1
95803	1
5157	1
44490	1
74841	1
53223	1
1717	1
64030	1
86555	1
54998	1
91558	1
66355	1
15206	1
74405	1
26727	1
57684	1
84552	1
12308	1
18897	1
13977	1
23993	1
69944	1
60582	1
84996	1
69701	1
2560	1
93808	1
34856	1
32010	1
15752	1
32664	1
91016	1
8215	1
53223	1
27360	1
13945	1
40963	1
1717	1
48876	1
63814	1
37864	1
19150	1
22965	1
84749	1
25313	1
27360	1
95363	1
24217	1
72736	1
84996	1
44081	1
74405	1
81814	1
27360	1
84591	1
57051	1
36718	1
74405	1
54095	1
95587	1
53439	1
4835	1
53223	1
46451	1
24317	1
63814	1
9406	1
40963	1
41289	1
91016	1
65373	1
9228	1
65336	1
50944	1
27360	1
60912	1
38800	1
29249	1
53223	1
84996	1
80535	1
39537	1
38061	1
84996	1
45686	1
74405	1
87626	1
74268	1
49565	1
57900	1
98767	1
58462	1
74405	1
88779	1
54641	1
69614	1
59243	1
95587	1
7320	1
7737	1
7380	1
79225	1
27549	1
33137	1
92270	1
32367	1
33081	1
16769	1
78044	1
63814	1
7737	1
24458	1
81077	1
46983	1
97941	1
46983	1
77002	1
53223	1
32117	1
97732	1
74405	1
38061	1
9190	1
15210	1
951	1
66000	1
84996	1
37573	1
84996	1
83873	1
37783	1
86119	1
74405	1
40458	1
38061	1
47745	1
38161	1
63814	1
44870	1
44411	1
38960	1
30455	1
57196	1
84255	1
6178	1
53223	1
7363	1
9190	1
48652	1
97036	1
53223	1
27470	1
84996	1
75036	1
82310	1
37202	1
14802	1
74405	1
48579	1
6062	1
7627	1
85403	1
16769	1
3716	1
74405	1
73386	1
40963	1
27223	1
70608	1
47093	1
84996	1
63814	1
42165	1
59243	1
131	1
78947	1
44081	1
36203	1
88224	1
84996	1
84996	1
590	1
30596	1
84996	1
10965	1
53223	1
74405	1
33816	1
37185	1
10378	1
3523	1
63814	1
84996	1
53113	1
54894	1
13946	1
84921	1
14193	1
84996	1
86943	1
9566	1
6288	1
28290	1
6697	1
65605	1
35379	1
33886	1
19046	1
34100	1
30152	1
69165	1
51770	1
74405	1
74353	1
16439	1
50211	1
48	1
77382	1
36361	1
54087	1
6178	1
80811	1
85961	1
4945	1
56341	1
95807	1
91016	1
34962	1
95587	1
53223	1
42985	1
45127	1
73062	1
86555	1
74405	1
84996	1
54014	1
73062	1
18438	1
89245	1
8283	1
34796	1
31314	1
41437	1
18517	1
53223	1
47093	1
48	1
69895	1
36761	1
74405	1
16879	1
80143	1
92685	1
127	1
42821	1
85899	1
47745	1
35960	1
24238	1
57452	1
84996	1
54205	1
68601	1
16329	1
59239	1
73062	1
74405	1
74405	1
24341	1
28066	1
74405	1
27360	1
2836	1
25037	1
13070	1
97777	1
27470	1
80535	1
83815	1
53223	1
16769	1
59243	1
38061	1
28012	1
24944	1
17971	1
85322	1
74405	1
92646	1
53223	1
41098	1
88224	1
66712	1
9190	1
48652	1
53930	1
72846	1
83869	1
86555	1
86555	1
93968	1
83437	1
84996	1
79308	1
97146	1
90109	1
36714	1
53223	1
84749	1
32143	1
53223	1
39620	1
93804	1
38387	1
23773	1
16879	1
84996	1
94028	1
23902	1
74405	1
63814	1
65593	1
38497	1
74405	1
94028	1
63814	1
74405	1
99388	1
63704	1
21855	1
53223	1
53659	1
16879	1
5518	1
75964	1
14968	1
64022	1
4619	1
95587	1
94028	1
31103	1
33102	1
40106	1
79192	1
57713	1
32367	1
65217	1
16468	1
57677	1
63044	1
29469	1
29357	1
17421	1
6178	1
33600	1
76506	1
16769	1
63814	1
24022	1
97355	1
58006	1
91016	1
53113	1
84996	1
30478	1
84996	1
53223	1
95587	1
37158	1
8592	1
53223	1
53445	1
8063	1
74405	1
18521	1
76171	1
44314	1
74405	1
16879	1
84996	1
39478	1
73278	1
6147	1
72736	1
39535	1
72753	1
53223	1
35898	1
16769	1
63814	1
82094	1
74405	1
87595	1
6830	1
55766	1
53223	1
74405	1
6068	1
84996	1
63814	1
74405	1
80425	1
29488	1
62145	1
77633	1
65589	1
893	1
84996	1
36582	1
96785	1
16769	1
53223	1
24022	1
95587	1
96023	1
74405	1
29820	1
83417	1
44191	1
10749	1
75964	1
5055	1
37727	1
20213	1
39446	1
98838	1
30905	1
68404	1
79190	1
36853	1
27659	1
47749	1
72846	1
44050	1
12308	1
6178	1
79082	1
46707	1
48652	1
22422	1
39174	1
89920	1
63814	1
84996	1
36392	1
18654	1
71943	1
67723	1
61128	1
7085	1
19781	1
53223	1
51083	1
78644	1
32664	1
74405	1
79759	1
4945	1
13786	1
93021	1
33766	1
68275	1
67015	1
86092	1
5522	1
92166	1
16769	1
73114	1
1717	1
74405	1
37895	1
64312	1
74405	1
36718	1
85576	1
68217	1
76452	1
91417	1
91024	1
84996	1
26673	1
11553	1
74405	1
6178	1
27470	1
12308	1
95587	1
66698	1
74405	1
31051	1
51330	1
44081	1
74405	1
84996	1
87097	1
91126	1
9626	1
62687	1
63058	1
86474	1
58147	1
47529	1
91016	1
80228	1
54730	1
74405	1
14968	1
31817	1
80323	1
38277	1
53223	1
6178	1
11156	1
68275	1
71391	1
84996	1
17387	1
74405	1
4193	1
38277	1
74405	1
40849	1
48185	1
48652	1
1717	1
74405	1
52667	1
99114	1
97532	1
12308	1
74405	1
59243	1
51324	1
80430	1
56752	1
16769	1
27470	1
36392	1
31491	1
53223	1
81957	1
13543	1
7957	1
95587	1
74405	1
22817	1
53223	1
16879	1
96573	1
31931	1
6178	1
16769	1
82310	1
44081	1
83437	1
63814	1
54205	1
86323	1
2037	1
68574	1
54717	1
72842	1
97036	1
43151	1
9820	1
53223	1
63487	1
82246	1
7235	1
11841	1
51554	1
22679	1
60912	1
74405	1
71393	1
36824	1
74405	1
54782	1
18625	1
95826	1
5390	1
4835	1
34142	1
16769	1
87541	1
91126	1
85536	1
51554	1
74405	1
80535	1
92901	1
63594	1
20217	1
25550	1
96222	1
53223	1
26127	1
2543	1
6425	1
91016	1
66135	1
98348	1
91016	1
53439	1
30127	1
84996	1
8887	1
60416	1
45098	1
88224	1
63814	1
76371	1
6178	1
95587	1
74405	1
53223	1
75900	1
9622	1
8840	1
36290	1
36934	1
4304	1
36614	1
37864	1
38441	1
84996	1
37044	1
1717	1
53223	1
84996	1
84996	1
16769	1
27360	1
17502	1
63814	1
51619	1
84996	1
56061	1
9599	1
74405	1
76915	1
48	1
77766	1
84996	1
72736	1
73058	1
22899	1
53223	1
80425	1
53443	1
29056	1
44866	1
87373	1
53204	1
16327	1
30008	1
53223	1
9732	1
2259	1
16769	1
10511	1
29465	1
90138	1
36280	1
19527	1
22210	1
84529	1
40963	1
74405	1
53223	1
10749	1
99718	1
19050	1
92685	1
41289	1
27360	1
89457	1
15426	1
85131	1
99938	1
69834	1
98591	1
40816	1
84996	1
95587	1
8042	1
8287	1
4341	1
62120	1
12304	1
93368	1
33843	1
74405	1
1640	1
36467	1
84996	1
2043	1
99637	1
80535	1
53223	1
28220	1
33490	1
63814	1
58255	1
48652	1
27360	1
80425	1
33490	1
6178	1
63814	1
11496	1
77247	1
65560	1
74405	1
70376	1
41889	1
12308	1
44081	1
44000	1
93268	1
48652	1
63814	1
74405	1
69917	1
28616	1
63814	1
56343	1
35520	1
84996	1
51554	1
74405	1
74302	1
84728	1
48743	1
2259	1
31716	1
80269	1
74405	1
9739	1
74405	1
27360	1
74405	1
78673	1
7017	1
74405	1
59243	1
88660	1
16769	1
74405	1
22899	1
30232	1
93125	1
16769	1
79522	1
83732	1
42815	1
47776	1
13836	1
74405	1
3396	1
95587	1
49788	1
88749	1
57680	1
43585	1
74405	1
44081	1
56997	1
80425	1
68290	1
72460	1
73635	1
33922	1
47093	1
3492	1
29244	1
16879	1
82887	1
57684	1
25911	1
81957	1
6778	1
83437	1
81814	1
93584	1
27686	1
64356	1
53223	1
10710	1
19653	1
74405	1
19325	1
60692	1
41505	1
89974	1
98159	1
58803	1
9630	1
36718	1
6178	1
42188	1
63814	1
63810	1
77523	1
53223	1
74405	1
53223	1
74405	1
74405	1
82094	1
24033	1
22816	1
31331	1
47093	1
54230	1
46983	1
84996	1
54039	1
93829	1
74405	1
4254	1
51880	1
27360	1
96328	1
22706	1
74405	1
16769	1
53223	1
74405	1
87151	1
86640	1
27903	1
53223	1
86555	1
57705	1
91558	1
16769	1
37712	1
74405	1
74405	1
88141	1
37295	1
16846	1
32493	1
59785	1
69834	1
22899	1
3492	1
84996	1
37293	1
74405	1
72878	1
14193	1
25969	1
25606	1
96214	1
73058	1
74405	1
84996	1
81445	1
95583	1
94028	1
64026	1
74405	1
68491	1
21069	1
84996	1
17704	1
53088	1
36502	1
26100	1
74405	1
53223	1
78841	1
23119	1
74405	1
77633	1
63814	1
78152	1
74621	1
80535	1
84996	1
16769	1
48652	1
62507	1
84996	1
73809	1
44472	1
74405	1
45750	1
4658	1
26704	1
12308	1
88440	1
84996	1
28864	1
95587	1
89723	1
20873	1
57279	1
48652	1
94244	1
77467	1
91016	1
6178	1
43068	1
84996	1
61128	1
88608	1
21506	1
47745	1
27360	1
53223	1
50537	1
74405	1
12308	1
62373	1
24564	1
96463	1
59243	1
85212	1
53223	1
64630	1
42188	1
74405	1
65388	1
53223	1
13431	1
84996	1
75964	1
62255	1
20613	1
74405	1
91016	1
74405	1
36392	1
87198	1
50180	1
51451	1
77633	1
42713	1
97609	1
6178	1
58215	1
1933	1
12308	1
69834	1
85243	1
39448	1
59974	1
53223	1
72705	1
72265	1
39647	1
50321	1
84199	1
65898	1
16989	1
85322	1
91016	1
65369	1
906	1
39618	1
78752	1
74405	1
29685	1
2317	1
18272	1
16281	1
16769	1
47407	1
48459	1
3870	1
53223	1
74984	1
74405	1
74405	1
62145	1
53223	1
82420	1
74405	1
7185	1
74735	1
31931	1
53223	1
9493	1
7656	1
1389	1
99307	1
8445	1
6178	1
86775	1
66816	1
48648	1
57684	1
72736	1
5078	1
69864	1
74405	1
4835	1
93831	1
65661	1
63814	1
32917	1
43288	1
74405	1
63814	1
52783	1
94028	1
64906	1
74405	1
27360	1
18781	1
57784	1
8783	1
44187	1
74405	1
63814	1
12308	1
84340	1
23120	1
79433	1
16769	1
71395	1
53223	1
63814	1
74405	1
53223	1
99851	1
21882	1
53223	1
71897	1
95367	1
62152	1
66548	1
53655	1
52096	1
98262	1
47986	1
65699	1
84996	1
4945	1
85228	1
44953	1
82036	1
74405	1
52096	1
15536	1
63814	1
53985	1
65373	1
42522	1
53223	1
78866	1
7737	1
82220	1
59858	1
40743	1
63814	1
84996	1
10749	1
4453	1
26827	1
74405	1
38061	1
53223	1
94327	1
40214	1
68647	1
35319	1
95587	1
26558	1
92901	1
87930	1
51793	1
69834	1
74405	1
7563	1
88577	1
16989	1
38929	1
68593	1
82420	1
72736	1
74405	1
74405	1
4619	1
64192	1
60009	1
53223	1
82310	1
5628	1
46983	1
8771	1
95587	1
4399	1
70926	1
10448	1
54782	1
74405	1
77658	1
74405	1
33816	1
53223	1
27360	1
74405	1
33600	1
95587	1
74405	1
1933	1
38596	1
20653	1
49528	1
53223	1
86555	1
74405	1
84996	1
53223	1
57705	1
92979	1
24701	1
27360	1
2730	1
27360	1
5630	1
53223	1
98779	1
55222	1
62957	1
74405	1
85140	1
26704	1
44191	1
41582	1
15426	1
62145	1
60684	1
53223	1
84996	1
51770	1
81439	1
77170	1
51554	1
84996	1
16769	1
74405	1
94140	1
36502	1
62145	1
6178	1
13867	1
6178	1
10749	1
74405	1
33490	1
19920	1
61325	1
53223	1
68275	1
7737	1
74405	1
69205	1
64843	1
74405	1
91016	1
84996	1
86281	1
66249	1
54782	1
45383	1
48799	1
91558	1
16769	1
59100	1
72846	1
57103	1
27360	1
2263	1
69834	1
65369	1
10965	1
63814	1
73278	1
57811	1
72615	1
16769	1
97821	1
25967	1
66496	1
9925	1
51554	1
89783	1
72736	1
53223	1
38061	1
74405	1
11456	1
84126	1
62797	1
74405	1
74405	1
65176	1
29782	1
30175	1
18764	1
40440	1
74405	1
88554	1
83053	1
32270	1
26127	1
52251	1
42302	1
24238	1
83070	1
854	1
84996	1
27470	1
61572	1
3492	1
74405	1
73828	1
33490	1
22330	1
54782	1
29166	1
22239	1
43859	1
8640	1
978	1
61919	1
53223	1
68933	1
93001	1
74405	1
43178	1
91126	1
27360	1
78646	1
76290	1
75574	1
3784	1
35435	1
84996	1
16879	1
25047	1
63814	1
74405	1
56557	1
44191	1
89858	1
36502	1
27360	1
36714	1
33011	1
36361	1
63704	1
53223	1
92133	1
16879	1
86636	1
6014	1
63909	1
53223	1
60802	1
97146	1
7847	1
16769	1
63814	1
81699	1
82638	1
6288	1
86555	1
93723	1
54429	1
74405	1
53223	1
49418	1
34279	1
86555	1
74405	1
18930	1
84379	1
38061	1
374	1
11399	1
91778	1
5958	1
80101	1
80008	1
74735	1
27470	1
9402	1
73062	1
84996	1
84309	1
46815	1
38476	1
54583	1
69614	1
53223	1
56949	1
36718	1
15426	1
26614	1
28176	1
95587	1
33384	1
13128	1
74405	1
17100	1
32226	1
28012	1
47309	1
45499	1
35269	1
87892	1
48652	1
83161	1
6178	1
38387	1
15536	1
69504	1
12744	1
74405	1
4782	1
6288	1
98815	1
86555	1
94448	1
6178	1
74405	1
24022	1
74405	1
22899	1
30324	1
74405	1
69064	1
57210	1
18959	1
33600	1
2840	1
22899	1
10749	1
25911	1
84332	1
1717	1
74405	1
89450	1
95587	1
86555	1
44191	1
74405	1
31931	1
6178	1
33284	1
94244	1
56478	1
54998	1
36641	1
53223	1
2043	1
87784	1
63814	1
80425	1
65919	1
6288	1
2616	1
64030	1
71393	1
17501	1
59243	1
43291	1
74405	1
74405	1
48652	1
74405	1
52480	1
46581	1
23980	1
93152	1
42765	1
84996	1
90520	1
48652	1
69373	1
8283	1
74405	1
59463	1
74405	1
80425	1
43971	1
47172	1
27360	1
46144	1
33490	1
45204	1
53223	1
32118	1
44654	1
76290	1
85204	1
35159	1
44191	1
69834	1
2252	1
91126	1
84202	1
38061	1
94682	1
34403	1
25911	1
62145	1
97472	1
79339	1
51753	1
38167	1
73309	1
18218	1
74405	1
3492	1
81174	1
30743	1
26923	1
700	1
86474	1
69506	1
49194	1
75524	1
63814	1
83437	1
69944	1
71503	1
45314	1
77965	1
42581	1
63814	1
59370	1
1717	1
65898	1
63783	1
11299	1
1717	1
95913	1
87485	1
6288	1
60688	1
91406	1
11785	1
30818	1
90323	1
98155	1
30914	1
48652	1
84996	1
27360	1
14417	1
97659	1
26563	1
40546	1
60163	1
92876	1
94296	1
53765	1
1356	1
51853	1
55046	1
22679	1
16769	1
19800	1
53223	1
91126	1
27360	1
10529	1
16769	1
94354	1
16879	1
88224	1
2317	1
44081	1
86933	1
89779	1
1096	1
72736	1
72680	1
88361	1
17311	1
89567	1
71947	1
36392	1
24981	1
84996	1
87317	1
47321	1
16769	1
74405	1
53740	1
64661	1
58909	1
31931	1
34142	1
12555	1
53504	1
95587	1
84996	1
79188	1
41427	1
25654	1
63814	1
27686	1
1717	1
84872	1
88444	1
95587	1
45314	1
86881	1
69724	1
23775	1
91016	1
41943	1
426	1
36718	1
72661	1
94323	1
83437	1
96766	1
17751	1
80535	1
30372	1
20900	1
63814	1
22546	1
35323	1
74405	1
27360	1
25801	1
97472	1
47969	1
89250	1
33490	1
47828	1
9406	1
45294	1
69500	1
51660	1
80535	1
42520	1
53335	1
58010	1
74405	1
5612	1
16769	1
77633	1
15976	1
82586	1
74405	1
50811	1
93121	1
30040	1
6178	1
59243	1
74405	1
4873	1
84996	1
52017	1
25911	1
44191	1
78681	1
27470	1
19532	1
44191	1
48320	1
86555	1
16879	1
95587	1
16987	1
45173	1
98512	1
12854	1
33490	1
4968	1
53659	1
27360	1
55002	1
84996	1
30015	1
20786	1
69944	1
20066	1
53223	1
69151	1
49387	1
74405	1
27688	1
53113	1
3276	1
38549	1
38061	1
86223	1
17155	1
94028	1
16769	1
51554	1
16769	1
80425	1
63814	1
96958	1
39836	1
59243	1
94354	1
84199	1
53223	1
16769	1
33490	1
97688	1
16769	1
63814	1
74405	1
24654	1
74405	1
50074	1
78082	1
84996	1
74405	1
80784	1
40963	1
36370	1
64549	1
52380	1
87678	1
1937	1
65373	1
84996	1
72846	1
81191	1
18438	1
57184	1
62145	1
18493	1
37044	1
59243	1
74405	1
38061	1
27470	1
34866	1
38061	1
62797	1
38956	1
85109	1
53738	1
38883	1
12524	1
59243	1
71802	1
84996	1
74405	1
84749	1
84996	1
26673	1
21340	1
64686	1
41561	1
92012	1
52779	1
88114	1
53223	1
78615	1
53223	1
46408	1
15144	1
66878	1
25801	1
63594	1
74405	1
88840	1
59243	1
42302	1
53875	1
48652	1
47635	1
33910	1
68491	1
97281	1
84996	1
25801	1
6288	1
28037	1
38864	1
26368	1
38061	1
77336	1
59243	1
89426	1
4294	1
60256	1
63814	1
53223	1
16927	1
74405	1
95587	1
58411	1
36965	1
9190	1
21556	1
74405	1
12468	1
6178	1
6178	1
93011	1
19781	1
59243	1
29465	1
19158	1
33573	1
49387	1
74405	1
20217	1
88220	1
64545	1
81411	1
60692	1
48652	1
53223	1
97146	1
63814	1
60613	1
56799	1
51554	1
16879	1
91342	1
80425	1
74405	1
50211	1
84996	1
36502	1
56688	1
46788	1
18517	1
6504	1
50211	1
63814	1
72736	1
58033	1
71723	1
53223	1
99583	1
80535	1
6178	1
26351	1
72008	1
73168	1
27360	1
3039	1
69944	1
18978	1
9190	1
68082	1
30372	1
9873	1
48652	1
48652	1
72617	1
6178	1
4835	1
57684	1
68601	1
92085	1
35375	1
4999	1
74405	1
16879	1
22899	1
80226	1
8279	1
77983	1
80670	1
6178	1
93920	1
26347	1
29245	1
84996	1
99172	1
15509	1
91016	1
34481	1
1713	1
97256	1
64557	1
63814	1
99146	1
29013	1
16879	1
16640	1
13705	1
50537	1
36498	1
70286	1
74405	1
97532	1
12924	1
84996	1
1717	1
16879	1
35049	1
70463	1
14417	1
86555	1
24705	1
82067	1
32774	1
57830	1
53223	1
56281	1
39620	1
4835	1
63534	1
53223	1
6703	1
37182	1
60744	1
34692	1
72846	1
8499	1
6674	1
27360	1
63814	1
60073	1
44191	1
49279	1
24078	1
38061	1
84996	1
36502	1
63814	1
6861	1
26494	1
15864	1
24134	1
94420	1
12414	1
12308	1
77382	1
74405	1
44191	1
18434	1
74405	1
11808	1
13458	1
24405	1
74405	1
74405	1
3811	1
87240	1
53223	1
37963	1
57684	1
8208	1
45204	1
53223	1
12715	1
74405	1
13730	1
53902	1
41179	1
74405	1
58585	1
74405	1
84996	1
1717	1
92741	1
85268	1
45399	1
16879	1
64157	1
82420	1
29081	1
15866	1
78783	1
69834	1
54730	1
84996	1
27360	1
94096	1
74405	1
15086	1
84996	1
75964	1
70289	1
79082	1
92685	1
3494	1
42848	1
16879	1
1717	1
84731	1
17641	1
94244	1
25801	1
74405	1
48	1
594	1
6772	1
53439	1
53223	1
39832	1
74405	1
84996	1
2263	1
37158	1
38001	1
30559	1
16843	1
13041	1
49848	1
79869	1
6178	1
82310	1
39620	1
15646	1
2730	1
27717	1
15191	1
74405	1
97229	1
63814	1
74405	1
60331	1
95587	1
1140	1
74405	1
74405	1
25706	1
11261	1
37845	1
12308	1
81548	1
29488	1
48	1
74405	1
51554	1
84996	1
35151	1
38061	1
72736	1
63814	1
74405	1
21556	1
33490	1
27360	1
18722	1
14928	1
53223	1
34652	1
47388	1
86775	1
47525	1
12520	1
84996	1
38061	1
39946	1
73274	1
74405	1
25911	1
17151	1
31927	1
93341	1
25330	1
33133	1
74405	1
4619	1
51770	1
44276	1
88573	1
1273	1
60366	1
10612	1
4042	1
44735	1
74405	1
45966	1
32230	1
48758	1
53223	1
8638	1
84996	1
21556	1
53223	1
17463	1
38061	1
70380	1
16769	1
44081	1
63814	1
53223	1
49245	1
39236	1
12308	1
16879	1
35811	1
38061	1
96486	1
88467	1
10151	1
84996	1
27470	1
91126	1
30152	1
13977	1
90582	1
95587	1
74405	1
63409	1
94028	1
58172	1
45063	1
84996	1
55032	1
74405	1
84996	1
27360	1
97335	1
44081	1
72595	1
63814	1
42522	1
44081	1
53223	1
7123	1
47529	1
71499	1
79684	1
27360	1
82914	1
58050	1
59322	1
83869	1
35375	1
86555	1
57684	1
89567	1
63476	1
65373	1
74349	1
84996	1
12634	1
84996	1
45396	1
74405	1
16879	1
16769	1
6153	1
80425	1
27360	1
63814	1
68462	1
30588	1
86524	1
84996	1
66791	1
88141	1
81019	1
2259	1
93561	1
505	1
51440	1
74405	1
50537	1
80535	1
19630	1
92090	1
23467	1
63814	1
94134	1
63814	1
63704	1
38061	1
44191	1
65373	1
47554	1
27470	1
41393	1
96563	1
65593	1
29050	1
20543	1
37374	1
14170	1
50101	1
57883	1
41717	1
53223	1
51770	1
84996	1
16769	1
10749	1
41509	1
74405	1
84996	1
59243	1
72132	1
60582	1
62145	1
42771	1
84199	1
38061	1
27470	1
80535	1
64331	1
82540	1
30867	1
57720	1
17697	1
19781	1
6641	1
41505	1
70434	1
10556	1
53223	1
14193	1
45530	1
77494	1
59546	1
61487	1
84716	1
74405	1
53223	1
27470	1
73062	1
89961	1
39373	1
80425	1
54782	1
16769	1
16879	1
45968	1
74866	1
22928	1
74405	1
74405	1
27360	1
33129	1
26920	1
46485	1
52999	1
75304	1
55602	1
74405	1
35188	1
4619	1
41725	1
70486	1
50678	1
19462	1
26563	1
74405	1
6288	1
84776	1
93964	1
10581	1
8719	1
27360	1
50878	1
30588	1
57406	1
20730	1
80635	1
6178	1
97256	1
56667	1
77170	1
65369	1
2400	1
32147	1
3575	1
82822	1
88405	1
24537	1
83653	1
27470	1
6178	1
34669	1
42522	1
18004	1
24714	1
95587	1
79192	1
4835	1
2730	1
59243	1
6178	1
74405	1
4619	1
27360	1
66449	1
51391	1
71719	1
91126	1
1717	1
53223	1
27360	1
81594	1
84479	1
75964	1
44733	1
4619	1
67592	1
22802	1
33443	1
68848	1
24568	1
18764	1
88278	1
76091	1
53319	1
53439	1
84996	1
41941	1
30372	1
1933	1
80755	1
17315	1
54782	1
22486	1
14334	1
95587	1
6288	1
74405	1
58	1
91016	1
19094	1
84996	1
84996	1
53223	1
81874	1
33490	1
74405	1
38061	1
72326	1
88224	1
16879	1
65373	1
91070	1
84996	1
68275	1
28012	1
74405	1
68817	1
72950	1
73062	1
38140	1
74405	1
10749	1
75167	1
70137	1
68956	1
46076	1
6178	1
53223	1
16769	1
8972	1
13917	1
70955	1
17099	1
63490	1
23441	1
19497	1
74064	1
53223	1
43568	1
13531	1
40963	1
74405	1
99878	1
94354	1
95473	1
74405	1
74405	1
58884	1
7847	1
91126	1
84996	1
20439	1
52735	1
84996	1
30995	1
91016	1
45314	1
53223	1
12850	1
63044	1
74405	1
68535	1
96379	1
60692	1
84996	1
59785	1
48652	1
55934	1
12308	1
49858	1
83437	1
8260	1
99114	1
89395	1
84996	1
36244	1
73879	1
80535	1
78972	1
20265	1
74405	1
74405	1
37011	1
72846	1
33490	1
38603	1
61033	1
43641	1
95587	1
35732	1
37490	1
63814	1
74405	1
51554	1
20489	1
6178	1
65525	1
84996	1
68275	1
91126	1
84996	1
32147	1
80425	1
75511	1
66872	1
2880	1
74405	1
74405	1
62195	1
38061	1
79615	1
34802	1
1717	1
21772	1
74405	1
6178	1
53223	1
89787	1
53223	1
79669	1
22899	1
9190	1
84996	1
58256	1
21096	1
84996	1
3272	1
89127	1
21832	1
99031	1
77633	1
71769	1
27360	1
87678	1
39543	1
34985	1
60505	1
56341	1
79192	1
16879	1
7502	1
6178	1
2290	1
95587	1
63814	1
74405	1
69504	1
56808	1
27061	1
6288	1
53223	1
76438	1
84286	1
6178	1
63814	1
74405	1
82094	1
94354	1
5055	1
59243	1
3811	1
44953	1
37422	1
91126	1
59243	1
79948	1
63814	1
27470	1
33490	1
85102	1
44191	1
23724	1
12308	1
16769	1
45393	1
44407	1
41289	1
23885	1
48	1
27360	1
84996	1
26208	1
31193	1
74069	1
3955	1
32863	1
7903	1
84556	1
67372	1
12524	1
53223	1
30368	1
5385	1
11405	1
74405	1
91809	1
25911	1
67038	1
74405	1
74405	1
27360	1
44081	1
1717	1
51197	1
27360	1
28263	1
26127	1
92429	1
74405	1
53223	1
53223	1
6288	1
13836	1
74405	1
3276	1
86363	1
93781	1
6288	1
63814	1
15426	1
59322	1
84996	1
42522	1
29496	1
38387	1
80425	1
92465	1
74405	1
83437	1
96133	1
79302	1
85811	1
63814	1
16528	1
46649	1
98375	1
78459	1
56925	1
40598	1
18654	1
74405	1
53223	1
97036	1
71760	1
16879	1
75964	1
53223	1
31053	1
21996	1
27360	1
91016	1
38061	1
83859	1
19781	1
27360	1
84996	1
22762	1
89999	1
45578	1
9034	1
74405	1
53223	1
67862	1
27867	1
53223	1
15536	1
52293	1
74405	1
74405	1
48652	1
38061	1
20823	1
46	1
33490	1
35385	1
27360	1
23441	1
86555	1
85538	1
21143	1
57684	1
7737	1
53223	1
58010	1
74405	1
90550	1
82534	1
65373	1
7737	1
83437	1
84996	1
38061	1
1933	1
96650	1
57947	1
45202	1
77633	1
37700	1
53223	1
27360	1
63814	1
40433	1
38387	1
77135	1
82310	1
84996	1
3235	1
36502	1
11389	1
72846	1
98925	1
100	1
74405	1
95587	1
89530	1
53223	1
9219	1
20084	1
44191	1
3164	1
94084	1
63810	1
77804	1
48978	1
74405	1
63814	1
25911	1
16769	1
74405	1
74405	1
8399	1
63814	1
63814	1
158	1
95587	1
73388	1
6178	1
74405	1
65209	1
91126	1
63814	1
89096	1
48068	1
10060	1
4945	1
43064	1
94601	1
35900	1
15453	1
84996	1
38300	1
94244	1
74405	1
49441	1
95587	1
27360	1
45750	1
78106	1
74405	1
66029	1
22899	1
41179	1
74405	1
27360	1
82094	1
14715	1
93011	1
59243	1
54396	1
3091	1
10749	1
80755	1
9190	1
25197	1
63814	1
39836	1
31931	1
59459	1
99577	1
63814	1
54502	1
41505	1
51770	1
74405	1
40054	1
84996	1
27470	1
2978	1
70160	1
95587	1
15536	1
92841	1
92901	1
57437	1
53223	1
3914	1
78713	1
80732	1
55327	1
30372	1
74405	1
94244	1
16769	1
80425	1
39732	1
88708	1
11897	1
18191	1
71719	1
21556	1
70160	1
90633	1
74405	1
95587	1
27686	1
75167	1
86989	1
62255	1
31931	1
95587	1
84996	1
74405	1
70081	1
74405	1
27360	1
83674	1
74405	1
35375	1
96893	1
84996	1
88735	1
72680	1
68491	1
6196	1
40963	1
4619	1
53223	1
24012	1
64607	1
40936	1
38387	1
80535	1
98591	1
10095	1
26029	1
53223	1
47309	1
60599	1
74920	1
33490	1
77819	1
53113	1
57900	1
69667	1
83620	1
67258	1
22538	1
82490	1
29249	1
82915	1
59243	1
83329	1
81978	1
57080	1
58010	1
11818	1
4945	1
30148	1
25801	1
69127	1
92905	1
26785	1
93847	1
71719	1
74405	1
33679	1
14550	1
63814	1
27360	1
74405	1
74405	1
63814	1
27360	1
38198	1
27154	1
96789	1
67258	1
64429	1
74405	1
33490	1
69386	1
2153	1
15619	1
74405	1
96573	1
88224	1
57900	1
63590	1
13506	1
46983	1
35122	1
74405	1
48652	1
27902	1
62990	1
22887	1
63814	1
31207	1
71719	1
74405	1
73882	1
94244	1
28556	1
87101	1
74405	1
71833	1
74405	1
74405	1
84996	1
67015	1
74405	1
53223	1
53223	1
46952	1
38061	1
16769	1
12308	1
33845	1
52753	1
46566	1
71393	1
46406	1
16879	1
21340	1
44081	1
41289	1
32720	1
89457	1
74405	1
68734	1
75964	1
4997	1
39813	1
82171	1
80425	1
41289	1
41690	1
84996	1
72736	1
50321	1
71856	1
40963	1
37318	1
79273	1
49748	1
4875	1
42356	1
44660	1
1717	1
74405	1
53223	1
23688	1
33785	1
90967	1
18425	1
16769	1
16076	1
53378	1
84996	1
82287	1
48652	1
30148	1
74374	1
50757	1
52210	1
53223	1
74405	1
62031	1
86449	1
38061	1
27360	1
58010	1
4619	1
91126	1
51917	1
71719	1
51220	1
36392	1
34036	1
84481	1
54782	1
95587	1
74405	1
63922	1
74405	1
99591	1
16109	1
29029	1
74405	1
6830	1
14251	1
66496	1
30857	1
74405	1
30372	1
63814	1
1717	1
71061	1
65666	1
62145	1
93808	1
53223	1
75450	1
73062	1
1717	1
84996	1
74405	1
83977	1
38061	1
84996	1
85536	1
26650	1
46983	1
15121	1
6288	1
33600	1
83169	1
84996	1
56557	1
20217	1
77849	1
47309	1
91016	1
63704	1
74405	1
12906	1
1857	1
71503	1
16879	1
50431	1
13977	1
3492	1
74405	1
15125	1
84996	1
80535	1
54973	1
38935	1
17751	1
91122	1
86281	1
13599	1
27250	1
36168	1
63814	1
29513	1
74405	1
73907	1
6178	1
80425	1
30351	1
62255	1
67787	1
41081	1
79520	1
5958	1
66402	1
47093	1
56557	1
82133	1
47525	1
94377	1
62255	1
95587	1
74405	1
53223	1
69944	1
89002	1
98296	1
45750	1
62173	1
35269	1
98919	1
33425	1
60802	1
73828	1
59243	1
24348	1
62035	1
84996	1
90231	1
13798	1
51554	1
52972	1
28012	1
44191	1
62687	1
53223	1
50348	1
79375	1
44490	1
50520	1
77849	1
63814	1
6178	1
32788	1
16875	1
72566	1
53223	1
80535	1
51305	1
28649	1
74405	1
67972	1
89377	1
53223	1
84996	1
71723	1
23966	1
63814	1
46296	1
63814	1
58010	1
56569	1
12029	1
74405	1
41312	1
91016	1
74405	1
45204	1
7083	1
80535	1
62687	1
84996	1
90958	1
74405	1
84996	1
95587	1
71939	1
53223	1
20323	1
1717	1
2106	1
91919	1
84996	1
64246	1
85355	1
80755	1
9190	1
69614	1
16879	1
53223	1
81467	1
74405	1
71860	1
70742	1
27360	1
63814	1
70376	1
84996	1
84996	1
91126	1
7737	1
48652	1
54016	1
74405	1
36334	1
56341	1
51079	1
27360	1
87317	1
54934	1
57987	1
39236	1
88224	1
39811	1
77386	1
53576	1
48652	1
59837	1
65975	1
74405	1
19086	1
23761	1
30372	1
51390	1
65452	1
84996	1
99828	1
16769	1
97472	1
50514	1
16879	1
74405	1
27360	1
85652	1
52096	1
11989	1
93584	1
78775	1
75661	1
17421	1
5628	1
68601	1
84996	1
23431	1
74405	1
75871	1
44081	1
69834	1
78646	1
12308	1
65373	1
84662	1
41212	1
74405	1
89787	1
76643	1
84996	1
72736	1
95587	1
31402	1
71393	1
63814	1
60771	1
97146	1
13211	1
80425	1
59243	1
74405	1
63814	1
65373	1
91126	1
62824	1
62031	1
36172	1
6288	1
74405	1
86902	1
72564	1
63814	1
48652	1
20900	1
80591	1
17139	1
74405	1
53113	1
84996	1
74405	1
16769	1
63814	1
68275	1
15210	1
36714	1
1441	1
11511	1
63814	1
53219	1
14193	1
41455	1
74405	1
45717	1
33490	1
54782	1
95830	1
80535	1
22899	1
74405	1
68711	1
14087	1
77633	1
52835	1
4835	1
38061	1
11652	1
67914	1
60802	1
48381	1
64167	1
33160	1
80971	1
27360	1
22899	1
9846	1
2153	1
27470	1
74405	1
47197	1
36990	1
47525	1
2043	1
88058	1
96020	1
48847	1
6178	1
48652	1
63814	1
14561	1
51656	1
66029	1
38061	1
72846	1
36620	1
58323	1
68817	1
33183	1
58064	1
78866	1
34142	1
84996	1
64030	1
30426	1
63814	1
74405	1
13599	1
19891	1
41651	1
70002	1
46088	1
58199	1
63814	1
36502	1
93814	1
10299	1
82033	1
74405	1
74405	1
91429	1
6525	1
84996	1
94028	1
17421	1
53223	1
93914	1
12308	1
6288	1
80751	1
29355	1
28585	1
81438	1
66492	1
37178	1
44191	1
2286	1
76157	1
16879	1
9190	1
74405	1
88959	1
74405	1
63814	1
53059	1
51656	1
73388	1
23034	1
39654	1
1601	1
65699	1
54682	1
74405	1
73826	1
62255	1
67698	1
92139	1
51095	1
99471	1
39400	1
74405	1
50776	1
74405	1
83769	1
98238	1
89457	1
47093	1
95803	1
89567	1
95587	1
61242	1
36855	1
20653	1
84338	1
29708	1
16769	1
21666	1
97146	1
80971	1
75964	1
374	1
23119	1
52532	1
69834	1
16769	1
53240	1
63814	1
74405	1
39620	1
84996	1
25801	1
56230	1
56831	1
97146	1
72294	1
72159	1
63814	1
1717	1
74405	1
53223	1
61674	1
15426	1
74405	1
96926	1
77849	1
94095	1
91016	1
78364	1
6178	1
27470	1
24012	1
34142	1
74405	1
53223	1
90387	1
46076	1
16769	1
53223	1
52424	1
73156	1
53223	1
74405	1
88554	1
4482	1
94837	1
5545	1
27360	1
1001	1
76919	1
74405	1
49142	1
23568	1
50972	1
13275	1
46983	1
76485	1
19306	1
80174	1
39620	1
16879	1
39836	1
84996	1
16769	1
75964	1
71175	1
89710	1
4862	1
53223	1
22185	1
74405	1
6178	1
95911	1
38061	1
96129	1
84996	1
2334	1
59463	1
28726	1
83653	1
75061	1
80425	1
82966	1
69944	1
80425	1
23225	1
27360	1
39427	1
602	1
9707	1
74405	1
2593	1
74405	1
74044	1
75744	1
64873	1
31232	1
46288	1
74405	1
17859	1
2549	1
80535	1
9186	1
53223	1
74120	1
40143	1
55349	1
72736	1
24317	1
24568	1
41009	1
86964	1
53223	1
9567	1
80367	1
6284	1
72736	1
39134	1
60308	1
31328	1
74405	1
6178	1
11405	1
31902	1
32367	1
78507	1
53223	1
16769	1
72736	1
46983	1
6178	1
74405	1
48652	1
46130	1
14739	1
74405	1
83437	1
65049	1
53223	1
14193	1
74405	1
35177	1
11401	1
5817	1
21191	1
65373	1
31931	1
9406	1
37044	1
66801	1
51413	1
74405	1
69834	1
3602	1
23237	1
96816	1
16769	1
74405	1
18002	1
46406	1
53223	1
17399	1
85189	1
19754	1
31931	1
74405	1
75093	1
69614	1
74405	1
6301	1
93022	1
68275	1
30143	1
62471	1
42871	1
25801	1
24458	1
74405	1
89789	1
14957	1
4619	1
46540	1
57900	1
63814	1
27360	1
74779	1
84996	1
56051	1
53223	1
50782	1
67538	1
90387	1
74405	1
74405	1
65890	1
65699	1
20222	1
65176	1
70221	1
74405	1
39180	1
27360	1
30372	1
70376	1
26233	1
77330	1
6178	1
52645	1
38061	1
93756	1
23009	1
77087	1
39620	1
57684	1
16989	1
374	1
95587	1
59243	1
16769	1
12455	1
52806	1
17328	1
95807	1
28619	1
84996	1
14818	1
27360	1
96816	1
11964	1
25687	1
29249	1
69944	1
48420	1
18878	1
84996	1
85676	1
95587	1
59868	1
18297	1
57364	1
41478	1
77743	1
80535	1
2352	1
44191	1
47529	1
42871	1
62994	1
30588	1
52959	1
48	1
68219	1
74405	1
18031	1
91126	1
84612	1
38061	1
19781	1
91016	1
15210	1
63704	1
53223	1
28696	1
36502	1
53223	1
59074	1
5520	1
53223	1
91016	1
81847	1
33616	1
21714	1
61639	1
60127	1
75831	1
70417	1
29629	1
58111	1
41268	1
5929	1
53655	1
41225	1
84996	1
65049	1
42138	1
93011	1
63814	1
84996	1
59463	1
59463	1
62145	1
4088	1
22899	1
37841	1
97256	1
23117	1
25801	1
87697	1
91045	1
566	1
65226	1
48652	1
17394	1
32394	1
53223	1
48530	1
88383	1
5186	1
44990	1
95587	1
64223	1
99031	1
6504	1
62145	1
93588	1
16879	1
63678	1
83483	1
74405	1
9190	1
22120	1
63814	1
26347	1
76694	1
84996	1
72711	1
53223	1
91784	1
84996	1
99884	1
48212	1
57217	1
74405	1
42302	1
46488	1
90763	1
98925	1
88224	1
88577	1
89835	1
22899	1
74405	1
65259	1
30401	1
38929	1
80479	1
63814	1
27360	1
71613	1
80535	1
98443	1
53223	1
77585	1
74405	1
28915	1
44081	1
74405	1
75049	1
95587	1
6068	1
76157	1
21379	1
52721	1
16769	1
88114	1
84996	1
61488	1
6288	1
80535	1
15426	1
17672	1
83653	1
75067	1
20759	1
51554	1
74405	1
58502	1
7737	1
86555	1
34385	1
77286	1
63814	1
46076	1
6178	1
53223	1
82777	1
82966	1
89127	1
74405	1
27360	1
11208	1
94134	1
6178	1
1933	1
35547	1
49555	1
80967	1
38371	1
57900	1
43064	1
18438	1
57680	1
89567	1
85403	1
63814	1
6288	1
96789	1
19781	1
47093	1
6612	1
31267	1
16823	1
80531	1
38348	1
63814	1
32147	1
59424	1
21257	1
97374	1
10992	1
95614	1
47093	1
30372	1
95587	1
6178	1
45009	1
69504	1
54782	1
41289	1
6178	1
38061	1
18168	1
74405	1
33490	1
94354	1
78866	1
90107	1
84996	1
36297	1
80135	1
96501	1
74405	1
96133	1
73211	1
49245	1
75823	1
53223	1
38061	1
5952	1
74405	1
25911	1
72790	1
46568	1
58232	1
79744	1
32257	1
77240	1
19231	1
86582	1
98815	1
6178	1
61049	1
84996	1
80425	1
53223	1
63814	1
34719	1
53223	1
67258	1
18241	1
57900	1
85660	1
65373	1
34153	1
17168	1
47365	1
33679	1
4735	1
72846	1
25818	1
53223	1
31028	1
27470	1
52502	1
13867	1
53223	1
24568	1
54126	1
37484	1
42628	1
63814	1
40523	1
31931	1
74405	1
53223	1
99775	1
53223	1
44057	1
12673	1
43089	1
84996	1
95913	1
6178	1
82552	1
74405	1
63814	1
25801	1
63127	1
35099	1
3436	1
33600	1
30148	1
16508	1
84996	1
58147	1
47444	1
19997	1
44081	1
370	1
74405	1
48725	1
48951	1
7282	1
35078	1
36172	1
58828	1
2093	1
57684	1
59243	1
16518	1
45094	1
80425	1
34663	1
41918	1
28585	1
47122	1
65919	1
62471	1
12308	1
85914	1
80425	1
72846	1
86831	1
79001	1
84996	1
74405	1
88224	1
83377	1
91016	1
25911	1
56397	1
8885	1
74405	1
53223	1
53223	1
44411	1
66996	1
7737	1
46076	1
84996	1
29525	1
96106	1
77633	1
26534	1
22160	1
74405	1
70386	1
33600	1
58010	1
12308	1
86775	1
30291	1
14457	1
56943	1
60142	1
84996	1
84996	1
96789	1
59299	1
15272	1
26085	1
64005	1
95587	1
87377	1
83356	1
12308	1
18544	1
13944	1
74405	1
13458	1
4835	1
27470	1
3492	1
15873	1
95587	1
27360	1
84996	1
84996	1
60221	1
22899	1
37158	1
23461	1
53435	1
4104	1
69834	1
37154	1
63814	1
63814	1
84996	1
66492	1
12580	1
74405	1
7737	1
22899	1
46983	1
81847	1
50950	1
44081	1
16769	1
96218	1
63814	1
60858	1
63814	1
53223	1
53223	1
47803	1
73118	1
74405	1
84996	1
53223	1
16879	1
44081	1
18436	1
4505	1
11838	1
84103	1
95587	1
18868	1
16584	1
44081	1
48652	1
74405	1
62145	1
16879	1
79082	1
71499	1
28319	1
74405	1
47525	1
80425	1
45609	1
14070	1
97146	1
88227	1
55602	1
28012	1
32257	1
74405	1
71256	1
5038	1
68275	1
44204	1
21143	1
27360	1
85212	1
78042	1
21340	1
52096	1
53223	1
76290	1
84996	1
53223	1
27360	1
69041	1
74405	1
63814	1
74405	1
80118	1
11511	1
74405	1
81957	1
81055	1
63814	1
19781	1
46510	1
77375	1
63814	1
96926	1
14112	1
74405	1
74405	1
41098	1
951	1
32147	1
74405	1
86865	1
89567	1
48868	1
60827	1
15565	1
96405	1
18802	1
86441	1
27470	1
38717	1
74405	1
38061	1
64629	1
48870	1
90796	1
56557	1
74405	1
65373	1
84996	1
74378	1
61022	1
20653	1
72265	1
74405	1
74947	1
60501	1
86426	1
53223	1
42522	1
22598	1
36329	1
90256	1
63814	1
89866	1
93850	1
6178	1
74405	1
46763	1
7407	1
53223	1
83873	1
64246	1
58600	1
31350	1
36392	1
74405	1
6720	1
27470	1
79900	1
27470	1
31931	1
49418	1
4658	1
81297	1
57757	1
38061	1
35049	1
33490	1
69010	1
84996	1
2259	1
27360	1
84996	1
38061	1
34719	1
29317	1
84996	1
46983	1
44750	1
58010	1
63814	1
21371	1
53765	1
5481	1
88907	1
53223	1
21556	1
11621	1
84996	1
27470	1
15210	1
16879	1
53223	1
19781	1
15069	1
63814	1
55222	1
47855	1
3056	1
5323	1
79082	1
56341	1
33760	1
23549	1
38061	1
53223	1
75740	1
72331	1
34032	1
74405	1
50537	1
69834	1
74405	1
13510	1
85785	1
12308	1
810	1
48758	1
62824	1
27587	1
95587	1
62687	1
95587	1
74405	1
54043	1
8609	1
51880	1
48652	1
53223	1
93710	1
30746	1
73062	1
11926	1
78866	1
5055	1
16769	1
94128	1
65942	1
33461	1
39564	1
33600	1
53723	1
65373	1
60534	1
49694	1
79192	1
66932	1
47139	1
16769	1
2730	1
74405	1
10749	1
85245	1
84996	1
53279	1
84996	1
25801	1
71063	1
53223	1
84486	1
91016	1
69834	1
44081	1
74405	1
69944	1
74405	1
4316	1
91016	1
6288	1
74405	1
90360	1
67258	1
25801	1
95284	1
35321	1
74405	1
48816	1
68271	1
84712	1
23242	1
89920	1
49447	1
2620	1
6178	1
84996	1
15536	1
13214	1
20076	1
46707	1
80535	1
48652	1
32693	1
71640	1
16769	1
80535	1
175	1
93011	1
63704	1
74405	1
63814	1
7147	1
74405	1
34661	1
63814	1
46165	1
63688	1
18544	1
24867	1
21213	1
74405	1
9190	1
14739	1
69284	1
51440	1
535	1
73118	1
88224	1
47525	1
88114	1
63814	1
65373	1
44081	1
49555	1
6500	1
60688	1
75964	1
16769	1
73938	1
32197	1
80751	1
38964	1
97146	1
60022	1
25278	1
53223	1
56837	1
84996	1
63814	1
67694	1
74405	1
44081	1
11426	1
82094	1
27360	1
86555	1
35595	1
53223	1
16769	1
38061	1
74405	1
74405	1
40575	1
84996	1
59656	1
68275	1
15447	1
67395	1
66791	1
31931	1
33453	1
16879	1
97995	1
55465	1
80425	1
37895	1
93765	1
20433	1
48652	1
90528	1
52015	1
3139	1
74268	1
91998	1
33490	1
31931	1
38823	1
5078	1
57684	1
54782	1
77523	1
58010	1
16439	1
49961	1
27470	1
37851	1
30970	1
72986	1
6178	1
56561	1
31931	1
27726	1
48428	1
84996	1
63704	1
60794	1
63814	1
53223	1
16769	1
74405	1
74405	1
88440	1
158	1
39946	1
63646	1
80535	1
26673	1
68763	1
64655	1
97536	1
16414	1
63571	1
24458	1
30779	1
51193	1
95587	1
33490	1
72736	1
63594	1
74405	1
27470	1
74405	1
50576	1
17099	1
73278	1
74405	1
33490	1
27686	1
84996	1
15210	1
49881	1
57076	1
74405	1
92905	1
53223	1
78972	1
86937	1
28867	1
41042	1
95587	1
50211	1
60229	1
76290	1
69834	1
29496	1
84996	1
59322	1
53113	1
81108	1
62471	1
52472	1
16252	1
677	1
74405	1
53618	1
44884	1
23219	1
31078	1
16603	1
53223	1
53223	1
2730	1
53223	1
74405	1
74621	1
84996	1
91342	1
69834	1
53223	1
70678	1
33409	1
53223	1
74405	1
85322	1
57720	1
74405	1
30889	1
53223	1
16879	1
68821	1
45564	1
77087	1
74405	1
38061	1
74405	1
6037	1
7872	1
53223	1
57429	1
81710	1
72846	1
16879	1
28757	1
66276	1
30588	1
99795	1
92685	1
1717	1
53223	1
13350	1
59851	1
16769	1
32913	1
6288	1
96791	1
63814	1
54782	1
24848	1
90606	1
83647	1
62579	1
52075	1
84996	1
38061	1
94028	1
74405	1
7847	1
17016	1
74833	1
88108	1
8760	1
3492	1
25911	1
87101	1
95587	1
1935	1
82177	1
31354	1
23856	1
59463	1
84996	1
9190	1
59463	1
30372	1
38061	1
74405	1
16769	1
39772	1
38061	1
65481	1
38061	1
84996	1
25675	1
34032	1
11764	1
44191	1
89260	1
80981	1
2836	1
72759	1
30499	1
63374	1
53223	1
65733	1
10824	1
18764	1
21203	1
58363	1
62797	1
63430	1
99828	1
29272	1
74405	1
47969	1
62344	1
53223	1
95587	1
72622	1
95587	1
41345	1
74405	1
24784	1
79850	1
59383	1
83979	1
16769	1
69720	1
31923	1
27360	1
28105	1
25371	1
74405	1
61830	1
79192	1
53412	1
42711	1
48206	1
84996	1
8399	1
58010	1
30372	1
53223	1
39836	1
49171	1
69834	1
62828	1
11974	1
16769	1
93177	1
1044	1
89779	1
74461	1
88963	1
16989	1
24755	1
15779	1
1717	1
56934	1
76128	1
59243	1
45530	1
18461	1
10093	1
74405	1
59386	1
91016	1
80440	1
16547	1
63814	1
12308	1
53223	1
83132	1
92764	1
94028	1
48	1
74405	1
63814	1
21770	1
58526	1
42188	1
74405	1
91844	1
15752	1
89758	1
65373	1
90109	1
35294	1
63978	1
39946	1
29245	1
74405	1
50134	1
5358	1
24458	1
53223	1
53223	1
47554	1
44764	1
74405	1
71613	1
72815	1
95587	1
49034	1
32477	1
69589	1
22978	1
53824	1
10749	1
27360	1
95587	1
40963	1
96926	1
55324	1
20584	1
75528	1
73062	1
27470	1
48652	1
64894	1
18767	1
92901	1
19173	1
83649	1
731	1
15210	1
3602	1
40963	1
14990	1
62471	1
53223	1
4179	1
74405	1
16879	1
33490	1
84996	1
53223	1
53223	1
3276	1
24022	1
12328	1
27360	1
62883	1
16879	1
95587	1
33322	1
74405	1
75308	1
77110	1
21394	1
64356	1
18926	1
71550	1
38061	1
53223	1
42917	1
28402	1
51394	1
89208	1
83341	1
90029	1
72339	1
84996	1
35159	1
74405	1
74405	1
16891	1
74405	1
74347	1
27360	1
19341	1
65153	1
74405	1
18577	1
68275	1
39184	1
53223	1
55185	1
39620	1
94244	1
53223	1
95587	1
74405	1
58504	1
82397	1
95587	1
57962	1
80751	1
94028	1
18214	1
79408	1
74405	1
39176	1
86744	1
47066	1
53113	1
6178	1
84996	1
79856	1
74405	1
56777	1
31171	1
16769	1
17452	1
16769	1
74405	1
69944	1
63594	1
50977	1
12308	1
74405	1
9869	1
8970	1
35595	1
53223	1
74405	1
7737	1
67863	1
80535	1
41351	1
81816	1
70980	1
14251	1
2323	1
64497	1
96812	1
75744	1
95587	1
40440	1
95587	1
44191	1
53223	1
27360	1
86107	1
4146	1
74405	1
45426	1
91016	1
18800	1
72736	1
6178	1
65373	1
55471	1
9406	1
15592	1
96235	1
48212	1
27360	1
74405	1
69834	1
87541	1
7623	1
34744	1
94028	1
16769	1
69834	1
45275	1
95143	1
93098	1
36392	1
84996	1
63781	1
57900	1
374	1
6178	1
35566	1
45393	1
96185	1
74405	1
74405	1
84996	1
4340	1
77197	1
42902	1
29245	1
86246	1
45173	1
16879	1
53223	1
84996	1
64447	1
14772	1
27360	1
31773	1
63814	1
1001	1
96971	1
9842	1
40060	1
11410	1
54782	1
77743	1
38061	1
40382	1
60366	1
58411	1
86798	1
12308	1
48652	1
12634	1
74405	1
74405	1
24734	1
73940	1
89567	1
16769	1
74405	1
49418	1
97496	1
84996	1
48814	1
63814	1
43064	1
74405	1
80535	1
38061	1
926	1
55324	1
73278	1
12557	1
84996	1
69834	1
53223	1
81671	1
65915	1
82310	1
74405	1
74405	1
70843	1
74405	1
25801	1
73793	1
49794	1
43388	1
59426	1
65896	1
89050	1
78326	1
63814	1
99812	1
32697	1
54617	1
97264	1
46709	1
84996	1
58882	1
4945	1
4020	1
63814	1
374	1
17311	1
74286	1
26343	1
53435	1
88444	1
24568	1
19096	1
370	1
6830	1
74405	1
24458	1
33517	1
98618	1
57468	1
33490	1
4043	1
53223	1
43427	1
36718	1
63814	1
27933	1
74405	1
42522	1
94244	1
84996	1
1717	1
42634	1
42848	1
56613	1
20209	1
37295	1
84996	1
74405	1
44081	1
85604	1
83979	1
31931	1
72846	1
74405	1
74405	1
52129	1
59243	1
5601	1
42122	1
60692	1
80728	1
91782	1
86595	1
15401	1
87972	1
71092	1
84996	1
85322	1
74405	1
84996	1
5055	1
54892	1
33432	1
16308	1
84260	1
53223	1
79082	1
74405	1
47903	1
74405	1
84996	1
53765	1
60292	1
16769	1
95587	1
88824	1
97146	1
43472	1
20727	1
65699	1
92108	1
74405	1
44081	1
4345	1
21446	1
74405	1
53223	1
14115	1
29160	1
74405	1
68275	1
66932	1
16769	1
74405	1
7737	1
38387	1
33490	1
20568	1
65481	1
18438	1
158	1
16769	1
94987	1
58610	1
17421	1
11401	1
19505	1
10749	1
1717	1
158	1
49793	1
31437	1
74405	1
69070	1
81548	1
74405	1
74405	1
74405	1
89752	1
17809	1
44191	1
80425	1
21039	1
67231	1
68275	1
63814	1
78532	1
55228	1
61861	1
60914	1
59137	1
40355	1
63814	1
934	1
4314	1
36172	1
74405	1
90084	1
38061	1
81658	1
71063	1
14990	1
74405	1
74405	1
74405	1
91016	1
14633	1
80751	1
93341	1
74405	1
13120	1
78505	1
78866	1
84996	1
69834	1
10608	1
36718	1
16769	1
19781	1
94028	1
84772	1
97669	1
91506	1
19781	1
30671	1
12877	1
64246	1
12308	1
75088	1
41505	1
79408	1
6504	1
38061	1
37181	1
93588	1
4945	1
30163	1
17672	1
53113	1
27360	1
74405	1
69120	1
40963	1
48123	1
44733	1
74405	1
43392	1
53223	1
29849	1
158	1
27470	1
42844	1
97596	1
89662	1
21666	1
47660	1
21120	1
7737	1
25801	1
87908	1
53223	1
74405	1
61325	1
83998	1
17	1
27360	1
51799	1
8068	1
43641	1
14193	1
22899	1
63814	1
42302	1
62471	1
19781	1
67179	1
75964	1
158	1
71503	1
53223	1
26127	1
99035	1
68113	1
74405	1
97196	1
82397	1
90526	1
76965	1
94134	1
80425	1
16769	1
74405	1
34691	1
1717	1
22899	1
3434	1
1717	1
95587	1
88440	1
6178	1
82094	1
27470	1
98591	1
94811	1
52013	1
15289	1
17099	1
40319	1
84996	1
98952	1
59243	1
76290	1
74405	1
24898	1
38061	1
44081	1
27360	1
99142	1
12308	1
80037	1
84803	1
97146	1
88567	1
63094	1
80315	1
38061	1
53223	1
75582	1
74405	1
5001	1
74405	1
1683	1
41818	1
10780	1
91342	1
16769	1
43971	1
65672	1
84996	1
50321	1
74405	1
46296	1
54317	1
74621	1
74405	1
30152	1
75964	1
85580	1
45966	1
53223	1
40631	1
82916	1
53767	1
80535	1
92627	1
45750	1
76911	1
52772	1
5628	1
92901	1
27470	1
89787	1
84529	1
93144	1
18081	1
53223	1
86005	1
54782	1
45698	1
617	1
63814	1
48652	1
72421	1
30372	1
44081	1
7737	1
74405	1
54087	1
98859	1
38061	1
9846	1
32257	1
71499	1
74405	1
59698	1
77633	1
3315	1
74405	1
25087	1
74405	1
78866	1
6288	1
20265	1
63814	1
55658	1
33600	1
48652	1
39946	1
98028	1
50360	1
41941	1
89662	1
16769	1
6178	1
10965	1
44654	1
84996	1
30675	1
91016	1
6178	1
93885	1
58861	1
12524	1
14126	1
41179	1
23798	1
72736	1
19781	1
35755	1
47745	1
50325	1
25459	1
21340	1
35566	1
19973	1
78038	1
57406	1
89567	1
31927	1
44191	1
20929	1
53223	1
94535	1
79192	1
74405	1
66760	1
21423	1
75688	1
95746	1
53223	1
23115	1
24239	1
97252	1
71283	1
71879	1
99332	1
39314	1
63814	1
84996	1
34152	1
67694	1
85038	1
2535	1
16879	1
27360	1
60912	1
74405	1
91844	1
47967	1
64329	1
4619	1
24184	1
75441	1
1057	1
53223	1
74405	1
27682	1
80425	1
42383	1
7737	1
84996	1
33490	1
44062	1
12652	1
73388	1
82337	1
40959	1
158	1
9969	1
90597	1
97256	1
9597	1
40276	1
95587	1
23773	1
74405	1
84996	1
74405	1
2396	1
16769	1
30951	1
74405	1
68028	1
53223	1
72626	1
48652	1
10621	1
30125	1
27258	1
71283	1
24321	1
12177	1
5705	1
97472	1
30166	1
69834	1
97146	1
61844	1
41017	1
53223	1
43651	1
82420	1
50	1
53223	1
86555	1
84996	1
63814	1
16113	1
97569	1
59243	1
25637	1
16879	1
97146	1
5165	1
35379	1
1933	1
92685	1
91126	1
74405	1
69934	1
47367	1
84996	1
61653	1
38061	1
51334	1
16879	1
91016	1
45244	1
38061	1
1197	1
63594	1
42522	1
27360	1
84996	1
53223	1
45677	1
53223	1
63814	1
53223	1
26453	1
70907	1
94024	1
75308	1
1717	1
84996	1
53223	1
2888	1
74405	1
37733	1
55031	1
78190	1
19526	1
30372	1
19781	1
85961	1
3932	1
24640	1
99031	1
77303	1
84996	1
74405	1
13043	1
74405	1
5794	1
74405	1
4517	1
16879	1
60692	1
27360	1
53223	1
78785	1
65699	1
53223	1
72990	1
78208	1
24647	1
30181	1
50016	1
44081	1
63814	1
86555	1
97179	1
96816	1
74405	1
57901	1
3332	1
53223	1
38061	1
5161	1
21280	1
68574	1
16161	1
24458	1
95587	1
41466	1
90142	1
63216	1
69944	1
94028	1
85212	1
94481	1
66031	1
17641	1
95803	1
97146	1
18045	1
49200	1
38937	1
44191	1
27360	1
28805	1
63814	1
79325	1
44191	1
53223	1
91016	1
27360	1
4619	1
5381	1
80072	1
11405	1
53223	1
48652	1
27360	1
95226	1
57255	1
24564	1
31868	1
81494	1
5298	1
40774	1
62527	1
99861	1
96550	1
74976	1
55031	1
27301	1
84996	1
16628	1
95587	1
74405	1
63814	1
26532	1
34312	1
20956	1
43230	1
74401	1
22287	1
71503	1
78289	1
77044	1
63814	1
60756	1
59785	1
2400	1
87816	1
65373	1
79408	1
6178	1
73141	1
74405	1
16879	1
78866	1
6830	1
35049	1
4052	1
16329	1
59243	1
76988	1
82085	1
74405	1
8609	1
19531	1
69944	1
53223	1
47081	1
27360	1
96974	1
74405	1
35375	1
8754	1
96322	1
63814	1
48	1
55739	1
3056	1
4945	1
74405	1
74405	1
25037	1
61817	1
74405	1
65373	1
95803	1
35541	1
24344	1
41972	1
83948	1
9190	1
88516	1
91016	1
16879	1
50211	1
74405	1
63814	1
12050	1
53223	1
65373	1
59243	1
74405	1
84996	1
84996	1
85332	1
53223	1
74405	1
73303	1
80728	1
43793	1
6178	1
74405	1
4449	1
82750	1
66738	1
85956	1
6288	1
5055	1
9512	1
73062	1
54261	1
95170	1
91417	1
94350	1
84996	1
90985	1
84996	1
59243	1
78866	1
17641	1
20109	1
74405	1
4201	1
84996	1
88000	1
48652	1
49555	1
63814	1
54342	1
47369	1
53223	1
22899	1
99772	1
30970	1
12308	1
63814	1
4096	1
38061	1
77741	1
87097	1
16879	1
6178	1
44191	1
55002	1
2830	1
20653	1
37401	1
97252	1
55681	1
38387	1
84996	1
96129	1
59930	1
96268	1
71719	1
48	1
69834	1
74405	1
63814	1
65423	1
95587	1
53443	1
44081	1
61926	1
91126	1
74405	1
95587	1
96926	1
48652	1
36392	1
48216	1
33490	1
40060	1
61128	1
26127	1
1717	1
74405	1
75964	1
33490	1
99938	1
16769	1
74405	1
53223	1
63484	1
33434	1
32602	1
74841	1
74405	1
60912	1
75964	1
53223	1
78694	1
19781	1
38061	1
61487	1
74405	1
12308	1
37841	1
13593	1
59459	1
27360	1
74405	1
97366	1
74405	1
35269	1
11868	1
9126	1
50597	1
57790	1
62145	1
18191	1
42327	1
78322	1
29791	1
6178	1
61755	1
86092	1
80535	1
59459	1
84996	1
6093	1
94028	1
23202	1
39715	1
75964	1
64549	1
64717	1
94244	1
99998	1
84996	1
14417	1
63814	1
80702	1
76180	1
27360	1
59461	1
63814	1
35941	1
23522	1
27140	1
65271	1
15210	1
80425	1
39836	1
12005	1
67721	1
17095	1
63222	1
34935	1
39024	1
30372	1
62687	1
61815	1
53223	1
54155	1
27686	1
91016	1
13585	1
65236	1
97146	1
63814	1
16769	1
52059	1
63814	1
51770	1
62255	1
61265	1
29422	1
99725	1
74405	1
21340	1
60204	1
74405	1
84996	1
74405	1
86993	1
84996	1
97279	1
33768	1
70573	1
95367	1
74405	1
74405	1
59351	1
4835	1
84996	1
84996	1
6178	1
6178	1
69834	1
63814	1
84996	1
61815	1
4403	1
58010	1
83437	1
74405	1
77722	1
65915	1
49661	1
74405	1
36392	1
10662	1
53223	1
53223	1
14771	1
20543	1
14866	1
53223	1
84996	1
65524	1
17805	1
7737	1
44570	1
649	1
70764	1
95587	1
85623	1
40276	1
95587	1
65373	1
84996	1
34993	1
97146	1
59152	1
96733	1
95587	1
59243	1
8256	1
30372	1
55309	1
47117	1
17467	1
68350	1
27360	1
74405	1
20269	1
22106	1
6178	1
33490	1
20188	1
74405	1
16439	1
17867	1
80699	1
27360	1
6178	1
34142	1
90879	1
65776	1
42007	1
74405	1
7891	1
27360	1
74405	1
95587	1
36502	1
10313	1
67646	1
22899	1
6104	1
74405	1
24101	1
91016	1
9622	1
84996	1
73873	1
63814	1
82534	1
20900	1
51660	1
8801	1
19781	1
84996	1
74405	1
22899	1
53223	1
27360	1
74405	1
87714	1
74405	1
83979	1
80535	1
52594	1
15976	1
21725	1
8067	1
27663	1
6178	1
23617	1
11436	1
5858	1
55862	1
6178	1
78069	1
27470	1
64771	1
22899	1
16769	1
59459	1
45175	1
23097	1
74405	1
74405	1
32147	1
24458	1
78646	1
27688	1
82914	1
37669	1
53439	1
73552	1
11901	1
28567	1
64962	1
74405	1
74405	1
74405	1
43971	1
52096	1
11895	1
63814	1
1717	1
76290	1
26953	1
63335	1
41968	1
57684	1
38061	1
21902	1
43782	1
74405	1
79082	1
6288	1
97328	1
48652	1
16769	1
59463	1
8063	1
24944	1
72626	1
16769	1
3214	1
15233	1
15426	1
73388	1
77390	1
22366	1
63814	1
11185	1
83229	1
94301	1
54782	1
84996	1
93372	1
1717	1
75528	1
49310	1
63814	1
74405	1
43840	1
26264	1
40602	1
74405	1
96766	1
14940	1
50147	1
11401	1
90906	1
16769	1
34337	1
75964	1
6178	1
69834	1
66932	1
88467	1
13684	1
3056	1
51496	1
40286	1
62112	1
38061	1
79055	1
74405	1
25298	1
74405	1
7955	1
1717	1
33376	1
80718	1
54787	1
77685	1
1717	1
26242	1
48652	1
12524	1
39475	1
38061	1
74405	1
16680	1
1667	1
74621	1
19781	1
80535	1
53223	1
83379	1
92685	1
67997	1
60953	1
60991	1
74405	1
74405	1
92195	1
38513	1
89563	1
42005	1
47093	1
27360	1
80971	1
1717	1
3272	1
63814	1
10585	1
84996	1
74405	1
58631	1
53223	1
95587	1
80645	1
74405	1
91034	1
917	1
70486	1
93212	1
16879	1
12308	1
82094	1
74405	1
63814	1
84996	1
44191	1
71833	1
90765	1
74405	1
39184	1
80535	1
27360	1
61128	1
74405	1
1769	1
71063	1
74405	1
26628	1
6423	1
35269	1
53223	1
58391	1
67038	1
46076	1
23688	1
99222	1
84996	1
91126	1
74405	1
89264	1
21147	1
95587	1
6178	1
63814	1
53223	1
11907	1
27360	1
58116	1
43261	1
26127	1
94134	1
21340	1
17679	1
75524	1
96926	1
74405	1
6178	1
91562	1
8373	1
41401	1
74405	1
53223	1
30372	1
44731	1
34690	1
26343	1
38061	1
53223	1
27360	1
91016	1
74405	1
56557	1
19997	1
88105	1
97146	1
53223	1
36938	1
74405	1
27212	1
93671	1
26681	1
10764	1
13867	1
53223	1
57927	1
77523	1
38061	1
6091	1
38061	1
41725	1
74405	1
44191	1
74405	1
94244	1
17095	1
12084	1
54998	1
93447	1
24348	1
94551	1
57520	1
27360	1
87222	1
57244	1
84338	1
74405	1
374	1
8831	1
12524	1
66363	1
97073	1
68138	1
16879	1
16007	1
74405	1
74405	1
48652	1
83097	1
59631	1
374	1
29245	1
60912	1
66218	1
74405	1
16769	1
94686	1
21666	1
84996	1
71719	1
76419	1
41700	1
72736	1
91668	1
63814	1
53223	1
29496	1
77014	1
80751	1
74405	1
17252	1
84996	1
86495	1
42005	1
64906	1
54861	1
53439	1
74405	1
94028	1
38061	1
91126	1
53223	1
44191	1
79082	1
95803	1
27902	1
16787	1
84996	1
89567	1
37374	1
57133	1
65051	1
74405	1
53223	1
878	1
95587	1
16879	1
87678	1
42927	1
32182	1
40716	1
27360	1
72846	1
76400	1
74405	1
38061	1
53223	1
81814	1
74405	1
8475	1
84776	1
53223	1
51062	1
51880	1
16879	1
71638	1
14530	1
74405	1
12524	1
14438	1
93175	1
83869	1
48652	1
22816	1
58940	1
80591	1
30287	1
96710	1
84996	1
27360	1
64522	1
3032	1
66738	1
46477	1
74405	1
53223	1
27470	1
79192	1
99743	1
78866	1
58932	1
84996	1
74405	1
84996	1
53439	1
38061	1
76082	1
44081	1
27360	1
91126	1
47280	1
20950	1
14519	1
60744	1
90763	1
83653	1
1001	1
27053	1
61045	1
74405	1
84996	1
39759	1
53223	1
1304	1
89457	1
13124	1
40963	1
74405	1
65901	1
41289	1
48652	1
84996	1
53223	1
408	1
48208	1
27306	1
85322	1
12308	1
63133	1
24948	1
1717	1
99031	1
15536	1
28884	1
74002	1
64427	1
8954	1
53659	1
91319	1
73282	1
8906	1
65261	1
22899	1
84996	1
72238	1
53223	1
53223	1
6178	1
51770	1
95614	1
11700	1
27053	1
44081	1
28153	1
63814	1
80645	1
91157	1
95587	1
52399	1
12167	1
12308	1
74405	1
91126	1
89457	1
69944	1
80425	1
26470	1
5578	1
90879	1
63814	1
85748	1
17975	1
91585	1
83514	1
88114	1
96214	1
16769	1
57271	1
45924	1
37166	1
94134	1
10949	1
34075	1
28475	1
45966	1
69844	1
53223	1
84996	1
84996	1
27360	1
8611	1
71335	1
7187	1
10388	1
53055	1
88608	1
38061	1
44733	1
34096	1
74405	1
54977	1
66536	1
57684	1
90219	1
27360	1
92942	1
11729	1
82094	1
84996	1
63814	1
53223	1
65281	1
41968	1
5518	1
46076	1
20897	1
24018	1
6178	1
84996	1
74787	1
91016	1
74405	1
23318	1
85858	1
74405	1
34069	1
12308	1
74397	1
55982	1
95587	1
74405	1
16769	1
95587	1
89457	1
53223	1
53223	1
20609	1
74405	1
27470	1
74405	1
48675	1
84996	1
90495	1
60392	1
80425	1
44191	1
53223	1
84996	1
5161	1
49167	1
34040	1
98815	1
41162	1
80535	1
95803	1
77523	1
69558	1
12308	1
16769	1
63704	1
84996	1
77303	1
48652	1
36797	1
63814	1
38254	1
92685	1
89457	1
16416	1
80425	1
41945	1
95587	1
84996	1
59243	1
8279	1
44081	1
72842	1
62770	1
93316	1
77390	1
20437	1
78046	1
64445	1
44411	1
8180	1
81108	1
94555	1
1462	1
95587	1
83074	1
89457	1
51554	1
53645	1
27360	1
4814	1
158	1
84996	1
61128	1
82090	1
18492	1
84996	1
95093	1
61564	1
38061	1
88224	1
33380	1
18434	1
15210	1
45618	1
75960	1
77523	1
78093	1
26127	1
34935	1
59785	1
91641	1
46983	1
58010	1
82530	1
86059	1
10749	1
84996	1
19509	1
37532	1
47529	1
41312	1
33490	1
16879	1
88334	1
67258	1
20103	1
23558	1
83437	1
6288	1
3272	1
24166	1
53026	1
2730	1
77409	1
84996	1
6566	1
35049	1
95803	1
69944	1
96073	1
23389	1
27360	1
79188	1
16076	1
74405	1
44191	1
63814	1
79192	1
26370	1
76840	1
60273	1
59403	1
45636	1
84996	1
63814	1
16769	1
73909	1
72736	1
34939	1
16769	1
61242	1
53439	1
74405	1
8024	1
29498	1
45636	1
16879	1
35352	1
31275	1
74405	1
34692	1
84996	1
95415	1
85046	1
16769	1
60908	1
74405	1
31244	1
78073	1
61058	1
44623	1
79684	1
74405	1
51880	1
35018	1
20377	1
39836	1
62145	1
46952	1
53223	1
63814	1
74405	1
84996	1
85538	1
16769	1
2620	1
84996	1
16769	1
31275	1
78046	1
55159	1
12308	1
63814	1
2792	1
16769	1
78988	1
53223	1
53113	1
8425	1
22899	1
69834	1
16879	1
53223	1
68601	1
62255	1
18166	1
16769	1
31275	1
95063	1
84996	1
99629	1
56204	1
59243	1
86802	1
78555	1
22899	1
27360	1
27466	1
38225	1
43803	1
53223	1
36687	1
46981	1
63814	1
74405	1
90784	1
70054	1
74405	1
16879	1
38061	1
89264	1
30152	1
29465	1
29457	1
90045	1
16769	1
72485	1
27360	1
8067	1
79589	1
95587	1
53223	1
72846	1
10585	1
74405	1
84805	1
53223	1
56729	1
76290	1
79192	1
59243	1
33490	1
21556	1
66279	1
60692	1
56321	1
31931	1
67445	1
91349	1
6262	1
73812	1
23333	1
84996	1
13000	1
84276	1
71738	1
65373	1
53223	1
76047	1
44191	1
2979	1
59569	1
10207	1
8559	1
63814	1
53223	1
44081	1
89457	1
32114	1
91558	1
14168	1
19117	1
74405	1
69450	1
84996	1
74405	1
58909	1
68275	1
74405	1
53765	1
25801	1
4150	1
74405	1
74405	1
87429	1
29029	1
26127	1
74405	1
72736	1
47772	1
68275	1
94931	1
74621	1
11299	1
46813	1
12308	1
95166	1
74405	1
86335	1
80425	1
1114	1
79082	1
12308	1
16769	1
21340	1
21803	1
53223	1
15210	1
76047	1
97445	1
16879	1
1717	1
89787	1
14330	1
63814	1
33359	1
66550	1
65840	1
12308	1
56447	1
95529	1
8192	1
3361	1
63814	1
54649	1
60684	1
87973	1
78646	1
22899	1
5217	1
53408	1
91016	1
64221	1
84089	1
82420	1
84996	1
13152	1
81077	1
94024	1
93399	1
74405	1
44191	1
68601	1
158	1
84996	1
67468	1
74405	1
73388	1
74405	1
80394	1
63814	1
53223	1
95587	1
36768	1
74405	1
74405	1
84996	1
83273	1
74405	1
53223	1
73475	1
53223	1
74405	1
87317	1
33490	1
79048	1
84996	1
74405	1
74405	1
45370	1
17232	1
74405	1
63814	1
30567	1
79165	1
88440	1
90219	1
74405	1
54398	1
18544	1
77523	1
11432	1
74405	1
74621	1
36635	1
15210	1
370	1
27360	1
72846	1
97145	1
88461	1
1717	1
86775	1
38061	1
23225	1
72155	1
86555	1
1717	1
54342	1
95587	1
74405	1
51322	1
80535	1
16879	1
55324	1
20101	1
62145	1
39176	1
21491	1
63814	1
6178	1
84996	1
23661	1
32473	1
89708	1
1845	1
30372	1
84996	1
62145	1
61149	1
59243	1
64088	1
88571	1
40963	1
64026	1
93121	1
74405	1
50431	1
96949	1
49277	1
25008	1
84996	1
89567	1
92658	1
27223	1
74405	1
72846	1
29476	1
38243	1
16769	1
29040	1
86555	1
74405	1
21886	1
63814	1
78586	1
82310	1
8063	1
64356	1
58010	1
84996	1
77633	1
80425	1
44081	1
77083	1
54919	1
45346	1
29725	1
37924	1
37314	1
34283	1
44662	1
33490	1
74405	1
43728	1
51050	1
95587	1
74405	1
36554	1
21550	1
59270	1
16879	1
63814	1
17548	1
95587	1
5165	1
53223	1
6178	1
42352	1
89783	1
80530	1
63814	1
3276	1
53113	1
46049	1
76994	1
44191	1
89783	1
10965	1
96569	1
95438	1
94134	1
84996	1
21440	1
9641	1
56134	1
27360	1
36141	1
83437	1
42848	1
94028	1
40743	1
9705	1
65865	1
14193	1
84093	1
27470	1
10201	1
34172	1
6288	1
96353	1
42844	1
74405	1
69834	1
20632	1
5817	1
17099	1
60129	1
18598	1
69834	1
84996	1
69834	1
25575	1
74405	1
71393	1
57940	1
46386	1
49028	1
67258	1
65834	1
52681	1
63814	1
20657	1
33600	1
11841	1
84996	1
74405	1
74405	1
53223	1
31618	1
55957	1
74405	1
48652	1
16769	1
74405	1
10664	1
87234	1
89522	1
63264	1
64356	1
32805	1
75964	1
50161	1
89758	1
12634	1
43647	1
6288	1
38061	1
53223	1
74405	1
44081	1
41399	1
84996	1
40440	1
65701	1
74405	1
21452	1
50236	1
54782	1
77853	1
36141	1
61786	1
49100	1
51554	1
63814	1
74405	1
99797	1
74405	1
95587	1
23661	1
45613	1
16435	1
27686	1
51554	1
38061	1
47309	1
79192	1
74405	1
54782	1
82094	1
40195	1
15810	1
53223	1
27470	1
74405	1
84996	1
64904	1
46983	1
63814	1
36718	1
96129	1
62645	1
10529	1
93449	1
9846	1
80425	1
94028	1
20190	1
74405	1
6288	1
53223	1
95587	1
87101	1
39127	1
92084	1
90966	1
91641	1
27360	1
90111	1
98132	1
20684	1
27360	1
72132	1
91558	1
74405	1
42408	1
76674	1
81247	1
80751	1
94028	1
6178	1
95587	1
36392	1
74405	1
74405	1
18434	1
27360	1
6676	1
34584	1
18266	1
12308	1
12431	1
95817	1
36172	1
92901	1
62855	1
27470	1
27709	1
48652	1
83437	1
97256	1
84996	1
6178	1
64557	1
19997	1
43859	1
50211	1
63704	1
27360	1
83437	1
16769	1
91126	1
65373	1
83790	1
86546	1
95587	1
74405	1
64030	1
9159	1
83572	1
52293	1
63814	1
26179	1
63495	1
92685	1
63814	1
53223	1
74405	1
15574	1
10477	1
63814	1
63814	1
64683	1
17477	1
38061	1
62255	1
48652	1
5913	1
36359	1
33816	1
14058	1
3155	1
57408	1
43792	1
24101	1
73890	1
20896	1
27470	1
81557	1
94244	1
18764	1
36718	1
21147	1
74405	1
59965	1
95587	1
38061	1
98925	1
74405	1
74405	1
28288	1
77523	1
84996	1
25801	1
68105	1
65915	1
19173	1
45887	1
38061	1
47525	1
57076	1
88440	1
65793	1
96766	1
69834	1
43400	1
4966	1
29210	1
53223	1
95587	1
19387	1
76231	1
65369	1
54724	1
6178	1
29465	1
53223	1
63814	1
17799	1
9626	1
63814	1
49453	1
40963	1
34939	1
38844	1
14817	1
74405	1
54858	1
86582	1
4418	1
95587	1
80535	1
95531	1
27470	1
84996	1
84996	1
74405	1
64470	1
39620	1
65454	1
7957	1
7782	1
72925	1
8190	1
15073	1
43562	1
80535	1
74405	1
42848	1
63814	1
95149	1
56544	1
11599	1
63814	1
77598	1
2568	1
95587	1
53223	1
74988	1
74405	1
40963	1
84996	1
97256	1
42576	1
42248	1
63814	1
74405	1
74405	1
2279	1
12634	1
97146	1
65786	1
29025	1
33490	1
91016	1
38061	1
27360	1
76180	1
53223	1
74405	1
65346	1
72736	1
19781	1
55575	1
38061	1
16769	1
36718	1
38061	1
27360	1
29135	1
59818	1
39157	1
48978	1
16769	1
58006	1
50321	1
84996	1
24064	1
8279	1
34474	1
26650	1
78293	1
6288	1
49200	1
23358	1
22322	1
74405	1
62471	1
33816	1
65888	1
53223	1
95873	1
83437	1
65346	1
86742	1
95803	1
60366	1
66932	1
84199	1
68821	1
19781	1
53223	1
84996	1
10335	1
66955	1
78073	1
85808	1
63814	1
92911	1
74405	1
29029	1
89956	1
84911	1
84996	1
16879	1
70054	1
35489	1
4619	1
84996	1
30505	1
69834	1
69834	1
35018	1
81957	1
38277	1
61379	1
38497	1
74405	1
39184	1
50264	1
34032	1
15426	1
38497	1
54998	1
20376	1
44002	1
31817	1
16769	1
84996	1
80530	1
30607	1
4945	1
53223	1
73278	1
6178	1
22389	1
63814	1
1717	1
74405	1
19781	1
47745	1
14437	1
74405	1
93584	1
90499	1
25911	1
24458	1
52509	1
56777	1
69834	1
83437	1
78866	1
95587	1
37913	1
83437	1
84996	1
63814	1
74405	1
33582	1
19781	1
82229	1
53223	1
25911	1
74405	1
27360	1
5165	1
39664	1
74405	1
73642	1
42302	1
6178	1
51554	1
67258	1
55737	1
16769	1
24292	1
62035	1
34474	1
73249	1
73062	1
44081	1
27111	1
21674	1
95504	1
15426	1
94708	1
23225	1
93424	1
58843	1
30372	1
9705	1
6859	1
96187	1
84996	1
84996	1
74405	1
96569	1
78073	1
15756	1
15426	1
74405	1
3359	1
53966	1
96353	1
9512	1
6178	1
38061	1
83159	1
74405	1
11990	1
86881	1
63814	1
75981	1
75497	1
96645	1
80095	1
63594	1
16879	1
38061	1
47309	1
84996	1
189	1
27470	1
95587	1
49914	1
99577	1
25911	1
53223	1
80425	1
92460	1
91998	1
74405	1
78505	1
74405	1
53223	1
1329	1
12607	1
92413	1
97196	1
41945	1
6284	1
31570	1
41972	1
74405	1
21639	1
88710	1
5601	1
63814	1
74405	1
74405	1
50319	1
48652	1
61273	1
95583	1
41119	1
17	1
62471	1
61265	1
93447	1
90003	1
53223	1
94244	1
86555	1
91126	1
74405	1
84996	1
66932	1
92901	1
87097	1
30518	1
90030	1
87659	1
51724	1
27360	1
76129	1
48652	1
47309	1
59785	1
158	1
24244	1
6178	1
17421	1
60732	1
53113	1
16769	1
84996	1
95803	1
74405	1
74405	1
5381	1
64993	1
99938	1
51554	1
28578	1
16769	1
74405	1
42219	1
53223	1
53223	1
77170	1
74405	1
61676	1
22322	1
74405	1
38061	1
31467	1
74405	1
31873	1
6830	1
16703	1
49167	1
94028	1
53223	1
48652	1
95587	1
77743	1
89812	1
94024	1
72736	1
40606	1
40716	1
57961	1
1717	1
98103	1
44584	1
97256	1
85982	1
48652	1
10062	1
84309	1
21083	1
24444	1
35952	1
25550	1
18390	1
60802	1
70486	1
26640	1
93083	1
91668	1
48235	1
94852	1
78789	1
65373	1
99000	1
88114	1
40963	1
94570	1
67038	1
95587	1
16879	1
16576	1
25911	1
99608	1
28809	1
84392	1
57900	1
54809	1
35285	1
57364	1
57935	1
60445	1
84996	1
71387	1
27360	1
71367	1
80288	1
20369	1
74068	1
91016	1
74405	1
89951	1
36002	1
52779	1
84996	1
96469	1
12308	1
4619	1
99415	1
8885	1
9182	1
52476	1
6288	1
74405	1
91558	1
53223	1
51085	1
74208	1
86050	1
95149	1
77436	1
74405	1
87241	1
44407	1
53223	1
74405	1
28990	1
65970	1
53223	1
86258	1
22899	1
28580	1
79192	1
53223	1
73141	1
32039	1
72846	1
84996	1
46	1
84996	1
91016	1
8279	1
43504	1
37295	1
63814	1
22899	1
53223	1
63484	1
1717	1
74405	1
11071	1
50294	1
87209	1
35375	1
53223	1
38061	1
33629	1
74405	1
83437	1
46425	1
74405	1
94570	1
91342	1
53223	1
43456	1
374	1
42844	1
59355	1
13458	1
53223	1
74405	1
36990	1
20433	1
38904	1
21556	1
91126	1
74405	1
53223	1
53223	1
53223	1
33490	1
67328	1
88037	1
39703	1
8970	1
32665	1
48432	1
32367	1
1356	1
74503	1
26679	1
25687	1
52125	1
58813	1
88224	1
20464	1
74405	1
27360	1
97478	1
51880	1
22360	1
53223	1
22459	1
69583	1
6178	1
59569	1
49194	1
15667	1
10305	1
32585	1
42908	1
27875	1
33490	1
96897	1
19011	1
14506	1
37783	1
12242	1
1769	1
19781	1
75676	1
68275	1
46983	1
45482	1
72516	1
24680	1
27360	1
74405	1
21416	1
64997	1
15426	1
74405	1
33490	1
27470	1
94354	1
87261	1
97675	1
62255	1
23985	1
68718	1
53223	1
63814	1
84996	1
1937	1
63064	1
40166	1
90190	1
6178	1
94802	1
90906	1
73062	1
27470	1
12634	1
84996	1
10423	1
99411	1
98892	1
56121	1
58010	1
6288	1
12555	1
51637	1
87755	1
94028	1
53823	1
21886	1
53223	1
41426	1
53223	1
31830	1
27470	1
74405	1
74405	1
11252	1
74841	1
3382	1
95587	1
81361	1
19120	1
55905	1
31931	1
53223	1
453	1
54780	1
76981	1
23665	1
84996	1
63837	1
8530	1
74405	1
1749	1
55378	1
84996	1
9694	1
4999	1
69834	1
2699	1
64205	1
74405	1
69394	1
88907	1
43967	1
1854	1
59459	1
29355	1
45281	1
10105	1
92024	1
89783	1
17942	1
39077	1
6178	1
8063	1
63814	1
29355	1
20213	1
55087	1
43064	1
74405	1
51249	1
48652	1
43830	1
25168	1
24541	1
6413	1
46983	1
63814	1
44623	1
69940	1
951	1
87595	1
91342	1
65012	1
84996	1
47996	1
70486	1
52667	1
9190	1
4590	1
72846	1
13234	1
72053	1
3276	1
89845	1
5200	1
74405	1
44081	1
74405	1
53223	1
84996	1
12308	1
36797	1
49436	1
54095	1
57684	1
58172	1
71935	1
41075	1
16879	1
75740	1
27360	1
3716	1
74405	1
64134	1
58666	1
3276	1
74779	1
12874	1
73141	1
24887	1
52532	1
95587	1
47635	1
48012	1
85212	1
86555	1
84996	1
21556	1
64026	1
33490	1
32390	1
54741	1
53223	1
53223	1
84996	1
74405	1
32091	1
89127	1
69944	1
74405	1
6178	1
39064	1
74405	1
18834	1
27360	1
1717	1
30372	1
74405	1
48428	1
83516	1
43178	1
35155	1
83572	1
60912	1
1717	1
97146	1
59679	1
88224	1
89316	1
44191	1
17095	1
16769	1
13647	1
59243	1
61128	1
63814	1
75983	1
53803	1
86555	1
71935	1
59152	1
68275	1
76218	1
67231	1
60802	1
27360	1
68902	1
9585	1
16769	1
53223	1
35507	1
74405	1
74920	1
64630	1
74405	1
38607	1
75964	1
36934	1
74405	1
23306	1
63814	1
69174	1
82703	1
30856	1
13893	1
87446	1
77330	1
63810	1
73058	1
84996	1
63814	1
50097	1
21843	1
31850	1
95454	1
84996	1
8499	1
95793	1
73197	1
54139	1
94354	1
84996	1
55631	1
8970	1
6178	1
58006	1
99145	1
63814	1
41351	1
88060	1
84996	1
63453	1
33332	1
85978	1
91126	1
36311	1
8829	1
36718	1
95587	1
44733	1
35868	1
91016	1
74405	1
17232	1
54535	1
30997	1
61981	1
87678	1
87433	1
73587	1
28989	1
74405	1
49881	1
91668	1
5927	1
74405	1
74405	1
74405	1
80425	1
53107	1
33596	1
35896	1
84996	1
36718	1
88790	1
26486	1
53223	1
9626	1
6288	1
63814	1
95587	1
1671	1
57244	1
89978	1
40963	1
96133	1
17423	1
41725	1
56561	1
63814	1
53439	1
97036	1
24387	1
74405	1
53083	1
46983	1
45426	1
75167	1
69274	1
41474	1
53223	1
63484	1
1717	1
16879	1
77523	1
36085	1
84996	1
16769	1
95587	1
42290	1
6178	1
74405	1
83653	1
74405	1
83437	1
16769	1
19781	1
62471	1
36392	1
41289	1
91126	1
9622	1
19308	1
53223	1
27360	1
7403	1
27360	1
17535	1
74405	1
94207	1
33490	1
89947	1
98458	1
28334	1
53223	1
15536	1
45227	1
63814	1
74405	1
58184	1
60167	1
16769	1
68026	1
94028	1
74405	1
6504	1
65915	1
50730	1
49414	1
14056	1
63374	1
74405	1
23812	1
84996	1
74405	1
92685	1
71935	1
12308	1
77523	1
89123	1
3002	1
36827	1
91564	1
95803	1
91016	1
80425	1
1851	1
3492	1
63814	1
39836	1
56667	1
53223	1
53985	1
80425	1
10647	1
53113	1
8063	1
34935	1
78866	1
84996	1
35516	1
78285	1
1717	1
74405	1
44208	1
96789	1
36502	1
55990	1
63814	1
48428	1
74405	1
40301	1
64150	1
74405	1
53667	1
52420	1
12252	1
7737	1
33490	1
60729	1
91016	1
6178	1
99251	1
73868	1
80967	1
53223	1
74405	1
96292	1
44081	1
41262	1
81187	1
41449	1
69944	1
27470	1
16769	1
89457	1
54246	1
16879	1
53223	1
68275	1
77633	1
63814	1
73797	1
22899	1
80535	1
58199	1
71935	1
70636	1
3492	1
72736	1
74405	1
63814	1
45949	1
2060	1
55604	1
89920	1
26424	1
13769	1
45314	1
95587	1
20520	1
89426	1
84996	1
39620	1
50211	1
45976	1
63814	1
40721	1
97146	1
74405	1
20598	1
88232	1
33490	1
30152	1
15096	1
75964	1
94028	1
27470	1
74405	1
7407	1
80425	1
25801	1
44081	1
8063	1
63810	1
53223	1
48918	1
12252	1
84996	1
74405	1
91126	1
42138	1
84419	1
8007	1
82420	1
6355	1
53223	1
38061	1
49974	1
74405	1
22869	1
42628	1
63681	1
47043	1
53223	1
35599	1
72846	1
53223	1
53223	1
35379	1
53223	1
91778	1
6666	1
83493	1
83790	1
84996	1
2153	1
48652	1
34850	1
52536	1
6178	1
74405	1
48	1
15505	1
55268	1
84996	1
12308	1
16769	1
34582	1
60858	1
47093	1
84996	1
84996	1
84996	1
48066	1
68051	1
66409	1
93125	1
35456	1
84996	1
22899	1
56781	1
89567	1
38061	1
38061	1
7789	1
53223	1
35159	1
84631	1
90549	1
91016	1
11534	1
69834	1
68815	1
11171	1
27686	1
54828	1
55438	1
57900	1
28996	1
95261	1
74405	1
70434	1
78532	1
66110	1
53223	1
47296	1
6178	1
68051	1
79192	1
75964	1
74428	1
41694	1
63594	1
11212	1
10965	1
17421	1
16879	1
34476	1
50537	1
53223	1
91626	1
12308	1
74405	1
46377	1
74405	1
90003	1
45800	1
69614	1
11699	1
91126	1
76730	1
61378	1
3009	1
48490	1
42522	1
55327	1
1717	1
4945	1
6190	1
12771	1
48652	1
17672	1
26727	1
38497	1
60802	1
97939	1
26127	1
12088	1
63941	1
27470	1
24078	1
57900	1
29671	1
882	1
27360	1
16769	1
74405	1
95226	1
38061	1
69834	1
11462	1
80867	1
25442	1
95587	1
48845	1
59569	1
79686	1
3507	1
70544	1
74405	1
20479	1
5549	1
91016	1
40602	1
84955	1
32771	1
74405	1
93011	1
86092	1
24568	1
26594	1
53223	1
1717	1
44081	1
84996	1
55158	1
48899	1
74405	1
17811	1
16303	1
69338	1
59243	1
94222	1
27360	1
74311	1
89806	1
74405	1
4615	1
6178	1
50321	1
29575	1
95654	1
80535	1
12524	1
92685	1
59214	1
53223	1
51220	1
74366	1
53113	1
63814	1
34142	1
53223	1
75964	1
53985	1
86555	1
16769	1
94244	1
36824	1
48899	1
34962	1
68601	1
77805	1
16879	1
81187	1
25911	1
80425	1
45966	1
23119	1
75495	1
53223	1
74947	1
38061	1
74947	1
63814	1
80535	1
67072	1
68491	1
76946	1
74405	1
63814	1
84996	1
71966	1
72132	1
48652	1
75198	1
16769	1
36279	1
25691	1
68275	1
84996	1
62145	1
4619	1
89293	1
83869	1
47415	1
94790	1
90293	1
58882	1
52644	1
30756	1
16769	1
1746	1
3056	1
53223	1
91016	1
27360	1
37993	1
26083	1
59243	1
53223	1
1085	1
9207	1
55324	1
77523	1
53223	1
53223	1
97146	1
53685	1
91016	1
36498	1
26554	1
62145	1
87097	1
16879	1
62471	1
33600	1
22899	1
84996	1
74405	1
39400	1
33600	1
31157	1
4945	1
86358	1
16769	1
63814	1
98450	1
14413	1
80311	1
97036	1
92544	1
67395	1
72103	1
67258	1
84864	1
91016	1
69834	1
72265	1
7847	1
50101	1
80428	1
74405	1
82420	1
74405	1
77004	1
78866	1
23225	1
95807	1
84996	1
54421	1
9323	1
84996	1
45204	1
74405	1
53223	1
63814	1
95587	1
53223	1
29905	1
56557	1
30152	1
69834	1
7081	1
58846	1
9190	1
74405	1
13838	1
2469	1
9719	1
83076	1
41289	1
15424	1
69834	1
92901	1
54782	1
21755	1
28153	1
43091	1
97252	1
47529	1
29102	1
91944	1
74405	1
40982	1
98238	1
83948	1
13977	1
21556	1
75960	1
17099	1
39781	1
75964	1
63814	1
5740	1
19702	1
47309	1
12308	1
47220	1
84803	1
63814	1
72717	1
30148	1
27470	1
78042	1
16746	1
7737	1
50431	1
82281	1
54782	1
62471	1
38603	1
89567	1
76070	1
84996	1
7847	1
74405	1
31028	1
25581	1
71933	1
78285	1
34377	1
91016	1
73961	1
64829	1
84996	1
36392	1
14231	1
60252	1
88080	1
26127	1
84996	1
26453	1
68817	1
20323	1
33490	1
91016	1
50211	1
74405	1
95749	1
91083	1
2043	1
3602	1
20820	1
74625	1
88554	1
74405	1
93058	1
53223	1
74405	1
81818	1
64138	1
93341	1
65373	1
57284	1
24755	1
24784	1
69670	1
43534	1
39128	1
74405	1
25687	1
61520	1
80425	1
62855	1
21340	1
30368	1
2871	1
60640	1
63814	1
18642	1
31761	1
65373	1
9431	1
89517	1
12414	1
91342	1
98350	1
48136	1
18957	1
91016	1
91126	1
16879	1
61022	1
93204	1
19970	1
60225	1
74405	1
82750	1
47525	1
80425	1
25911	1
37781	1
94244	1
17099	1
10993	1
53223	1
36745	1
74405	1
97688	1
84996	1
74405	1
25911	1
9485	1
10226	1
6178	1
84996	1
53875	1
17120	1
18874	1
6504	1
40963	1
59073	1
95587	1
74405	1
63814	1
51602	1
3799	1
27360	1
16879	1
69834	1
27470	1
74405	1
38061	1
59243	1
20566	1
1717	1
74405	1
84996	1
74405	1
73656	1
16879	1
86115	1
59243	1
4619	1
96573	1
74621	1
74405	1
52008	1
47066	1
74405	1
15320	1
11401	1
68601	1
50732	1
36934	1
16879	1
78069	1
32917	1
48652	1
63394	1
86755	1
43300	1
80425	1
50190	1
77523	1
98132	1
48652	1
27360	1
58739	1
48	1
78866	1
30935	1
60912	1
70712	1
84996	1
72736	1
19727	1
80587	1
95587	1
95587	1
80942	1
91016	1
25442	1
55002	1
80535	1
7679	1
6178	1
49441	1
39979	1
30895	1
16879	1
76726	1
38057	1
63814	1
84996	1
80998	1
98309	1
26179	1
6178	1
88326	1
74405	1
86252	1
33081	1
72516	1
33432	1
27360	1
38167	1
21556	1
9158	1
76726	1
74405	1
84996	1
67438	1
19449	1
6178	1
16879	1
53655	1
53798	1
98211	1
95587	1
74405	1
63814	1
95913	1
74405	1
88638	1
74405	1
63814	1
63814	1
36255	1
73278	1
16879	1
20848	1
30503	1
38061	1
18820	1
88488	1
62154	1
92133	1
6178	1
33843	1
79080	1
81631	1
39620	1
38061	1
51554	1
44623	1
15301	1
81179	1
74625	1
67258	1
69450	1
18213	1
63814	1
42522	1
56569	1
55025	1
76180	1
70712	1
45669	1
84996	1
54440	1
64341	1
20437	1
42022	1
30726	1
14650	1
6288	1
11652	1
52862	1
25604	1
14849	1
46653	1
38061	1
94543	1
16769	1
84996	1
9190	1
53223	1
45426	1
78671	1
64026	1
50537	1
12501	1
63814	1
36226	1
38964	1
65699	1
6178	1
82887	1
9190	1
27360	1
23881	1
18654	1
98832	1
74405	1
91246	1
61894	1
74405	1
63814	1
4619	1
99102	1
66932	1
21147	1
42302	1
95587	1
74405	1
53223	1
30588	1
34557	1
91126	1
84093	1
47637	1
74405	1
31244	1
6288	1
60445	1
8829	1
27360	1
67231	1
74405	1
25037	1
76620	1
54435	1
88629	1
69944	1
89783	1
27360	1
20105	1
95587	1
65778	1
27360	1
4015	1
13695	1
12063	1
74405	1
45750	1
44191	1
37509	1
45670	1
64030	1
21340	1
72846	1
20348	1
95587	1
38061	1
32147	1
16769	1
74405	1
1854	1
45636	1
94350	1
51000	1
21340	1
27360	1
61412	1
17452	1
71179	1
27242	1
1717	1
74405	1
6288	1
28012	1
65593	1
67343	1
63814	1
72516	1
94732	1
74405	1
32539	1
99987	1
89567	1
27686	1
99388	1
57082	1
36566	1
95587	1
68902	1
91126	1
36172	1
80425	1
91016	1
78646	1
13523	1
16769	1
12308	1
84996	1
36261	1
50537	1
40496	1
74405	1
84996	1
63814	1
79892	1
17855	1
35159	1
74405	1
74405	1
11401	1
86119	1
21116	1
95587	1
14417	1
13680	1
62828	1
94354	1
17047	1
74405	1
92337	1
33490	1
72736	1
83074	1
74405	1
77849	1
51234	1
63814	1
20680	1
24796	1
53223	1
18175	1
49555	1
41578	1
84996	1
41972	1
65898	1
48901	1
89783	1
9190	1
10940	1
67376	1
84996	1
38061	1
84996	1
76290	1
84996	1
74405	1
64136	1
72626	1
5705	1
75952	1
84996	1
16769	1
74405	1
74405	1
95016	1
36502	1
41289	1
74405	1
53107	1
16769	1
91126	1
2456	1
84996	1
8507	1
5958	1
88114	1
27470	1
16879	1
158	1
40602	1
64200	1
84996	1
69944	1
10888	1
47093	1
66359	1
74405	1
18511	1
15808	1
91126	1
53223	1
15181	1
16769	1
374	1
35566	1
74405	1
83437	1
58033	1
53223	1
16769	1
9190	1
35159	1
20456	1
59202	1
17232	1
74405	1
74405	1
85758	1
83912	1
75964	1
15210	1
5142	1
21195	1
97169	1
78725	1
74405	1
98815	1
55575	1
21578	1
8279	1
19997	1
99035	1
37543	1
99195	1
99577	1
74405	1
88660	1
40743	1
62577	1
5958	1
48652	1
75524	1
78866	1
74405	1
31331	1
64871	1
27690	1
1717	1
63814	1
36581	1
48876	1
74405	1
76643	1
30528	1
16769	1
74405	1
10749	1
54782	1
53113	1
63814	1
11401	1
3135	1
7623	1
63814	1
20695	1
11618	1
78014	1
32705	1
80801	1
36718	1
87595	1
25440	1
74405	1
95587	1
53223	1
33270	1
15210	1
6178	1
51417	1
53223	1
53223	1
76307	1
74405	1
15889	1
79192	1
27360	1
62687	1
84996	1
92436	1
53223	1
80425	1
12308	1
48868	1
33490	1
68051	1
77083	1
68491	1
2206	1
33440	1
16879	1
7737	1
90109	1
25801	1
97146	1
63814	1
6533	1
57674	1
94325	1
84417	1
42848	1
74405	1
80311	1
53223	1
14244	1
41289	1
21340	1
74405	1
74405	1
10290	1
47855	1
74405	1
41179	1
31275	1
3382	1
90450	1
44733	1
54782	1
80311	1
21666	1
64030	1
24238	1
96949	1
84996	1
74405	1
70215	1
72159	1
5161	1
71038	1
84996	1
74405	1
76894	1
44191	1
20476	1
80967	1
21280	1
60005	1
65884	1
84996	1
74405	1
74405	1
29045	1
2479	1
74884	1
83437	1
69944	1
19781	1
58646	1
60022	1
91126	1
89976	1
590	1
77239	1
53223	1
68794	1
72763	1
71524	1
37295	1
82724	1
97335	1
40141	1
53223	1
20217	1
85538	1
84996	1
83200	1
73961	1
20011	1
38061	1
84996	1
80425	1
97146	1
70469	1
94788	1
89567	1
41042	1
72846	1
1717	1
74405	1
12308	1
95587	1
41289	1
53223	1
84996	1
27470	1
12831	1
38061	1
50431	1
53223	1
44953	1
88224	1
9869	1
84996	1
41706	1
99577	1
15536	1
45314	1
63814	1
19592	1
60763	1
84996	1
62145	1
74405	1
95587	1
66193	1
52210	1
92488	1
12308	1
74405	1
55858	1
64034	1
57684	1
46061	1
27360	1
96235	1
64333	1
53223	1
84996	1
32147	1
77826	1
6178	1
80535	1
53223	1
53439	1
52538	1
84996	1
74405	1
80171	1
83437	1
53223	1
16632	1
16769	1
95587	1
28813	1
95913	1
32960	1
27360	1
36718	1
53646	1
10944	1
74405	1
1233	1
63478	1
27360	1
4611	1
16769	1
70160	1
48652	1
50211	1
54259	1
16769	1
27360	1
63814	1
63814	1
20103	1
51554	1
88824	1
480	1
44270	1
1937	1
74405	1
15426	1
48652	1
35269	1
69944	1
85571	1
63814	1
69173	1
700	1
74405	1
64194	1
53223	1
50537	1
7847	1
53439	1
80425	1
1717	1
6504	1
26501	1
16825	1
59762	1
48735	1
48652	1
16769	1
27470	1
28012	1
35111	1
16769	1
67038	1
59714	1
53113	1
59137	1
44191	1
2664	1
13014	1
33160	1
92444	1
69979	1
74405	1
20184	1
74405	1
14633	1
81328	1
12634	1
65877	1
81548	1
63814	1
86555	1
3602	1
84996	1
48652	1
42844	1
53765	1
30372	1
23445	1
38387	1
37202	1
77026	1
57672	1
18914	1
8040	1
41588	1
35076	1
84996	1
98838	1
45410	1
41505	1
49248	1
74621	1
73062	1
47936	1
32475	1
84199	1
22899	1
57684	1
91126	1
35321	1
65593	1
92590	1
48459	1
45862	1
95587	1
96710	1
44081	1
53223	1
16879	1
74405	1
1013	1
74405	1
74947	1
84996	1
10089	1
91016	1
51222	1
77841	1
45997	1
72875	1
77910	1
98375	1
50458	1
66135	1
21340	1
47837	1
80535	1
7737	1
94244	1
95587	1
74405	1
26572	1
22619	1
16769	1
46361	1
74405	1
61128	1
60802	1
74405	1
84996	1
72736	1
42165	1
81980	1
67258	1
17421	1
49276	1
53811	1
84996	1
44191	1
74405	1
58010	1
81432	1
18002	1
27470	1
19678	1
53223	1
94244	1
62145	1
55654	1
33490	1
7683	1
83437	1
79773	1
10749	1
81735	1
38799	1
83476	1
12308	1
60032	1
16769	1
55625	1
39012	1
48652	1
44654	1
95226	1
74405	1
16769	1
78449	1
44081	1
2391	1
88114	1
73278	1
16769	1
53343	1
85899	1
69944	1
95587	1
84996	1
11241	1
41038	1
30372	1
84996	1
74405	1
59817	1
77135	1
8279	1
95587	1
84996	1
53223	1
19727	1
58720	1
9406	1
48	1
74405	1
54782	1
45829	1
53223	1
77226	1
43579	1
74405	1
53443	1
53738	1
59243	1
20316	1
94987	1
84996	1
51770	1
480	1
6178	1
89457	1
74405	1
44104	1
62687	1
32996	1
66932	1
37297	1
53223	1
65373	1
28346	1
74405	1
74405	1
84776	1
83437	1
67858	1
32805	1
94354	1
13869	1
73718	1
53223	1
74405	1
74405	1
62527	1
59268	1
52619	1
26257	1
8767	1
374	1
87981	1
17436	1
27466	1
60472	1
83493	1
80425	1
7957	1
70376	1
27470	1
21556	1
33380	1
53223	1
53223	1
74405	1
48652	1
27360	1
66353	1
27995	1
26150	1
16769	1
70785	1
74405	1
74405	1
95587	1
63814	1
50890	1
74405	1
3492	1
28940	1
65373	1
15040	1
95587	1
69857	1
8499	1
44623	1
53223	1
81874	1
28915	1
3446	1
45530	1
89783	1
63704	1
74405	1
48716	1
89758	1
97146	1
13894	1
53223	1
84996	1
27246	1
6789	1
3586	1
78866	1
71279	1
77602	1
80535	1
74621	1
74405	1
62255	1
16800	1
53113	1
81604	1
20080	1
6178	1
46076	1
27360	1
91016	1
48652	1
10589	1
4835	1
52157	1
95718	1
97688	1
52134	1
6178	1
20076	1
27902	1
88554	1
95587	1
74405	1
46383	1
87413	1
84996	1
3743	1
47704	1
57737	1
91126	1
78322	1
30588	1
96226	1
53223	1
89567	1
69834	1
89779	1
96133	1
89457	1
9626	1
74405	1
45987	1
26673	1
23358	1
8349	1
19254	1
19781	1
49497	1
70417	1
26727	1
10529	1
53113	1
31931	1
19997	1
88631	1
74405	1
84996	1
10749	1
72462	1
69257	1
94627	1
74405	1
6288	1
90329	1
158	1
27696	1
21340	1
75717	1
63814	1
84996	1
42711	1
46705	1
17641	1
25467	1
22661	1
56188	1
16769	1
74405	1
84996	1
80425	1
70160	1
63814	1
99596	1
53223	1
84996	1
15536	1
48652	1
76290	1
28166	1
45966	1
59486	1
53439	1
59270	1
89457	1
47525	1
27870	1
74405	1
16769	1
6178	1
57244	1
7737	1
25911	1
78505	1
89912	1
36621	1
81189	1
6178	1
53223	1
40822	1
6178	1
63974	1
21340	1
37623	1
33843	1
53223	1
16769	1
24568	1
58033	1
21699	1
13892	1
16769	1
86881	1
65369	1
9732	1
9406	1
68561	1
40826	1
16879	1
46186	1
27902	1
31931	1
16879	1
50010	1
7025	1
68601	1
27360	1
64034	1
83873	1
74129	1
79708	1
48812	1
25801	1
63814	1
35159	1
62255	1
79300	1
16879	1
32473	1
74405	1
21147	1
79082	1
60802	1
74405	1
51554	1
74405	1
24458	1
74405	1
74625	1
11621	1
50950	1
53223	1
76018	1
16169	1
74405	1
81548	1
84996	1
10378	1
26903	1
62799	1
8970	1
91016	1
84996	1
27360	1
60688	1
62824	1
84996	1
54722	1
80425	1
74405	1
38688	1
27360	1
22019	1
70133	1
8146	1
68275	1
27470	1
44623	1
74405	1
21556	1
93125	1
24784	1
74405	1
74082	1
85785	1
27086	1
99471	1
32147	1
14739	1
27360	1
6178	1
62471	1
40963	1
74405	1
74405	1
60912	1
14629	1
9732	1
84996	1
74405	1
74405	1
12308	1
53223	1
81849	1
73278	1
66359	1
13103	1
27360	1
27470	1
82310	1
44733	1
69834	1
91214	1
96789	1
53223	1
10749	1
41968	1
36975	1
84996	1
62255	1
19781	1
84996	1
10612	1
99311	1
65373	1
48652	1
12906	1
7019	1
79708	1
44081	1
86555	1
49142	1
74625	1
94267	1
27360	1
31931	1
74405	1
53223	1
68275	1
16769	1
92851	1
19212	1
97908	1
71018	1
9190	1
38061	1
86802	1
50734	1
32147	1
3347	1
34505	1
84996	1
74405	1
36934	1
63814	1
16769	1
34395	1
86501	1
25911	1
53659	1
74405	1
4870	1
84996	1
70723	1
16769	1
60912	1
74405	1
27360	1
53223	1
50566	1
63814	1
84996	1
81054	1
72919	1
35738	1
46414	1
49357	1
10100	1
27360	1
93808	1
16769	1
69944	1
51820	1
56447	1
39946	1
39863	1
74405	1
71312	1
32118	1
30372	1
84996	1
59243	1
74405	1
83281	1
12524	1
93424	1
48652	1
74266	1
36855	1
30368	1
6425	1
38061	1
46675	1
42771	1
46618	1
5317	1
16879	1
44315	1
62145	1
7307	1
2915	1
15017	1
80751	1
16512	1
4725	1
53223	1
47855	1
74405	1
78154	1
46983	1
61761	1
74621	1
83869	1
30372	1
16769	1
44870	1
50299	1
77083	1
15210	1
52017	1
46134	1
53223	1
69834	1
25824	1
1302	1
1532	1
7737	1
64661	1
74405	1
22102	1
62247	1
86555	1
80425	1
48868	1
374	1
6720	1
91326	1
69834	1
38387	1
83456	1
18405	1
32147	1
84996	1
63814	1
53223	1
74405	1
52096	1
65373	1
60912	1
53223	1
74405	1
51880	1
16769	1
39946	1
65589	1
69614	1
76925	1
23522	1
67258	1
6178	1
53223	1
83873	1
48920	1
13728	1
43325	1
20684	1
95666	1
58337	1
84996	1
53223	1
3932	1
10722	1
13683	1
9049	1
66712	1
20653	1
62471	1
88884	1
92685	1
83437	1
63336	1
16576	1
74405	1
71723	1
6178	1
8067	1
67231	1
63814	1
69724	1
42522	1
29573	1
15156	1
25714	1
53113	1
16769	1
88361	1
59785	1
10505	1
31078	1
62838	1
99688	1
86221	1
10089	1
29841	1
84996	1
62145	1
62691	1
23520	1
76414	1
96050	1
87097	1
84996	1
7984	1
59212	1
14434	1
75964	1
14656	1
23225	1
91016	1
4858	1
50537	1
91998	1
99938	1
68621	1
31354	1
27360	1
53223	1
73419	1
53223	1
80425	1
2400	1
68190	1
74405	1
74405	1
89999	1
23142	1
91016	1
46771	1
89129	1
91016	1
28395	1
48652	1
27259	1
44081	1
10020	1
6178	1
14629	1
16769	1
25801	1
36492	1
53223	1
66029	1
31931	1
48652	1
21720	1
79082	1
63814	1
70158	1
78068	1
74405	1
32147	1
44870	1
74405	1
84996	1
98159	1
8200	1
7496	1
35159	1
74947	1
16879	1
90885	1
28099	1
3272	1
59243	1
10988	1
33380	1
42661	1
27470	1
74405	1
58803	1
11208	1
39919	1
10778	1
74405	1
27360	1
37698	1
24568	1
11523	1
6178	1
44081	1
52964	1
44627	1
12032	1
63814	1
84996	1
63814	1
64030	1
96382	1
5401	1
158	1
38061	1
36718	1
74405	1
74405	1
4619	1
14990	1
50458	1
57520	1
16879	1
78509	1
44081	1
74621	1
27360	1
33490	1
96816	1
46622	1
69010	1
80284	1
89920	1
23115	1
74405	1
2400	1
84996	1
84996	1
93665	1
62255	1
53113	1
77633	1
24678	1
66380	1
21612	1
54323	1
36392	1
48652	1
10612	1
25911	1
77087	1
83979	1
55685	1
47309	1
69450	1
6288	1
53223	1
84996	1
17772	1
57983	1
37237	1
78646	1
31310	1
74405	1
64607	1
20883	1
74405	1
59243	1
80751	1
68491	1
56845	1
14469	1
99372	1
64493	1
49418	1
86881	1
74405	1
6178	1
89343	1
12061	1
64850	1
16769	1
43720	1
73319	1
84996	1
15669	1
54782	1
33490	1
74405	1
86881	1
15669	1
86555	1
54780	1
6284	1
5601	1
74405	1
72925	1
91865	1
10965	1
53223	1
27470	1
74405	1
158	1
79001	1
93231	1
74451	1
15536	1
53223	1
44191	1
31040	1
89084	1
34939	1
34640	1
74405	1
52051	1
47886	1
53223	1
99463	1
48652	1
63814	1
99398	1
89567	1
57024	1
11899	1
84089	1
95587	1
22899	1
27360	1
46983	1
31707	1
10552	1
63814	1
59243	1
55355	1
74405	1
84996	1
15889	1
43747	1
96931	1
6080	1
74405	1
62471	1
9191	1
27526	1
86194	1
63814	1
74210	1
93683	1
74405	1
1854	1
53223	1
62145	1
29237	1
407	1
89457	1
3743	1
6367	1
27360	1
68877	1
89457	1
22297	1
38061	1
38061	1
17556	1
22899	1
78545	1
74405	1
64796	1
74640	1
74405	1
92905	1
74405	1
23115	1
28857	1
16879	1
53223	1
85922	1
74044	1
28199	1
1717	1
57900	1
24238	1
48	1
38061	1
84996	1
95583	1
71393	1
51793	1
65228	1
72846	1
50671	1
80425	1
38061	1
63814	1
63814	1
75306	1
84996	1
6872	1
16769	1
16769	1
86048	1
71123	1
6996	1
75794	1
27360	1
89567	1
81228	1
45585	1
78866	1
74405	1
74405	1
16989	1
34939	1
62471	1
36502	1
84996	1
50730	1
34640	1
38061	1
44081	1
5549	1
28263	1
84647	1
16385	1
81716	1
52920	1
91016	1
2053	1
84996	1
91016	1
51305	1
38061	1
29712	1
74405	1
14413	1
48652	1
84996	1
54425	1
74405	1
86555	1
86555	1
80425	1
52096	1
52181	1
74405	1
81766	1
74405	1
84996	1
98252	1
74405	1
22494	1
12524	1
59243	1
18764	1
52179	1
91126	1
91126	1
73865	1
94028	1
46105	1
18178	1
74405	1
40963	1
25801	1
80751	1
7911	1
6447	1
158	1
55434	1
30972	1
89482	1
32147	1
23841	1
29442	1
95147	1
97061	1
22899	1
72736	1
9190	1
53223	1
64190	1
84996	1
71204	1
53286	1
78532	1
3977	1
83437	1
84776	1
43967	1
7152	1
74405	1
85613	1
63814	1
64246	1
88224	1
76456	1
74621	1
88936	1
50099	1
93632	1
64333	1
33270	1
57076	1
86555	1
69834	1
48652	1
76520	1
84996	1
34142	1
61688	1
4862	1
57464	1
19781	1
15536	1
15092	1
68192	1
3876	1
91643	1
29002	1
99486	1
95587	1
65373	1
80425	1
23729	1
39400	1
7737	1
91998	1
41289	1
89353	1
53223	1
16769	1
36974	1
13867	1
27360	1
63814	1
59434	1
53223	1
86555	1
64719	1
14110	1
237	1
74405	1
87101	1
16879	1
56555	1
7403	1
10517	1
92602	1
84996	1
25770	1
74405	1
63814	1
30313	1
31051	1
5566	1
47992	1
45173	1
84996	1
57543	1
57900	1
58230	1
19781	1
158	1
74405	1
10535	1
45360	1
74405	1
84996	1
47369	1
38061	1
77372	1
16769	1
74405	1
59243	1
32253	1
30308	1
74405	1
95587	1
91066	1
79522	1
82229	1
54438	1
75960	1
84996	1
74405	1
88494	1
74405	1
69724	1
32232	1
48	1
6288	1
10006	1
91342	1
53223	1
8067	1
8609	1
84996	1
45350	1
53223	1
27477	1
63814	1
84996	1
48652	1
27470	1
10033	1
45094	1
59459	1
53223	1
69944	1
74405	1
49748	1
46520	1
79744	1
53223	1
38061	1
10552	1
54756	1
62255	1
41426	1
75964	1
700	1
81029	1
49584	1
85338	1
6178	1
74405	1
16769	1
91126	1
74405	1
106	1
12524	1
78019	1
77853	1
10992	1
91126	1
84996	1
15069	1
94028	1
30694	1
41289	1
17477	1
63814	1
62251	1
84996	1
94244	1
96905	1
53786	1
62907	1
63814	1
84996	1
27686	1
80425	1
65421	1
89100	1
22104	1
80535	1
50977	1
27360	1
74591	1
5827	1
4335	1
62687	1
17579	1
86555	1
80425	1
49850	1
1844	1
84996	1
83215	1
70160	1
67476	1
51880	1
9242	1
84996	1
19561	1
76653	1
69151	1
59243	1
37378	1
30567	1
58010	1
93341	1
48652	1
61259	1
10174	1
20323	1
62145	1
64246	1
74405	1
5333	1
39699	1
158	1
12308	1
27686	1
53223	1
74405	1
470	1
68601	1
35361	1
64277	1
27470	1
74405	1
5354	1
38061	1
74405	1
62457	1
73722	1
51417	1
8910	1
35016	1
54066	1
58056	1
41505	1
63814	1
23190	1
28567	1
27360	1
69720	1
34935	1
48652	1
57491	1
374	1
84805	1
36392	1
47635	1
27470	1
95587	1
84996	1
39320	1
69834	1
34476	1
81077	1
22899	1
5055	1
9190	1
16187	1
74405	1
1933	1
51990	1
84996	1
90142	1
645	1
74405	1
53223	1
10172	1
95587	1
36172	1
18802	1
41785	1
43915	1
22548	1
74405	1
33432	1
84996	1
46429	1
77409	1
50514	1
27470	1
90659	1
74405	1
27099	1
74405	1
30372	1
80535	1
63673	1
74405	1
91126	1
88309	1
38823	1
57657	1
16769	1
95587	1
55137	1
81410	1
24568	1
69944	1
6178	1
96926	1
28922	1
40963	1
95587	1
63814	1
74405	1
74405	1
34140	1
93868	1
89567	1
37214	1
30175	1
74405	1
87398	1
71819	1
46715	1
84996	1
27360	1
8055	1
35159	1
57400	1
3575	1
91782	1
51109	1
72458	1
84996	1
74405	1
41789	1
83437	1
20213	1
30430	1
91454	1
74405	1
10749	1
96322	1
74405	1
53052	1
37044	1
99145	1
27470	1
88489	1
84996	1
13494	1
67914	1
45933	1
16989	1
45997	1
74405	1
50458	1
60196	1
1177	1
61636	1
49952	1
53223	1
54558	1
64030	1
93060	1
60692	1
75964	1
74405	1
41505	1
73718	1
68545	1
1717	1
39946	1
84996	1
24778	1
38603	1
36331	1
63814	1
8909	1
42522	1
84996	1
74405	1
84996	1
57900	1
56453	1
6178	1
61730	1
74405	1
97659	1
72736	1
27682	1
48405	1
16769	1
87757	1
69228	1
28892	1
27360	1
27360	1
95233	1
56330	1
16227	1
32852	1
74405	1
69834	1
16879	1
74621	1
73722	1
6178	1
6178	1
98815	1
38061	1
74405	1
62797	1
33816	1
92028	1
38869	1
6178	1
96439	1
81621	1
24647	1
69834	1
43338	1
12308	1
8719	1
1717	1
41406	1
32697	1
74405	1
63814	1
53223	1
6318	1
53223	1
74405	1
90003	1
83273	1
84996	1
36502	1
95587	1
73531	1
32174	1
74621	1
37781	1
95666	1
28396	1
13967	1
53223	1
53223	1
18600	1
15210	1
31572	1
23117	1
39946	1
75528	1
89855	1
85410	1
16769	1
62687	1
74405	1
16879	1
33490	1
89671	1
59926	1
74405	1
27800	1
63814	1
49142	1
54238	1
54341	1
53223	1
97005	1
87441	1
37947	1
20213	1
42192	1
82634	1
86555	1
53223	1
74405	1
27470	1
84996	1
50913	1
72375	1
88224	1
63783	1
84996	1
33469	1
99031	1
74405	1
32473	1
58226	1
2813	1
58006	1
35049	1
25197	1
6500	1
660	1
6942	1
94161	1
95363	1
53223	1
78837	1
17421	1
54543	1
74405	1
57103	1
38061	1
62433	1
77633	1
74405	1
93011	1
12308	1
6178	1
18685	1
16769	1
42821	1
36502	1
72846	1
94002	1
16769	1
1717	1
87501	1
24458	1
88637	1
34458	1
9626	1
38061	1
39620	1
74405	1
51656	1
17772	1
81710	1
82420	1
56578	1
16628	1
3276	1
53711	1
47635	1
72736	1
37737	1
80535	1
20612	1
53223	1
67270	1
63814	1
39620	1
74405	1
17099	1
93152	1
73062	1
48652	1
74405	1
87682	1
63814	1
53223	1
72846	1
68601	1
69261	1
5840	1
27360	1
63814	1
59978	1
97688	1
16769	1
63814	1
59243	1
53113	1
46542	1
98238	1
6178	1
88278	1
63367	1
47745	1
95807	1
86945	1
36973	1
89457	1
38084	1
63814	1
16769	1
39703	1
21791	1
33490	1
85882	1
86858	1
83427	1
27470	1
83802	1
74405	1
74947	1
26326	1
26494	1
51554	1
38632	1
74405	1
87200	1
14551	1
6288	1
97366	1
76199	1
95290	1
79105	1
67123	1
97335	1
53223	1
39788	1
50757	1
39255	1
23441	1
6080	1
6535	1
27470	1
12308	1
84996	1
57464	1
53223	1
72483	1
73592	1
50261	1
74405	1
48	1
99251	1
56341	1
27470	1
95587	1
69779	1
84996	1
74405	1
41692	1
82036	1
23335	1
19970	1
976	1
74405	1
77629	1
12524	1
54782	1
16769	1
9406	1
33525	1
24784	1
5975	1
95587	1
84996	1
7384	1
34540	1
94028	1
64686	1
41889	1
9406	1
43944	1
38061	1
13431	1
48652	1
34962	1
97146	1
74405	1
84996	1
25911	1
32147	1
49520	1
53223	1
39060	1
74405	1
27524	1
17639	1
98811	1
8972	1
53223	1
16769	1
7852	1
89341	1
84996	1
81548	1
80205	1
1717	1
25801	1
30758	1
54782	1
74405	1
74405	1
3913	1
19737	1
84996	1
97146	1
84996	1
16879	1
77602	1
3276	1
16769	1
84996	1
95587	1
41285	1
16206	1
10965	1
97642	1
74405	1
53223	1
27360	1
95587	1
74405	1
81658	1
81604	1
60802	1
36502	1
9406	1
79605	1
54641	1
74405	1
84996	1
74405	1
64030	1
94028	1
25801	1
47880	1
19127	1
92837	1
64026	1
18764	1
38825	1
55658	1
82310	1
22102	1
72296	1
45167	1
16769	1
47564	1
35815	1
16769	1
89127	1
48652	1
84996	1
6178	1
51220	1
63814	1
50238	1
36938	1
38387	1
7847	1
40575	1
74405	1
68557	1
53223	1
29905	1
47309	1
33042	1
75088	1
89347	1
98815	1
69801	1
33515	1
88114	1
71503	1
77407	1
95587	1
8482	1
53223	1
72846	1
97146	1
53443	1
84996	1
59569	1
74405	1
84996	1
74405	1
24344	1
44191	1
63814	1
74405	1
27138	1
7737	1
88633	1
70737	1
62145	1
30283	1
92789	1
20759	1
74405	1
27360	1
77635	1
91259	1
65373	1
74405	1
84996	1
53113	1
36031	1
91126	1
63814	1
63814	1
58484	1
69834	1
69834	1
46076	1
65016	1
63814	1
27989	1
12777	1
69834	1
73282	1
53223	1
27360	1
6201	1
63814	1
74405	1
73722	1
4619	1
32641	1
17421	1
38061	1
59243	1
8970	1
70895	1
53443	1
44081	1
84996	1
4619	1
99730	1
84996	1
63814	1
48652	1
28892	1
73419	1
6288	1
91016	1
94063	1
74405	1
36172	1
63594	1
54782	1
94028	1
61128	1
11291	1
39946	1
71283	1
58230	1
31919	1
20281	1
53796	1
74405	1
84996	1
20487	1
53498	1
11817	1
80692	1
37066	1
96137	1
45275	1
53819	1
58450	1
41289	1
61072	1
95587	1
74405	1
29820	1
91016	1
61323	1
88940	1
75964	1
30152	1
28865	1
75831	1
80993	1
87097	1
7272	1
84996	1
84996	1
16810	1
1796	1
74405	1
92440	1
35646	1
6178	1
80535	1
45327	1
15210	1
56341	1
74017	1
41071	1
64470	1
40030	1
14629	1
56403	1
65581	1
48652	1
97340	1
1717	1
54782	1
64958	1
77523	1
56667	1
83702	1
74405	1
16094	1
31511	1
74405	1
37128	1
94763	1
53223	1
63814	1
68271	1
68491	1
74405	1
85922	1
74947	1
90566	1
41644	1
74405	1
17672	1
59569	1
58587	1
81557	1
63264	1
12634	1
78789	1
63814	1
85212	1
7872	1
38061	1
20213	1
56557	1
86115	1
16769	1
92901	1
84718	1
74808	1
6178	1
44081	1
69834	1
53223	1
57790	1
14038	1
80246	1
4042	1
44251	1
89783	1
85596	1
53223	1
95913	1
44191	1
158	1
25801	1
60406	1
37044	1
36718	1
92025	1
53902	1
41075	1
91126	1
74755	1
35049	1
33490	1
47197	1
13923	1
57350	1
87294	1
99608	1
19781	1
65975	1
74405	1
19997	1
16989	1
69245	1
98164	1
61128	1
32645	1
86555	1
16439	1
84996	1
38061	1
82661	1
74405	1
51880	1
46205	1
36905	1
58414	1
99415	1
3492	1
83437	1
97036	1
74405	1
53223	1
57051	1
41675	1
9190	1
38061	1
41533	1
14199	1
74405	1
74405	1
27360	1
73058	1
56644	1
68010	1
17315	1
11621	1
95587	1
16769	1
34530	1
32749	1
90738	1
84996	1
31039	1
62078	1
6178	1
63264	1
37044	1
82887	1
53223	1
24199	1
14413	1
53223	1
27360	1
20437	1
75931	1
84996	1
74405	1
22899	1
58587	1
84996	1
26127	1
74405	1
40523	1
1186	1
92733	1
65373	1
84996	1
95587	1
92685	1
94653	1
75950	1
61840	1
70160	1
15210	1
95587	1
41669	1
49603	1
52096	1
53223	1
3602	1
32147	1
2043	1
75364	1
16481	1
50155	1
16879	1
65699	1
95772	1
93860	1
76572	1
63814	1
62990	1
27360	1
74405	1
74405	1
84996	1
84996	1
96050	1
90028	1
53223	1
85652	1
76547	1
75281	1
20136	1
63814	1
84093	1
35155	1
2928	1
50153	1
27470	1
38061	1
16879	1
69632	1
53223	1
53854	1
63814	1
84556	1
83040	1
15972	1
84996	1
62467	1
6178	1
31464	1
16769	1
15426	1
26567	1
69834	1
86964	1
74405	1
46185	1
53223	1
62139	1
94028	1
53223	1
48652	1
38061	1
18348	1
66369	1
92901	1
65315	1
50276	1
94790	1
19781	1
74405	1
54726	1
35440	1
22899	1
72910	1
66285	1
6288	1
6288	1
1518	1
33490	1
58006	1
53443	1
27360	1
84960	1
85019	1
79033	1
59243	1
83437	1
48652	1
29029	1
34032	1
63814	1
11291	1
74405	1
27360	1
74405	1
6178	1
63814	1
78866	1
4150	1
89096	1
59243	1
33816	1
73388	1
95587	1
77538	1
74405	1
10442	1
38931	1
9763	1
95560	1
79819	1
74405	1
86202	1
69261	1
84996	1
78326	1
5026	1
91016	1
77818	1
74405	1
20161	1
16769	1
74405	1
11895	1
22405	1
10965	1
65944	1
63814	1
58586	1
27360	1
16879	1
31275	1
97256	1
82769	1
36718	1
89457	1
39703	1
74405	1
74405	1
27360	1
6178	1
89056	1
35726	1
16769	1
1717	1
36141	1
60366	1
14644	1
27360	1
38061	1
74405	1
74405	1
77200	1
74405	1
19202	1
60692	1
49771	1
12308	1
85775	1
95803	1
53223	1
52096	1
6178	1
40959	1
16769	1
69834	1
13958	1
63814	1
16769	1
89220	1
27470	1
17923	1
98925	1
8860	1
63814	1
98821	1
17315	1
25299	1
1717	1
91016	1
7318	1
12308	1
42766	1
11729	1
16084	1
44081	1
59243	1
65149	1
81849	1
74405	1
99903	1
74405	1
53223	1
42522	1
19283	1
6178	1
27360	1
59243	1
1430	1
74405	1
23993	1
80627	1
91201	1
91558	1
71939	1
16769	1
74405	1
54892	1
22899	1
38061	1
99938	1
22459	1
12308	1
94028	1
89374	1
22183	1
34671	1
11511	1
63814	1
4945	1
1445	1
10172	1
8609	1
16769	1
41569	1
54998	1
48	1
74405	1
32849	1
73018	1
10745	1
53614	1
67721	1
41619	1
18002	1
1717	1
15368	1
74947	1
80425	1
41505	1
13730	1
35379	1
84996	1
11511	1
74405	1
2153	1
16879	1
63814	1
97146	1
38061	1
22308	1
22021	1
97285	1
73062	1
9790	1
80311	1
71283	1
55654	1
37617	1
47309	1
1717	1
91016	1
16879	1
74405	1
23115	1
36502	1
27250	1
33891	1
45530	1
27470	1
99723	1
74405	1
56561	1
83032	1
20086	1
91126	1
54380	1
22899	1
16769	1
15210	1
47309	1
27882	1
25583	1
64030	1
50211	1
47855	1
91016	1
74405	1
6282	1
28208	1
74405	1
84996	1
74405	1
78637	1
12331	1
74405	1
31186	1
46790	1
63814	1
76730	1
63814	1
5844	1
60553	1
69834	1
3276	1
67258	1
84996	1
90360	1
53223	1
97146	1
95587	1
56073	1
63067	1
80425	1
63814	1
88491	1
27470	1
20524	1
63814	1
76616	1
63814	1
40882	1
99359	1
92328	1
81187	1
1030	1
80946	1
52897	1
51594	1
97588	1
44411	1
74405	1
66932	1
84996	1
44843	1
63814	1
53223	1
21781	1
16769	1
91126	1
48652	1
27360	1
35207	1
65181	1
57684	1
70376	1
27360	1
67038	1
45750	1
81355	1
4619	1
53223	1
63814	1
13867	1
80425	1
90796	1
99162	1
91016	1
73338	1
95587	1
30372	1
82175	1
65087	1
841	1
84089	1
65892	1
23318	1
84996	1
53223	1
90	1
55866	1
59688	1
76643	1
91016	1
58492	1
72842	1
65612	1
16769	1
77743	1
8067	1
41941	1
94028	1
81282	1
41422	1
8159	1
84996	1
94373	1
94244	1
15210	1
45750	1
41949	1
74405	1
11291	1
24067	1
41862	1
53223	1
63569	1
74947	1
27360	1
53223	1
90755	1
84996	1
15843	1
69834	1
88646	1
43587	1
21666	1
48868	1
74405	1
78397	1
16769	1
12193	1
74405	1
98159	1
59023	1
13790	1
6857	1
83869	1
72846	1
41509	1
49991	1
10691	1
88054	1
97256	1
87012	1
47525	1
25251	1
16252	1
84444	1
28531	1
37318	1
7847	1
20169	1
98074	1
35826	1
94406	1
72846	1
83873	1
93152	1
6178	1
62471	1
11511	1
16769	1
2153	1
26995	1
74405	1
51554	1
43548	1
5958	1
15536	1
42821	1
74405	1
56127	1
74405	1
59922	1
74405	1
46983	1
40963	1
44301	1
3689	1
27470	1
16879	1
44081	1
95587	1
27360	1
95587	1
74405	1
53223	1
35078	1
61022	1
92604	1
43133	1
33490	1
87678	1
1717	1
71063	1
16769	1
16769	1
84996	1
76290	1
81658	1
52266	1
31051	1
2415	1
15079	1
51880	1
59679	1
73529	1
4785	1
75493	1
45613	1
13711	1
54394	1
48	1
74405	1
53047	1
53223	1
53223	1
16769	1
14826	1
43240	1
70133	1
74405	1
27470	1
95803	1
56536	1
29216	1
17099	1
58450	1
38061	1
6178	1
16989	1
60016	1
67258	1
84996	1
59486	1
91126	1
53223	1
84996	1
74621	1
78866	1
237	1
19758	1
12084	1
38061	1
32917	1
38061	1
30455	1
36558	1
16879	1
62145	1
38401	1
74127	1
79055	1
23173	1
90906	1
84996	1
26524	1
98003	1
61132	1
91888	1
50180	1
45144	1
9039	1
74405	1
59647	1
9022	1
89583	1
84996	1
23177	1
56447	1
84996	1
63814	1
59243	1
84996	1
1825	1
16879	1
93747	1
21556	1
74405	1
32473	1
25801	1
84996	1
52154	1
80425	1
95587	1
53223	1
87893	1
38061	1
16879	1
44213	1
4399	1
88224	1
69041	1
20896	1
84996	1
72111	1
44081	1
72736	1
74405	1
48206	1
6668	1
89319	1
12943	1
53223	1
51440	1
68491	1
40936	1
16879	1
60802	1
51880	1
61045	1
69834	1
62471	1
95123	1
63814	1
97910	1
66791	1
74405	1
29108	1
74405	1
74405	1
6178	1
15166	1
47093	1
53223	1
78769	1
61128	1
84996	1
74405	1
83653	1
84996	1
9190	1
60445	1
97146	1
9190	1
53223	1
48750	1
42161	1
69834	1
85415	1
29054	1
94028	1
59243	1
99031	1
74405	1
10666	1
85741	1
56005	1
74405	1
23721	1
49071	1
7185	1
29245	1
88496	1
53223	1
57900	1
3276	1
70133	1
74405	1
5817	1
16769	1
65373	1
7312	1
94790	1
74405	1
74405	1
25625	1
65261	1
11102	1
74405	1
19781	1
41299	1
42522	1
3858	1
14739	1
37527	1
74405	1
95587	1
44359	1
4945	1
74405	1
13387	1
94570	1
69944	1
92700	1
33964	1
74405	1
84996	1
6068	1
27360	1
39701	1
69834	1
9846	1
10745	1
48652	1
16769	1
67698	1
35599	1
18272	1
62145	1
8194	1
48652	1
75007	1
74405	1
16769	1
9008	1
27360	1
6178	1
76150	1
6178	1
88004	1
33042	1
61855	1
41509	1
4866	1
4637	1
534	1
44081	1
58948	1
88643	1
60661	1
20437	1
17641	1
32938	1
37320	1
84996	1
63814	1
59243	1
19781	1
13016	1
55712	1
65915	1
59243	1
12304	1
30532	1
28915	1
54782	1
22899	1
74405	1
61705	1
57790	1
93128	1
16769	1
23202	1
63530	1
74405	1
27686	1
84996	1
68498	1
84996	1
38277	1
78293	1
281	1
63814	1
23142	1
38061	1
37131	1
99909	1
54668	1
15289	1
83391	1
95473	1
44228	1
35375	1
32091	1
40955	1
74405	1
6500	1
64964	1
74621	1
22899	1
40602	1
51554	1
35049	1
84414	1
33843	1
57684	1
63814	1
75088	1
74405	1
37401	1
2213	1
63814	1
53223	1
9419	1
53223	1
74567	1
91813	1
84996	1
50170	1
341	1
87861	1
27360	1
9190	1
37947	1
34692	1
57155	1
32473	1
76290	1
44411	1
33729	1
45717	1
95587	1
53223	1
54641	1
63814	1
43767	1
51554	1
80535	1
98618	1
9485	1
74405	1
74405	1
23964	1
70081	1
74841	1
57472	1
23032	1
59270	1
50211	1
20128	1
82310	1
51215	1
92901	1
80967	1
27470	1
89783	1
16769	1
27360	1
46537	1
15553	1
74405	1
74405	1
69944	1
92737	1
27360	1
26864	1
95913	1
49175	1
38177	1
53223	1
27223	1
71279	1
86307	1
74405	1
97791	1
69944	1
90621	1
84996	1
8659	1
63814	1
33816	1
90030	1
16769	1
59144	1
27470	1
36502	1
51677	1
76180	1
49966	1
84996	1
52320	1
8970	1
69834	1
2259	1
94354	1
46105	1
53223	1
67314	1
74405	1
89457	1
47415	1
3579	1
70440	1
56561	1
30694	1
15949	1
80535	1
59463	1
83869	1
84996	1
94495	1
38061	1
65720	1
65095	1
53798	1
43508	1
68491	1
4945	1
72680	1
53223	1
16769	1
34032	1
48652	1
51660	1
16769	1
74648	1
89457	1
43531	1
84996	1
95587	1
9622	1
98160	1
21556	1
89183	1
69434	1
38061	1
86745	1
74405	1
74405	1
32147	1
14550	1
44544	1
79082	1
39535	1
29735	1
26453	1
73531	1
23302	1
91126	1
69944	1
74405	1
6139	1
19781	1
6178	1
9954	1
72846	1
53223	1
48652	1
74405	1
99278	1
13238	1
1717	1
38281	1
48652	1
47745	1
14276	1
85538	1
38061	1
38603	1
82470	1
74405	1
46762	1
14087	1
1717	1
60385	1
69940	1
56031	1
16299	1
27360	1
84996	1
65373	1
49775	1
63814	1
68192	1
47560	1
47722	1
58882	1
87921	1
94028	1
93584	1
15747	1
35267	1
53439	1
23665	1
11801	1
49638	1
51334	1
94651	1
76055	1
63539	1
74947	1
51000	1
53223	1
33600	1
93231	1
63814	1
44191	1
81957	1
38061	1
23252	1
91257	1
63814	1
21203	1
47886	1
84996	1
16879	1
65469	1
14193	1
55324	1
75964	1
74405	1
28829	1
84996	1
95587	1
47366	1
97009	1
69151	1
12308	1
27360	1
4619	1
74405	1
71406	1
74405	1
45636	1
9709	1
53223	1
16769	1
16769	1
54892	1
98135	1
74405	1
91126	1
6288	1
11839	1
16769	1
39946	1
69396	1
55382	1
73602	1
62249	1
66683	1
6178	1
77523	1
74405	1
66218	1
76290	1
7347	1
17193	1
89787	1
84996	1
9406	1
10064	1
74405	1
71719	1
19781	1
63814	1
65948	1
34229	1
74405	1
82215	1
38061	1
22831	1
84996	1
55222	1
27360	1
70820	1
74405	1
39107	1
23090	1
44191	1
74405	1
42628	1
16769	1
56887	1
20433	1
50017	1
74405	1
55282	1
98506	1
35489	1
52729	1
10965	1
11841	1
38387	1
39616	1
39836	1
27656	1
74405	1
44783	1
74405	1
33129	1
36392	1
92845	1
83447	1
74405	1
88175	1
6178	1
8970	1
22501	1
24784	1
17858	1
74405	1
27360	1
16706	1
48868	1
16623	1
7737	1
24348	1
27961	1
53223	1
74405	1
35311	1
97472	1
43588	1
36350	1
22290	1
65593	1
27360	1
27470	1
59484	1
80371	1
71719	1
63170	1
45570	1
70486	1
98375	1
84996	1
68491	1
158	1
87238	1
58253	1
74405	1
39726	1
6862	1
27360	1
96397	1
74405	1
38061	1
1717	1
74405	1
56997	1
86555	1
36419	1
95587	1
94350	1
10749	1
28122	1
92276	1
46983	1
74405	1
16769	1
16065	1
74405	1
94244	1
33490	1
38061	1
86881	1
35269	1
6178	1
22899	1
36938	1
32446	1
85029	1
65890	1
2213	1
1933	1
24568	1
33125	1
53879	1
84996	1
36502	1
90466	1
6178	1
38277	1
35049	1
52108	1
84996	1
27470	1
74405	1
29795	1
50597	1
84996	1
74405	1
24236	1
53223	1
74405	1
74405	1
16769	1
68211	1
94028	1
82970	1
43944	1
15096	1
84996	1
33490	1
96596	1
1937	1
85860	1
74405	1
75964	1
7760	1
29575	1
58199	1
63814	1
68502	1
20464	1
5060	1
75547	1
19314	1
15210	1
84199	1
64381	1
36934	1
88469	1
64237	1
24458	1
52069	1
63814	1
51880	1
25801	1
74785	1
84996	1
4619	1
74405	1
67449	1
27360	1
11185	1
63294	1
27360	1
68794	1
91213	1
12355	1
53223	1
19121	1
42628	1
79192	1
35489	1
13786	1
38360	1
91016	1
74405	1
53659	1
63814	1
17558	1
95273	1
23335	1
96376	1
74405	1
38387	1
58382	1
67428	1
51554	1
79082	1
7376	1
44627	1
95770	1
22899	1
16769	1
74405	1
76099	1
40355	1
78043	1
95713	1
864	1
33484	1
73966	1
78072	1
89453	1
95587	1
69944	1
73062	1
16917	1
8279	1
38061	1
21203	1
27397	1
86414	1
74405	1
51660	1
44081	1
13537	1
30372	1
9842	1
82586	1
5377	1
51190	1
77849	1
77060	1
84996	1
20657	1
44081	1
51770	1
60692	1
84996	1
53223	1
54478	1
26422	1
19364	1
62471	1
59243	1
44187	1
57900	1
60636	1
18301	1
73365	1
86949	1
62255	1
5827	1
37461	1
158	1
86834	1
3492	1
95587	1
11543	1
71416	1
74405	1
74405	1
16769	1
72182	1
72549	1
12310	1
74405	1
58010	1
91016	1
32101	1
71719	1
63637	1
27470	1
6178	1
3739	1
74405	1
91016	1
95587	1
3492	1
95587	1
54695	1
88646	1
62884	1
74405	1
32226	1
25801	1
24348	1
1445	1
50566	1
87134	1
48	1
94491	1
74405	1
80425	1
37671	1
77633	1
18649	1
53223	1
53223	1
84996	1
84996	1
97256	1
19929	1
71891	1
63374	1
74405	1
68275	1
95203	1
38061	1
74405	1
63814	1
9551	1
74405	1
24432	1
82090	1
64030	1
38520	1
63814	1
98948	1
31684	1
91016	1
12308	1
20767	1
82310	1
84080	1
60617	1
47093	1
64007	1
10635	1
87815	1
71360	1
27170	1
6178	1
24458	1
83545	1
3043	1
21002	1
83546	1
91016	1
91016	1
6288	1
47446	1
47405	1
74677	1
46456	1
59243	1
99031	1
19488	1
12524	1
17218	1
47309	1
14845	1
53985	1
72846	1
84996	1
53223	1
33002	1
91126	1
53113	1
34032	1
76674	1
46190	1
37671	1
58138	1
74405	1
53223	1
84309	1
53223	1
28775	1
63814	1
53223	1
97123	1
38061	1
25911	1
95913	1
16769	1
57550	1
50570	1
87678	1
15426	1
91973	1
91502	1
23	1
95587	1
77523	1
21859	1
77604	1
16879	1
74405	1
71719	1
36934	1
75528	1
397	1
21882	1
6940	1
74405	1
38061	1
74405	1
63704	1
34362	1
46997	1
70160	1
91197	1
61352	1
53223	1
67698	1
98269	1
67615	1
12308	1
74405	1
22849	1
32315	1
93583	1
44407	1
38131	1
3276	1
88768	1
6573	1
30671	1
69834	1
16769	1
374	1
24348	1
48455	1
47824	1
60526	1
97146	1
90003	1
53223	1
48	1
74575	1
43884	1
15453	1
63814	1
18764	1
59891	1
74405	1
51880	1
16674	1
89567	1
15509	1
95587	1
80535	1
27470	1
74405	1
67642	1
84996	1
61201	1
62145	1
6741	1
6178	1
74405	1
53223	1
92492	1
74405	1
28637	1
62691	1
45530	1
60495	1
48652	1
12987	1
31931	1
61142	1
74405	1
84996	1
42848	1
51554	1
42628	1
84237	1
75528	1
84996	1
27470	1
28022	1
53223	1
17647	1
69940	1
71960	1
5157	1
95587	1
72736	1
25330	1
56214	1
73014	1
80425	1
1249	1
70496	1
59243	1
38057	1
63704	1
16113	1
76371	1
74405	1
78866	1
57345	1
63814	1
3276	1
60829	1
82310	1
7737	1
16769	1
20703	1
62145	1
84996	1
90464	1
87097	1
50438	1
62471	1
74405	1
53223	1
1422	1
50211	1
21340	1
43151	1
53223	1
16435	1
26127	1
17641	1
41478	1
53223	1
61871	1
84772	1
78673	1
2122	1
29110	1
74405	1
44191	1
56781	1
95587	1
74405	1
48727	1
54985	1
62145	1
74405	1
9190	1
74405	1
53223	1
23777	1
91126	1
39126	1
95994	1
84996	1
76250	1
29355	1
48652	1
73234	1
32234	1
50348	1
57800	1
1080	1
38061	1
3357	1
10143	1
27360	1
16879	1
6178	1
81517	1
91016	1
74405	1
2747	1
84996	1
69724	1
65560	1
45750	1
84996	1
84996	1
60632	1
43967	1
93885	1
19011	1
2971	1
75117	1
53223	1
63814	1
48652	1
19010	1
76479	1
63814	1
40959	1
21340	1
1358	1
91126	1
74405	1
6178	1
74405	1
1989	1
95587	1
44081	1
11137	1
84996	1
36718	1
16769	1
95913	1
23445	1
21882	1
35550	1
51083	1
54550	1
59266	1
30631	1
84340	1
24404	1
206	1
63206	1
158	1
69834	1
74405	1
78929	1
29149	1
95587	1
1717	1
19471	1
83869	1
27509	1
59243	1
49414	1
80888	1
84996	1
95587	1
54998	1
65176	1
76180	1
47886	1
52555	1
3492	1
28562	1
51309	1
9190	1
63814	1
74405	1
84996	1
74723	1
71723	1
91344	1
74405	1
78866	1
12308	1
48652	1
71471	1
55817	1
12964	1
8775	1
74405	1
38061	1
94024	1
1717	1
17421	1
74405	1
93144	1
84996	1
91377	1
34142	1
15752	1
27360	1
22899	1
87321	1
55122	1
44081	1
99944	1
74405	1
48652	1
82053	1
63814	1
19549	1
55324	1
63814	1
56478	1
36305	1
1548	1
4505	1
57684	1
74405	1
77633	1
76290	1
91016	1
29199	1
59679	1
36502	1
53223	1
95587	1
85652	1
12308	1
97459	1
50537	1
16769	1
44191	1
27470	1
94570	1
46983	1
1202	1
76454	1
16769	1
7737	1
74405	1
27109	1
87564	1
33077	1
81953	1
46540	1
74405	1
42581	1
74405	1
80174	1
67619	1
37443	1
87480	1
74405	1
78509	1
3035	1
18434	1
4663	1
8966	1
74405	1
17365	1
38387	1
74405	1
30152	1
59243	1
51357	1
74405	1
38061	1
2749	1
63814	1
6892	1
75135	1
47525	1
84996	1
7984	1
87768	1
158	1
23565	1
11405	1
60912	1
80448	1
53223	1
84996	1
27790	1
74405	1
40963	1
91016	1
12308	1
74405	1
65373	1
74405	1
73637	1
6834	1
74405	1
74405	1
16769	1
4835	1
3735	1
11913	1
14143	1
48652	1
2708	1
26127	1
75692	1
4854	1
56385	1
76267	1
77633	1
44191	1
33490	1
19781	1
87784	1
54205	1
44081	1
38061	1
17095	1
23050	1
16769	1
2616	1
74405	1
94836	1
80967	1
74405	1
53655	1
48179	1
59459	1
22494	1
65981	1
6178	1
97688	1
74405	1
73550	1
59243	1
84996	1
53223	1
22478	1
74405	1
81963	1
80425	1
74405	1
16769	1
65783	1
3492	1
84996	1
91126	1
51637	1
27360	1
74841	1
27470	1
35078	1
31299	1
74405	1
53223	1
79302	1
14739	1
53223	1
23119	1
81204	1
910	1
89783	1
89567	1
82669	1
16769	1
74405	1
53223	1
42522	1
16769	1
55893	1
41650	1
88857	1
73444	1
16769	1
74405	1
8970	1
62255	1
89567	1
57460	1
85212	1
8970	1
19061	1
56314	1
18339	1
53223	1
44407	1
95587	1
56887	1
36528	1
16769	1
16879	1
27470	1
1717	1
41806	1
69834	1
154	1
74405	1
44301	1
84996	1
97462	1
20760	1
38987	1
26484	1
27370	1
58226	1
25801	1
17535	1
59096	1
83653	1
36718	1
40139	1
45746	1
10612	1
10965	1
95587	1
32830	1
38061	1
8279	1
85322	1
53113	1
6967	1
71723	1
96573	1
35159	1
95587	1
27686	1
87564	1
32666	1
25936	1
84996	1
30887	1
95587	1
30864	1
74405	1
35375	1
69944	1
53223	1
48652	1
91668	1
28059	1
52096	1
62145	1
68820	1
51876	1
74405	1
57900	1
91016	1
84996	1
95587	1
24564	1
36338	1
40606	1
4619	1
65969	1
93671	1
74405	1
83252	1
90519	1
53223	1
74405	1
87143	1
7737	1
95587	1
62145	1
6178	1
63704	1
73475	1
68817	1
82005	1
40963	1
29868	1
61346	1
50654	1
21203	1
80425	1
37673	1
76558	1
69940	1
95587	1
84882	1
16989	1
27360	1
63814	1
95587	1
92741	1
77633	1
36558	1
35159	1
27470	1
95587	1
63814	1
99670	1
8530	1
32083	1
7737	1
56775	1
59243	1
6288	1
74621	1
91016	1
51244	1
74405	1
39618	1
91016	1
28012	1
16007	1
46705	1
73728	1
16412	1
74405	1
27470	1
42628	1
85295	1
74405	1
80425	1
24701	1
53223	1
53223	1
74405	1
63814	1
76069	1
38887	1
47309	1
44081	1
63814	1
53223	1
85212	1
74405	1
15478	1
21446	1
4538	1
77436	1
95587	1
45310	1
95587	1
63455	1
78944	1
35543	1
24757	1
21556	1
40638	1
5999	1
15426	1
45750	1
70330	1
53223	1
98647	1
84996	1
68601	1
6830	1
88440	1
57280	1
3359	1
90405	1
93555	1
1717	1
46529	1
74405	1
54946	1
74405	1
95126	1
36502	1
9182	1
36392	1
96486	1
74405	1
53223	1
52808	1
62687	1
45227	1
84996	1
38061	1
63814	1
6178	1
30702	1
55357	1
25911	1
82256	1
89347	1
21039	1
48208	1
10749	1
74673	1
72736	1
90578	1
94028	1
37295	1
66193	1
99723	1
58226	1
33471	1
95913	1
18100	1
11338	1
6288	1
21666	1
94244	1
74625	1
53223	1
32913	1
84996	1
95587	1
91016	1
17672	1
59104	1
63216	1
13867	1
9213	1
35538	1
26949	1
45254	1
13961	1
56895	1
78200	1
74405	1
59257	1
41945	1
95587	1
67721	1
22899	1
78866	1
74405	1
84996	1
48	1
57684	1
74405	1
84996	1
18658	1
89687	1
65016	1
84996	1
71356	1
4399	1
16879	1
83437	1
96133	1
74405	1
71900	1
92791	1
3276	1
82098	1
84996	1
41179	1
27360	1
41509	1
48652	1
84996	1
10529	1
1717	1
7984	1
57684	1
19478	1
99867	1
44081	1
63814	1
75964	1
1717	1
1717	1
11808	1
81658	1
53223	1
73070	1
70413	1
74405	1
40963	1
47309	1
46431	1
32240	1
73506	1
54952	1
69944	1
62255	1
158	1
67289	1
40963	1
16769	1
49555	1
59243	1
29355	1
74405	1
4619	1
7737	1
38607	1
27360	1
91016	1
74405	1
47969	1
80425	1
26791	1
63814	1
6178	1
86555	1
89320	1
84093	1
17508	1
89943	1
91126	1
91013	1
16769	1
1717	1
71181	1
21556	1
50431	1
84996	1
95307	1
28703	1
74405	1
13070	1
26673	1
58226	1
40204	1
45966	1
49034	1
88986	1
6178	1
33600	1
47936	1
65373	1
37847	1
74405	1
54211	1
6178	1
48	1
1688	1
74405	1
84864	1
72382	1
53223	1
21556	1
63814	1
88166	1
52703	1
73058	1
11038	1
85212	1
24096	1
49308	1
74405	1
45642	1
6178	1
99992	1
48652	1
12308	1
10066	1
34711	1
77407	1
34254	1
85538	1
63814	1
57684	1
91999	1
84996	1
40963	1
16769	1
54782	1
57684	1
28120	1
91016	1
37332	1
69689	1
51440	1
56837	1
29469	1
1151	1
82422	1
21120	1
15426	1
6288	1
42138	1
55766	1
76506	1
79783	1
53742	1
19221	1
7891	1
2423	1
91126	1
43392	1
99172	1
80479	1
80425	1
74405	1
74405	1
62884	1
28263	1
29465	1
95587	1
47525	1
27360	1
20371	1
9622	1
69473	1
48	1
72516	1
59679	1
80425	1
89999	1
96808	1
10749	1
22309	1
54133	1
40963	1
89567	1
86555	1
74405	1
16979	1
48758	1
41725	1
36282	1
84996	1
95913	1
85212	1
16879	1
53439	1
20437	1
27360	1
70661	1
12524	1
47309	1
73446	1
54998	1
74405	1
23810	1
65373	1
53223	1
95807	1
80535	1
52212	1
74405	1
40382	1
72499	1
53659	1
38061	1
53223	1
84996	1
19781	1
49528	1
65778	1
74405	1
31931	1
39608	1
75663	1
15316	1
83873	1
12308	1
16752	1
79435	1
74405	1
52100	1
71943	1
16769	1
6288	1
47996	1
44081	1
7530	1
91016	1
74405	1
22899	1
90856	1
88220	1
74405	1
21340	1
75441	1
82310	1
65699	1
53003	1
55363	1
50723	1
74405	1
45530	1
47093	1
84772	1
37841	1
93231	1
10317	1
53223	1
77743	1
48652	1
68514	1
60493	1
80425	1
78311	1
92685	1
74405	1
74405	1
1933	1
74405	1
2201	1
25770	1
69834	1
42570	1
13591	1
6830	1
48511	1
81631	1
51144	1
87074	1
25911	1
53223	1
16769	1
54174	1
67611	1
42464	1
82094	1
74405	1
38727	1
69944	1
56127	1
19781	1
72842	1
57900	1
88141	1
91126	1
63814	1
59485	1
72487	1
51244	1
88141	1
65840	1
74405	1
84996	1
74405	1
43635	1
91122	1
56528	1
51533	1
95587	1
1277	1
21556	1
51041	1
59243	1
27549	1
32147	1
84996	1
95587	1
19198	1
2775	1
74405	1
69122	1
97835	1
63814	1
98925	1
84996	1
67611	1
84996	1
82646	1
74405	1
27360	1
73062	1
62145	1
70133	1
47309	1
46695	1
94323	1
21800	1
54319	1
74405	1
62498	1
40463	1
96657	1
33490	1
15206	1
90879	1
34032	1
57900	1
90880	1
75	1
92139	1
16769	1
72846	1
16769	1
53223	1
44706	1
41426	1
27470	1
16769	1
35375	1
70724	1
16468	1
16769	1
66469	1
74405	1
36740	1
75520	1
11947	1
74405	1
74405	1
75740	1
73502	1
66357	1
9846	1
83516	1
7737	1
54778	1
74405	1
41179	1
53223	1
78180	1
74405	1
53223	1
8860	1
74405	1
30447	1
58006	1
27797	1
57103	1
16879	1
99938	1
6106	1
1717	1
26843	1
33125	1
74405	1
26673	1
27360	1
31931	1
21240	1
48652	1
23445	1
37237	1
38061	1
16728	1
47969	1
54421	1
72736	1
16769	1
36525	1
38277	1
42740	1
57923	1
20454	1
95587	1
53223	1
12688	1
45530	1
67235	1
47720	1
78810	1
44376	1
89457	1
62145	1
53223	1
16769	1
38061	1
60912	1
89999	1
84996	1
74405	1
84996	1
27846	1
66276	1
86922	1
63810	1
69946	1
63814	1
14832	1
16879	1
59243	1
12032	1
9406	1
21081	1
10992	1
36172	1
79082	1
35255	1
51959	1
74405	1
2205	1
84531	1
38281	1
65373	1
99035	1
74405	1
56341	1
57404	1
86555	1
97032	1
17035	1
78316	1
74405	1
75528	1
95587	1
77633	1
44191	1
54782	1
49952	1
73826	1
53223	1
63814	1
72557	1
53223	1
74405	1
46983	1
80425	1
84996	1
98103	1
77662	1
38868	1
73062	1
53082	1
63814	1
12831	1
82873	1
15866	1
57900	1
58803	1
26127	1
87485	1
36502	1
74405	1
73038	1
88197	1
52600	1
80315	1
84996	1
42061	1
16879	1
2400	1
59243	1
16879	1
31931	1
74405	1
98236	1
22899	1
12308	1
63814	1
19646	1
53223	1
11455	1
16879	1
73161	1
81658	1
63814	1
14318	1
74405	1
74405	1
27709	1
74405	1
53223	1
91998	1
57437	1
46794	1
74405	1
9190	1
75524	1
84996	1
32911	1
69944	1
5302	1
35186	1
4914	1
41262	1
48758	1
44191	1
3660	1
7816	1
55577	1
95913	1
41422	1
26783	1
20479	1
31539	1
16792	1
89457	1
47111	1
29029	1
44262	1
35566	1
12115	1
9406	1
30660	1
6178	1
93011	1
17211	1
94383	1
79775	1
63814	1
68248	1
25801	1
84199	1
74405	1
90551	1
6178	1
74405	1
27360	1
11864	1
53223	1
6552	1
74405	1
84570	1
38798	1
69041	1
74405	1
74405	1
27470	1
63814	1
91016	1
12642	1
27360	1
16769	1
79192	1
62145	1
95587	1
6288	1
74405	1
41725	1
41131	1
92193	1
26995	1
24784	1
98656	1
12308	1
57767	1
45106	1
63814	1
27360	1
40382	1
87074	1
63814	1
30372	1
2129	1
74405	1
74405	1
62139	1
39330	1
69834	1
44081	1
74405	1
38655	1
26864	1
84996	1
1933	1
85646	1
19997	1
35158	1
81938	1
23878	1
87101	1
15945	1
84996	1
39757	1
19561	1
61128	1
35379	1
74405	1
49716	1
4312	1
75823	1
10976	1
84996	1
84996	1
7359	1
67642	1
61381	1
1825	1
90082	1
43590	1
38061	1
33490	1
94223	1
88230	1
33090	1
3602	1
65008	1
84922	1
74405	1
27470	1
33513	1
74405	1
27360	1
16769	1
66135	1
97146	1
72687	1
36749	1
61769	1
66469	1
70793	1
44081	1
76951	1
84996	1
44733	1
40602	1
53223	1
16769	1
74405	1
14990	1
12308	1
74405	1
41505	1
24238	1
31226	1
57564	1
99251	1
32145	1
51193	1
44191	1
63814	1
85451	1
94939	1
80166	1
2711	1
84718	1
78985	1
79414	1
50211	1
36558	1
33600	1
74405	1
8640	1
40085	1
77689	1
97562	1
94487	1
45603	1
40640	1
74405	1
67275	1
81606	1
27686	1
41505	1
16516	1
70820	1
8063	1
74405	1
33490	1
80875	1
53223	1
19011	1
16989	1
84996	1
12308	1
99292	1
79505	1
16769	1
91126	1
62035	1
36444	1
49194	1
80535	1
6178	1
22378	1
18618	1
89127	1
74405	1
16769	1
48652	1
56584	1
17975	1
97256	1
2562	1
74405	1
20217	1
59569	1
76211	1
99992	1
39946	1
27351	1
66029	1
63814	1
89349	1
53223	1
55478	1
84996	1
9485	1
41179	1
11187	1
63814	1
83697	1
74405	1
17838	1
27470	1
28641	1
16632	1
1933	1
60661	1
33490	1
16769	1
89252	1
44409	1
74405	1
74405	1
74405	1
63704	1
6288	1
16769	1
74688	1
74405	1
56478	1
16769	1
50321	1
6830	1
61674	1
63814	1
33077	1
63814	1
30914	1
80402	1
1580	1
84996	1
46070	1
69834	1
82094	1
97472	1
20134	1
72846	1
13867	1
27470	1
86922	1
93231	1
65267	1
73938	1
84996	1
96349	1
2481	1
58633	1
57674	1
84996	1
94028	1
9324	1
78544	1
47093	1
84996	1
53223	1
23562	1
90140	1
84996	1
83437	1
69343	1
7737	1
3276	1
82420	1
27360	1
14629	1
44191	1
89787	1
50321	1
74405	1
59104	1
45508	1
36394	1
85710	1
78343	1
74405	1
53223	1
30152	1
15069	1
41258	1
19781	1
95587	1
60389	1
80425	1
53223	1
27360	1
96357	1
8042	1
31927	1
53223	1
22349	1
74405	1
90370	1
17494	1
83273	1
93443	1
80535	1
69834	1
7737	1
69944	1
3532	1
3716	1
87155	1
77386	1
36392	1
87294	1
75337	1
84996	1
60032	1
84996	1
70048	1
89748	1
64030	1
24734	1
84996	1
70926	1
84996	1
4945	1
6178	1
69500	1
47612	1
28851	1
38519	1
16879	1
74405	1
27360	1
89127	1
85235	1
54987	1
74405	1
88224	1
11841	1
59270	1
61815	1
16769	1
61589	1
13639	1
60661	1
6178	1
55576	1
82310	1
65373	1
17454	1
38061	1
69379	1
7903	1
10071	1
45441	1
95803	1
32473	1
48459	1
70274	1
46526	1
74405	1
74322	1
74405	1
63814	1
46784	1
7737	1
69944	1
96133	1
82451	1
72626	1
27470	1
65400	1
90109	1
12308	1
98075	1
49906	1
97146	1
48	1
31051	1
6996	1
89457	1
59569	1
80425	1
84255	1
63814	1
394	1
16769	1
7737	1
52972	1
87612	1
90223	1
30368	1
98595	1
77633	1
16879	1
16769	1
74405	1
74405	1
83515	1
74405	1
6178	1
18166	1
62255	1
93640	1
63814	1
5952	1
74405	1
42626	1
63814	1
12308	1
56453	1
70843	1
55888	1
30372	1
84996	1
99419	1
33490	1
75180	1
15536	1
27360	1
76659	1
16879	1
69944	1
26453	1
10099	1
54782	1
84996	1
38061	1
6778	1
17452	1
41341	1
31587	1
87894	1
88114	1
5161	1
74405	1
69307	1
24537	1
75325	1
77384	1
49569	1
41289	1
59243	1
27360	1
84996	1
65529	1
74405	1
62255	1
53223	1
59243	1
80425	1
80967	1
51770	1
10745	1
36502	1
47407	1
84996	1
94931	1
84996	1
93069	1
52096	1
93092	1
48461	1
69944	1
48652	1
22899	1
46981	1
53223	1
36988	1
67918	1
55429	1
10290	1
91342	1
41786	1
154	1
74484	1
36392	1
47093	1
80535	1
38667	1
83869	1
38061	1
3216	1
95587	1
91373	1
60912	1
36718	1
7737	1
74405	1
6288	1
51334	1
24798	1
8464	1
36718	1
24039	1
38061	1
63814	1
23115	1
27360	1
27360	1
43369	1
22899	1
951	1
15536	1
49194	1
58587	1
33820	1
84552	1
48652	1
56557	1
25550	1
74405	1
6288	1
96573	1
48978	1
74405	1
72736	1
49721	1
74405	1
74405	1
85216	1
16769	1
16879	1
1717	1
75964	1
77741	1
50973	1
53223	1
21188	1
73093	1
51345	1
63814	1
57684	1
74405	1
90140	1
22409	1
33490	1
72232	1
50977	1
8640	1
53906	1
84996	1
85652	1
84996	1
95363	1
64466	1
74405	1
32234	1
6178	1
28153	1
74405	1
91126	1
72960	1
94134	1
2232	1
69834	1
35516	1
6178	1
6564	1
74405	1
42134	1
6178	1
69944	1
84996	1
22878	1
50702	1
74405	1
80971	1
13097	1
63814	1
85870	1
7604	1
33980	1
63814	1
67011	1
86555	1
74405	1
59243	1
91016	1
73828	1
79273	1
55438	1
48876	1
91126	1
18214	1
70808	1
3492	1
95587	1
54805	1
53223	1
84996	1
63127	1
32997	1
80996	1
17193	1
83732	1
74405	1
89567	1
44081	1
48579	1
137	1
10749	1
45609	1
81658	1
74621	1
16879	1
3407	1
23115	1
40959	1
53223	1
74405	1
12088	1
84996	1
63814	1
73091	1
93430	1
83437	1
84996	1
29357	1
65915	1
82407	1
25911	1
68294	1
62797	1
39946	1
51334	1
76128	1
21556	1
69834	1
72846	1
80479	1
25801	1
51253	1
14087	1
16769	1
58311	1
36907	1
69834	1
24568	1
73653	1
79001	1
16879	1
44191	1
85959	1
98827	1
53223	1
84996	1
91016	1
17421	1
15293	1
79192	1
67490	1
89567	1
74405	1
37070	1
42358	1
33797	1
6064	1
54211	1
64013	1
53223	1
1273	1
27470	1
74405	1
48511	1
84996	1
6288	1
53564	1
70386	1
38061	1
74405	1
9821	1
83437	1
96023	1
53223	1
16769	1
53223	1
74405	1
63814	1
158	1
71493	1
59785	1
52999	1
53223	1
84996	1
74405	1
49196	1
17861	1
43178	1
85760	1
79408	1
84996	1
27470	1
68275	1
47093	1
84996	1
16769	1
28871	1
17691	1
24188	1
50918	1
53223	1
53223	1
36145	1
74405	1
74405	1
5165	1
26019	1
44081	1
62015	1
60802	1
49748	1
32367	1
81532	1
34804	1
74405	1
1549	1
39946	1
97688	1
50838	1
95587	1
89891	1
43940	1
84996	1
36392	1
79082	1
16769	1
89567	1
49991	1
74405	1
10990	1
59023	1
38061	1
91016	1
63809	1
46107	1
16769	1
85899	1
22899	1
67289	1
17479	1
16879	1
86555	1
26370	1
74405	1
27360	1
25352	1
57684	1
18299	1
40762	1
10992	1
6068	1
53223	1
78866	1
82288	1
59243	1
62255	1
65373	1
63704	1
10965	1
16769	1
1717	1
13614	1
84996	1
74405	1
81438	1
81874	1
61595	1
54782	1
55114	1
59023	1
15532	1
6025	1
96710	1
30372	1
94642	1
23225	1
11291	1
57460	1
74405	1
21340	1
16769	1
6919	1
62027	1
38061	1
72736	1
63814	1
42788	1
92905	1
74405	1
8829	1
63814	1
27360	1
95161	1
58741	1
34274	1
39616	1
81741	1
48652	1
74405	1
79420	1
74405	1
92799	1
63814	1
73141	1
97256	1
70365	1
68491	1
66835	1
39726	1
22899	1
84093	1
19997	1
95913	1
49935	1
89567	1
74696	1
84996	1
51029	1
75501	1
5378	1
98561	1
65809	1
53223	1
38296	1
61839	1
16879	1
38607	1
84286	1
27470	1
16769	1
53223	1
81658	1
23441	1
70874	1
12794	1
50537	1
37538	1
57900	1
74405	1
65373	1
12626	1
45750	1
46525	1
65720	1
374	1
32037	1
47637	1
94244	1
74405	1
91016	1
62440	1
5927	1
3602	1
42522	1
63814	1
37158	1
590	1
64630	1
63814	1
2593	1
74405	1
13290	1
77633	1
74405	1
19781	1
37833	1
57244	1
70186	1
74405	1
65149	1
38387	1
63814	1
491	1
74405	1
23476	1
16769	1
78322	1
15210	1
6830	1
8860	1
77034	1
33490	1
92434	1
75684	1
69500	1
68053	1
46047	1
74405	1
16879	1
6297	1
62311	1
84996	1
10033	1
74405	1
86555	1
9825	1
26335	1
89783	1
89999	1
29025	1
72759	1
53223	1
98815	1
80448	1
51554	1
78673	1
58850	1
74405	1
28014	1
6041	1
808	1
28176	1
74405	1
59243	1
96025	1
63814	1
11621	1
48235	1
42797	1
95587	1
86225	1
62687	1
69589	1
16769	1
16769	1
7318	1
97032	1
20549	1
45750	1
83157	1
74405	1
53223	1
72846	1
12203	1
50406	1
77353	1
24568	1
91178	1
30372	1
35491	1
90426	1
27470	1
96710	1
76018	1
54782	1
63814	1
16769	1
20848	1
1389	1
84996	1
24672	1
26347	1
74405	1
76070	1
74405	1
78834	1
21556	1
55222	1
95749	1
36438	1
49246	1
99187	1
18023	1
15229	1
62363	1
2620	1
76215	1
41399	1
11291	1
47309	1
83537	1
49287	1
88554	1
14065	1
46983	1
48515	1
17401	1
75526	1
65589	1
98815	1
84996	1
6178	1
16769	1
74405	1
16879	1
39946	1
74405	1
36361	1
55631	1
4671	1
34853	1
78473	1
54782	1
57697	1
84996	1
98186	1
74405	1
79082	1
4619	1
63704	1
42980	1
19781	1
7847	1
37430	1
42844	1
16879	1
96926	1
32147	1
47446	1
20709	1
29834	1
58940	1
80425	1
49073	1
72736	1
82094	1
29963	1
75470	1
88027	1
91016	1
30368	1
74405	1
74405	1
95450	1
74405	1
37949	1
8750	1
43176	1
53223	1
74405	1
59814	1
74405	1
74405	1
16792	1
7737	1
98595	1
95587	1
84996	1
21340	1
74405	1
95587	1
71719	1
84996	1
1717	1
1138	1
12308	1
82916	1
35375	1
83653	1
53223	1
6178	1
63814	1
61463	1
48	1
25959	1
84996	1
52855	1
80531	1
94244	1
48648	1
53223	1
15748	1
76194	1
59403	1
15910	1
95803	1
74405	1
53113	1
53254	1
48758	1
21120	1
17531	1
20076	1
39250	1
74405	1
36037	1
90157	1
94354	1
69936	1
8640	1
74405	1
32367	1
42452	1
24317	1
95587	1
66409	1
10965	1
36141	1
70288	1
42302	1
31514	1
50211	1
27470	1
69944	1
53223	1
74405	1
86155	1
28372	1
80246	1
99350	1
16879	1
74947	1
67015	1
27360	1
48868	1
38061	1
79082	1
53223	1
14413	1
69944	1
63704	1
33490	1
62471	1
77658	1
74405	1
53223	1
95387	1
27360	1
60802	1
6178	1
74405	1
38061	1
27360	1
64437	1
55438	1
80751	1
88450	1
21666	1
29469	1
97642	1
62687	1
46983	1
72682	1
81214	1
11711	1
84996	1
74405	1
90109	1
74405	1
53223	1
94244	1
482	1
57900	1
61144	1
53223	1
2730	1
5221	1
36797	1
70592	1
44984	1
35595	1
80180	1
84996	1
35379	1
95702	1
98811	1
59275	1
17218	1
44407	1
63814	1
84996	1
18492	1
69614	1
50537	1
9512	1
65005	1
47093	1
27470	1
85212	1
63814	1
38057	1
73278	1
67617	1
51770	1
84996	1
20759	1
80425	1
98018	1
53794	1
83791	1
53223	1
74405	1
83869	1
16836	1
80394	1
15426	1
74405	1
53223	1
6178	1
53223	1
89567	1
69504	1
94024	1
16769	1
41480	1
56341	1
19958	1
94244	1
37781	1
77710	1
70495	1
99031	1
72736	1
26934	1
99639	1
22899	1
36392	1
23335	1
54782	1
40799	1
67698	1
30372	1
95722	1
74405	1
95801	1
16391	1
43999	1
41119	1
56030	1
74405	1
47635	1
30368	1
95587	1
84996	1
6178	1
94958	1
18705	1
88170	1
73282	1
8401	1
53223	1
68601	1
74405	1
74405	1
74405	1
89895	1
53223	1
18544	1
90111	1
82694	1
66029	1
37205	1
80425	1
26343	1
92940	1
28572	1
65373	1
18874	1
55434	1
15210	1
53223	1
16769	1
63814	1
53223	1
9190	1
93011	1
96369	1
74405	1
74405	1
85212	1
31873	1
17834	1
11185	1
69037	1
23441	1
27360	1
13894	1
48799	1
92905	1
74654	1
74405	1
43645	1
74405	1
53223	1
44191	1
56667	1
14976	1
52209	1
89063	1
44340	1
13198	1
74405	1
65373	1
25801	1
61323	1
74405	1
74405	1
86495	1
74405	1
20381	1
65205	1
39180	1
84996	1
97141	1
63814	1
54782	1
40770	1
51880	1
69834	1
80425	1
53223	1
33596	1
62255	1
75262	1
22322	1
71719	1
74405	1
84996	1
75638	1
62145	1
74405	1
39616	1
12308	1
53223	1
74405	1
51770	1
64298	1
71856	1
64030	1
4945	1
65793	1
84996	1
84996	1
69965	1
16879	1
3302	1
53796	1
88855	1
82310	1
1717	1
16769	1
87678	1
69741	1
80535	1
52713	1
18438	1
88639	1
63814	1
63338	1
63814	1
71723	1
48652	1
53223	1
59243	1
78206	1
70971	1
44081	1
80535	1
86555	1
34889	1
12308	1
53223	1
74405	1
36799	1
75591	1
95587	1
94028	1
1717	1
84996	1
44081	1
84996	1
97146	1
53223	1
74405	1
24786	1
21247	1
63484	1
86445	1
61128	1
1717	1
38603	1
42869	1
21662	1
44081	1
72846	1
16769	1
2836	1
14197	1
62838	1
74621	1
48978	1
84996	1
52160	1
84996	1
1358	1
17311	1
84996	1
35599	1
4619	1
84996	1
80425	1
71856	1
86165	1
15349	1
44544	1
92901	1
16769	1
47093	1
80514	1
1717	1
56737	1
75217	1
60991	1
65602	1
74405	1
27360	1
84996	1
10965	1
91238	1
84996	1
27470	1
74405	1
67835	1
80755	1
63814	1
84996	1
39381	1
12302	1
38310	1
53223	1
49194	1
83653	1
40060	1
36718	1
81488	1
17311	1
66492	1
74405	1
86171	1
67152	1
6178	1
33637	1
70158	1
30368	1
14137	1
10415	1
87184	1
91016	1
74405	1
74405	1
84996	1
74955	1
44081	1
5161	1
65180	1
158	1
84996	1
62255	1
291	1
45048	1
58226	1
48432	1
30372	1
51508	1
53223	1
74262	1
74405	1
39620	1
12634	1
54700	1
91016	1
84996	1
75964	1
33816	1
52592	1
9190	1
57091	1
36806	1
90929	1
80425	1
39184	1
42711	1
36502	1
86881	1
60582	1
38061	1
61049	1
50211	1
92847	1
74405	1
48652	1
89783	1
38061	1
63814	1
23526	1
6500	1
26399	1
65809	1
69477	1
19538	1
74405	1
6178	1
56341	1
89783	1
74405	1
74405	1
76946	1
95587	1
66712	1
44726	1
12281	1
34935	1
92581	1
29752	1
41538	1
63814	1
24537	1
84996	1
26808	1
27360	1
53223	1
49414	1
40409	1
4609	1
63704	1
94028	1
53223	1
9622	1
94244	1
15210	1
13786	1
16769	1
72864	1
61504	1
37208	1
55477	1
71364	1
12084	1
91016	1
59842	1
6452	1
54782	1
74405	1
84996	1
53439	1
53223	1
35622	1
33490	1
38061	1
89455	1
53968	1
9693	1
50209	1
92517	1
68275	1
84996	1
69944	1
12308	1
30372	1
63814	1
6178	1
38061	1
74405	1
48647	1
30478	1
84996	1
43172	1
40321	1
74405	1
16769	1
37158	1
53439	1
13074	1
41893	1
7737	1
36392	1
16879	1
77029	1
16879	1
88214	1
87564	1
16879	1
77849	1
26343	1
85212	1
78866	1
71943	1
89347	1
84996	1
80091	1
74405	1
10965	1
27360	1
7851	1
70380	1
74405	1
75964	1
74405	1
30347	1
69965	1
76240	1
94028	1
63625	1
7737	1
96106	1
68687	1
6114	1
27360	1
53223	1
68158	1
32226	1
74405	1
17533	1
74405	1
75964	1
74976	1
68915	1
74405	1
69834	1
56781	1
54782	1
94028	1
62471	1
16879	1
91134	1
44733	1
63814	1
7737	1
19005	1
74405	1
63807	1
42484	1
50211	1
50678	1
84996	1
99467	1
91016	1
95587	1
89457	1
94738	1
84996	1
15426	1
86935	1
93563	1
74405	1
16769	1
58523	1
45750	1
18081	1
69168	1
33273	1
38061	1
59243	1
25911	1
27902	1
69944	1
16391	1
84996	1
3083	1
74708	1
1057	1
53223	1
68958	1
7804	1
27360	1
63814	1
32367	1
14585	1
12059	1
73062	1
49595	1
25911	1
40963	1
21502	1
60912	1
34242	1
2036	1
74405	1
90057	1
54041	1
47963	1
31605	1
50321	1
88003	1
97996	1
14486	1
59166	1
97146	1
79520	1
91016	1
16769	1
38960	1
15210	1
68491	1
52525	1
74405	1
93920	1
33816	1
11511	1
74405	1
27470	1
77855	1
84996	1
53223	1
29249	1
2730	1
42311	1
70181	1
25444	1
40087	1
74405	1
89264	1
54782	1
54998	1
8132	1
95807	1
93299	1
74405	1
86500	1
80315	1
95587	1
65481	1
74405	1
20956	1
84996	1
95253	1
26127	1
53672	1
75144	1
94354	1
88224	1
45306	1
27360	1
53223	1
97252	1
53803	1
60609	1
84996	1
8410	1
75005	1
12908	1
92005	1
74405	1
84996	1
70191	1
59243	1
84996	1
10114	1
74405	1
62470	1
87435	1
74405	1
64412	1
53223	1
96926	1
74405	1
48	1
6367	1
41138	1
50321	1
77610	1
90906	1
81548	1
62168	1
79821	1
96957	1
79522	1
36502	1
82871	1
12308	1
58276	1
56588	1
58853	1
87988	1
25575	1
84996	1
16769	1
44081	1
84996	1
95587	1
66276	1
84996	1
41972	1
69221	1
87537	1
23704	1
74405	1
50537	1
53223	1
71393	1
91126	1
61923	1
89750	1
9174	1
55654	1
82094	1
53223	1
79170	1
91016	1
44191	1
6178	1
13647	1
53223	1
80425	1
24026	1
74405	1
1717	1
74405	1
16524	1
86250	1
74405	1
55625	1
40963	1
84996	1
30372	1
44081	1
48652	1
67320	1
93536	1
63814	1
16769	1
63814	1
27192	1
15426	1
70560	1
27360	1
51656	1
27329	1
18764	1
80998	1
48652	1
24300	1
74405	1
24078	1
53223	1
6178	1
68194	1
63704	1
59243	1
72736	1
90835	1
66982	1
63814	1
33273	1
16769	1
70573	1
59006	1
89395	1
36718	1
41505	1
53223	1
16769	1
8325	1
85212	1
27360	1
29245	1
74405	1
99195	1
33737	1
19449	1
9190	1
13443	1
70376	1
35794	1
27360	1
46429	1
12634	1
53223	1
74405	1
53223	1
96322	1
28603	1
46209	1
36718	1
84996	1
67258	1
23802	1
67289	1
53985	1
27360	1
91016	1
38061	1
98815	1
59919	1
38061	1
91338	1
98943	1
51137	1
81494	1
64509	1
41455	1
49196	1
66932	1
56557	1
27360	1
23673	1
66712	1
70133	1
53223	1
85511	1
63814	1
3418	1
69499	1
80425	1
83424	1
47747	1
95587	1
61128	1
94574	1
95587	1
27360	1
7200	1
23468	1
48652	1
44081	1
37276	1
99145	1
89457	1
54878	1
59243	1
99579	1
409	1
83653	1
24045	1
2359	1
39629	1
74405	1
51654	1
54562	1
99031	1
53223	1
9194	1
80535	1
23130	1
4619	1
19781	1
16769	1
81471	1
15578	1
62255	1
8860	1
84996	1
41672	1
37832	1
71393	1
25911	1
16769	1
15426	1
74405	1
63563	1
29355	1
59129	1
85445	1
1854	1
26376	1
2919	1
67302	1
58010	1
73982	1
51554	1
87564	1
82939	1
51197	1
38061	1
74405	1
4453	1
13836	1
13867	1
25037	1
36502	1
84996	1
700	1
74405	1
62471	1
88548	1
20684	1
71719	1
63814	1
55681	1
73857	1
85206	1
74405	1
63814	1
74405	1
77743	1
63814	1
9948	1
27360	1
91126	1
91126	1
65229	1
14853	1
16879	1
38823	1
17460	1
60829	1
53223	1
51554	1
36087	1
63814	1
22979	1
10062	1
89049	1
12659	1
76867	1
69473	1
74405	1
34269	1
52125	1
63814	1
48	1
74042	1
55324	1
72091	1
9238	1
29971	1
5802	1
28122	1
62987	1
43643	1
48652	1
32091	1
65022	1
7207	1
63814	1
74405	1
72846	1
15532	1
57680	1
16769	1
74405	1
34468	1
27741	1
19451	1
17311	1
6504	1
16769	1
84996	1
27360	1
43756	1
69282	1
85212	1
27329	1
74405	1
38061	1
81191	1
15795	1
97499	1
73475	1
13500	1
95471	1
53223	1
15918	1
73058	1
35858	1
86463	1
38061	1
67341	1
69940	1
20900	1
74405	1
53576	1
97190	1
41289	1
91099	1
16591	1
24917	1
5848	1
70164	1
48652	1
74405	1
37249	1
51770	1
84996	1
30565	1
51226	1
6288	1
96672	1
33351	1
74405	1
36718	1
53223	1
52480	1
99085	1
83869	1
85322	1
49806	1
67395	1
32960	1
33490	1
16769	1
80751	1
58450	1
86555	1
65373	1
63814	1
29135	1
41101	1
76811	1
2593	1
3492	1
80635	1
95587	1
20217	1
74405	1
32693	1
84996	1
40573	1
59792	1
64746	1
53223	1
97256	1
74405	1
84996	1
68721	1
69066	1
27259	1
86522	1
16879	1
86555	1
86890	1
16769	1
27360	1
590	1
22899	1
26127	1
47471	1
11185	1
69834	1
9190	1
77358	1
74405	1
64246	1
79201	1
96129	1
21340	1
9456	1
27360	1
16879	1
17591	1
74405	1
63814	1
24784	1
24568	1
90879	1
53223	1
34142	1
74405	1
69830	1
12850	1
43223	1
63814	1
94236	1
96079	1
87321	1
44081	1
59243	1
1937	1
63814	1
63814	1
360	1
88660	1
15210	1
97256	1
91919	1
50379	1
36392	1
13047	1
27360	1
89567	1
55766	1
97472	1
15864	1
80311	1
6178	1
95587	1
73473	1
35049	1
59243	1
9770	1
84996	1
6178	1
95587	1
95587	1
20433	1
48758	1
80988	1
8287	1
51334	1
59104	1
27360	1
72932	1
87950	1
89457	1
48652	1
17421	1
2726	1
94244	1
64034	1
95587	1
77308	1
86445	1
80425	1
44758	1
55542	1
86555	1
41849	1
97146	1
6288	1
79032	1
39228	1
89970	1
87101	1
68138	1
94354	1
83319	1
16769	1
9406	1
76290	1
6439	1
11291	1
95587	1
36114	1
60104	1
31464	1
24208	1
16769	1
84996	1
29029	1
60802	1
64030	1
60702	1
63814	1
12308	1
40963	1
27360	1
23202	1
81077	1
57790	1
2730	1
96760	1
68817	1
97146	1
40963	1
74405	1
31927	1
21799	1
84996	1
94244	1
30968	1
88224	1
62471	1
85079	1
48868	1
67869	1
158	1
95722	1
35541	1
29988	1
57900	1
74405	1
21213	1
91016	1
53439	1
6178	1
96507	1
35375	1
86555	1
73062	1
91126	1
44081	1
968	1
74268	1
29928	1
49357	1
48648	1
84996	1
65589	1
84996	1
53223	1
9842	1
53223	1
54295	1
80425	1
88224	1
84996	1
66467	1
71935	1
25417	1
69834	1
74412	1
18764	1
16769	1
53223	1
71503	1
75931	1
69387	1
76643	1
53223	1
26264	1
22899	1
41312	1
16879	1
16879	1
74405	1
74405	1
14313	1
88774	1
53223	1
67532	1
22899	1
63814	1
32849	1
6288	1
58948	1
11268	1
3999	1
22899	1
7737	1
74405	1
10062	1
82970	1
28995	1
95772	1
97146	1
29932	1
80782	1
2286	1
84149	1
1927	1
24784	1
43288	1
74405	1
56311	1
74405	1
24784	1
80425	1
22019	1
3492	1
89783	1
81548	1
39813	1
39620	1
25770	1
84996	1
60034	1
45287	1
91016	1
16414	1
78866	1
42937	1
32917	1
27360	1
97632	1
79192	1
29400	1
30368	1
62687	1
1462	1
16769	1
83404	1
94244	1
91659	1
54053	1
94354	1
94051	1
80425	1
82694	1
74405	1
74405	1
84996	1
71383	1
81555	1
64652	1
91126	1
32704	1
75964	1
29245	1
69834	1
74405	1
21556	1
74405	1
38061	1
1055	1
48652	1
55658	1
49071	1
98925	1
25816	1
18573	1
84996	1
74291	1
94244	1
45970	1
39232	1
88240	1
64613	1
89787	1
38061	1
74405	1
92256	1
82310	1
19854	1
84996	1
16879	1
36502	1
16769	1
53223	1
84996	1
77060	1
63814	1
48652	1
4945	1
36502	1
16879	1
87514	1
66164	1
2840	1
63814	1
74405	1
74405	1
94028	1
99255	1
7737	1
49499	1
6178	1
62687	1
62691	1
16879	1
74405	1
700	1
59770	1
26264	1
80425	1
89766	1
53796	1
39400	1
90587	1
16321	1
40602	1
15210	1
54915	1
46983	1
73772	1
14739	1
75497	1
44191	1
91778	1
42082	1
62255	1
84996	1
60180	1
46983	1
19781	1
9190	1
52916	1
72285	1
74405	1
59243	1
95587	1
16879	1
77849	1
66535	1
11700	1
85322	1
24244	1
7619	1
74405	1
72736	1
28176	1
27360	1
49690	1
84996	1
85978	1
31411	1
80535	1
74405	1
74405	1
24671	1
63814	1
80535	1
50211	1
34032	1
14469	1
1717	1
57350	1
46572	1
60582	1
62129	1
44733	1
95803	1
10741	1
53223	1
7737	1
46983	1
90486	1
98694	1
60802	1
16769	1
71746	1
59063	1
93804	1
27470	1
63704	1
95803	1
84093	1
84996	1
59982	1
36392	1
7737	1
21026	1
69834	1
1717	1
634	1
93042	1
41729	1
6178	1
2482	1
53223	1
47415	1
85920	1
20759	1
89567	1
60613	1
24889	1
75744	1
16769	1
95587	1
94350	1
26893	1
45530	1
80535	1
27360	1
758	1
74405	1
63257	1
99144	1
17861	1
80512	1
74405	1
53223	1
84996	1
60422	1
6917	1
94190	1
98024	1
95587	1
33679	1
27470	1
73062	1
96710	1
84996	1
9732	1
64582	1
93144	1
46652	1
49194	1
11324	1
51880	1
3276	1
74405	1
35489	1
71393	1
84996	1
15729	1
73175	1
54239	1
89920	1
6178	1
44411	1
54016	1
79192	1
63814	1
79964	1
74405	1
95587	1
65915	1
44623	1
20543	1
51500	1
3251	1
19781	1
80535	1
27360	1
45268	1
62255	1
48652	1
76635	1
38061	1
33490	1
74405	1
66932	1
2836	1
37220	1
32010	1
84199	1
6118	1
8067	1
74405	1
39867	1
1321	1
27470	1
81077	1
20136	1
63814	1
91529	1
12013	1
27360	1
36259	1
59243	1
43415	1
16879	1
19997	1
45173	1
47965	1
50414	1
8146	1
6178	1
80425	1
97144	1
12308	1
29688	1
42271	1
74405	1
44357	1
10573	1
11708	1
6830	1
44081	1
36714	1
6830	1
74405	1
74405	1
58753	1
14849	1
27360	1
19781	1
89347	1
37158	1
1717	1
74405	1
31026	1
14693	1
76180	1
24724	1
2620	1
81658	1
35811	1
71200	1
71115	1
74405	1
14087	1
62911	1
79192	1
63814	1
55826	1
16769	1
32147	1
74405	1
80967	1
78725	1
13977	1
84776	1
70158	1
31711	1
23115	1
33490	1
41522	1
75520	1
84996	1
58601	1
19781	1
44081	1
16769	1
51083	1
27360	1
46983	1
43793	1
32214	1
21340	1
74405	1
95587	1
82016	1
71393	1
16879	1
63814	1
62255	1
89702	1
19781	1
9842	1
42161	1
84996	1
96349	1
12308	1
87317	1
63814	1
80535	1
78073	1
65373	1
22899	1
58418	1
76180	1
53380	1
45094	1
25911	1
30743	1
14693	1
69834	1
51770	1
53223	1
53223	1
94167	1
6178	1
3276	1
36282	1
74405	1
841	1
64356	1
10965	1
39176	1
38609	1
48455	1
1717	1
10749	1
25064	1
95587	1
34499	1
12308	1
28726	1
26650	1
91126	1
48648	1
62004	1
12308	1
46329	1
55222	1
69628	1
85322	1
84996	1
95587	1
6178	1
44544	1
4007	1
6288	1
62687	1
74115	1
27360	1
56273	1
23441	1
74405	1
63291	1
48204	1
4619	1
74405	1
77651	1
74405	1
33490	1
71640	1
88810	1
26428	1
78752	1
87524	1
16769	1
661	1
74405	1
74405	1
95587	1
95587	1
39184	1
60802	1
53223	1
95587	1
72265	1
53113	1
45750	1
95587	1
38061	1
71887	1
56887	1
96155	1
38061	1
85212	1
97472	1
69834	1
84996	1
21340	1
63814	1
24458	1
34905	1
54998	1
93734	1
32085	1
74405	1
63814	1
82575	1
63814	1
74405	1
53223	1
24348	1
9626	1
66777	1
74405	1
66932	1
63814	1
80425	1
85106	1
45490	1
30972	1
91126	1
70519	1
51440	1
76290	1
6863	1
53223	1
36375	1
43751	1
35049	1
99212	1
74405	1
37632	1
29575	1
85212	1
58357	1
44623	1
74405	1
38224	1
20078	1
68491	1
53439	1
70521	1
44191	1
38061	1
18764	1
14145	1
74405	1
72846	1
24732	1
51554	1
34559	1
92685	1
95587	1
6288	1
74405	1
95587	1
4399	1
7984	1
49331	1
89567	1
63814	1
53223	1
17315	1
91782	1
80967	1
56341	1
27074	1
56870	1
22344	1
87182	1
72084	1
52862	1
69834	1
38061	1
10749	1
27470	1
31298	1
74405	1
6178	1
47218	1
74405	1
31487	1
41752	1
6178	1
38387	1
78152	1
74405	1
1989	1
90304	1
51880	1
72285	1
63980	1
38601	1
87232	1
43301	1
926	1
51413	1
29355	1
16769	1
96816	1
8970	1
72194	1
63814	1
26376	1
52171	1
55691	1
74405	1
9626	1
74206	1
73062	1
72543	1
30372	1
27659	1
5522	1
85079	1
45966	1
22407	1
57240	1
59322	1
74947	1
65400	1
48019	1
24068	1
16769	1
18949	1
83896	1
22899	1
63814	1
79628	1
1717	1
44081	1
27086	1
53113	1
36172	1
57024	1
7073	1
68275	1
65593	1
76510	1
42381	1
63814	1
84996	1
87522	1
89158	1
80967	1
63814	1
7015	1
80232	1
42312	1
7847	1
36247	1
27360	1
1048	1
44623	1
63814	1
14853	1
27360	1
67258	1
92685	1
84996	1
47529	1
74405	1
25911	1
84996	1
16769	1
56376	1
30038	1
32558	1
91016	1
74405	1
68491	1
41289	1
65373	1
74405	1
64030	1
39319	1
74405	1
27360	1
99031	1
95179	1
86597	1
53223	1
68055	1
25801	1
40963	1
49034	1
59926	1
95329	1
48978	1
27470	1
63814	1
74405	1
38061	1
54170	1
69614	1
44355	1
53223	1
73118	1
72462	1
74405	1
73765	1
58033	1
8063	1
36070	1
5578	1
74405	1
47093	1
54782	1
59243	1
52828	1
29355	1
1717	1
69944	1
95587	1
20524	1
63814	1
84996	1
93870	1
13263	1
18438	1
14805	1
22343	1
91126	1
63814	1
5381	1
27360	1
4619	1
53223	1
27360	1
65182	1
29355	1
68302	1
9219	1
53223	1
54724	1
14822	1
51872	1
42522	1
4408	1
84996	1
6288	1
95587	1
24898	1
74405	1
17421	1
80535	1
10770	1
60802	1
47525	1
30372	1
75939	1
42522	1
16769	1
27470	1
41289	1
18878	1
57900	1
32147	1
33600	1
12055	1
12991	1
5983	1
63264	1
81957	1
16769	1
16769	1
70866	1
33029	1
49086	1
61793	1
36426	1
63814	1
27690	1
4619	1
52799	1
7791	1
158	1
33156	1
94236	1
74405	1
74405	1
45314	1
29791	1
70486	1
83437	1
71599	1
97352	1
89567	1
31179	1
25990	1
69944	1
34308	1
90953	1
42522	1
85947	1
60802	1
2020	1
10388	1
63453	1
74405	1
39620	1
65236	1
1933	1
44191	1
38250	1
33490	1
6178	1
89457	1
37564	1
27360	1
27360	1
33490	1
86429	1
28402	1
96563	1
23225	1
54782	1
46076	1
69944	1
88334	1
46163	1
84996	1
74405	1
27360	1
23597	1
71719	1
46406	1
76718	1
78866	1
38061	1
15752	1
84996	1
3382	1
74405	1
48652	1
32693	1
89783	1
65234	1
60339	1
49580	1
64773	1
45746	1
84996	1
1717	1
24074	1
44590	1
91126	1
18675	1
16769	1
99938	1
63704	1
15920	1
14677	1
84695	1
79082	1
53972	1
71063	1
16769	1
95992	1
83437	1
36924	1
12308	1
74405	1
62907	1
38061	1
83653	1
74405	1
98582	1
92841	1
88473	1
72736	1
16769	1
73062	1
43064	1
6288	1
84916	1
44191	1
85926	1
6178	1
91861	1
53827	1
44411	1
94028	1
74405	1
57900	1
53765	1
31958	1
20385	1
97146	1
15426	1
10066	1
69834	1
81455	1
12308	1
65373	1
14199	1
16769	1
5009	1
29029	1
24784	1
46149	1
64630	1
78646	1
84996	1
46983	1
6928	1
95587	1
6288	1
11816	1
41289	1
48648	1
74405	1
10749	1
35512	1
74405	1
98925	1
84996	1
58147	1
89783	1
16769	1
4482	1
63814	1
76867	1
95358	1
42182	1
41289	1
84996	1
54774	1
86304	1
53113	1
84996	1
23808	1
94028	1
80367	1
51000	1
76867	1
68275	1
53223	1
83979	1
27470	1
76180	1
57913	1
45609	1
33378	1
38061	1
63814	1
10253	1
17531	1
8197	1
35379	1
8283	1
42746	1
31439	1
33270	1
54892	1
51440	1
68491	1
74405	1
62145	1
84996	1
33592	1
26127	1
40929	1
50238	1
40482	1
36512	1
72626	1
80535	1
89212	1
89866	1
74841	1
20653	1
62612	1
97391	1
21477	1
36502	1
95450	1
84996	1
63814	1
96435	1
85994	1
93125	1
38061	1
84996	1
35375	1
89868	1
89783	1
16879	1
63053	1
35725	1
84996	1
16769	1
35811	1
53223	1
78673	1
86555	1
13514	1
28126	1
84996	1
8063	1
63814	1
70187	1
15920	1
52237	1
397	1
84996	1
74405	1
27360	1
68275	1
59243	1
84996	1
92685	1
27470	1
68275	1
39946	1
53223	1
17452	1
12634	1
79364	1
65915	1
2043	1
65373	1
7737	1
45989	1
70160	1
82094	1
76674	1
27360	1
78837	1
44108	1
7847	1
74405	1
17774	1
85718	1
870	1
33017	1
18874	1
53223	1
68491	1
39184	1
56588	1
17143	1
37642	1
15957	1
95587	1
16769	1
74405	1
97256	1
27360	1
53223	1
84691	1
6068	1
11495	1
93695	1
53223	1
74625	1
56163	1
67673	1
25911	1
11951	1
44953	1
50166	1
78955	1
84996	1
74864	1
2620	1
20296	1
453	1
56080	1
43884	1
6178	1
16769	1
48652	1
15210	1
85459	1
68491	1
65373	1
33777	1
16769	1
59243	1
17697	1
78866	1
49858	1
59243	1
83441	1
47122	1
7546	1
54782	1
63814	1
34252	1
33600	1
61761	1
6178	1
94244	1
84996	1
15263	1
91016	1
20817	1
30372	1
74405	1
36824	1
65749	1
43425	1
84996	1
63814	1
7403	1
86430	1
291	1
53223	1
27470	1
95587	1
48	1
95803	1
42822	1
76946	1
95170	1
56837	1
6178	1
14087	1
74405	1
60339	1
95311	1
92461	1
74405	1
96129	1
53223	1
84996	1
37727	1
60715	1
96146	1
74405	1
31244	1
59243	1
19781	1
35672	1
24458	1
44627	1
15426	1
84996	1
85542	1
25527	1
48652	1
52675	1
63814	1
38153	1
8067	1
29475	1
57437	1
65373	1
22405	1
23441	1
27360	1
74891	1
10089	1
9925	1
83653	1
74405	1
6288	1
80215	1
28726	1
33958	1
63814	1
24324	1
4619	1
5165	1
48652	1
16769	1
95587	1
33600	1
74405	1
35159	1
97265	1
71833	1
91126	1
8904	1
85028	1
7737	1
69041	1
71719	1
65589	1
95355	1
69834	1
31931	1
8582	1
51990	1
44081	1
63814	1
38061	1
78646	1
75767	1
63814	1
44627	1
49128	1
99611	1
36471	1
80994	1
74405	1
54126	1
74405	1
44627	1
30372	1
33710	1
9190	1
73718	1
53223	1
7737	1
84996	1
44191	1
83267	1
63594	1
29469	1
84996	1
74405	1
95587	1
57553	1
34939	1
10119	1
74405	1
41816	1
11678	1
56341	1
27470	1
38505	1
41206	1
16879	1
91126	1
65800	1
15536	1
48652	1
7320	1
44411	1
74405	1
31641	1
53223	1
38061	1
63814	1
24128	1
74405	1
92685	1
33270	1
98815	1
61564	1
64026	1
1327	1
17948	1
62255	1
74405	1
36718	1
69944	1
27140	1
59785	1
94028	1
12308	1
84996	1
83437	1
95890	1
92928	1
91309	1
51293	1
90032	1
65840	1
80425	1
74405	1
65840	1
57412	1
94028	1
98024	1
16769	1
51637	1
38879	1
5385	1
90906	1
84996	1
98925	1
98176	1
84996	1
39616	1
74405	1
19605	1
27470	1
16769	1
30970	1
62911	1
74405	1
54449	1
24784	1
13867	1
84996	1
53223	1
53223	1
36502	1
80535	1
38061	1
83846	1
77633	1
44081	1
10749	1
36768	1
62228	1
16769	1
74405	1
19812	1
14085	1
48652	1
93972	1
10965	1
38061	1
80425	1
63814	1
96596	1
27360	1
4619	1
46763	1
74405	1
27360	1
81092	1
27360	1
69834	1
24101	1
11888	1
16879	1
11637	1
56557	1
6288	1
9512	1
16769	1
74405	1
40209	1
9190	1
74405	1
11691	1
84996	1
73749	1
94931	1
42848	1
40535	1
38387	1
2730	1
38061	1
45746	1
17558	1
7096	1
68238	1
32174	1
68821	1
41483	1
93991	1
80425	1
44706	1
16769	1
27360	1
69041	1
16769	1
56981	1
36392	1
30156	1
84996	1
1038	1
84996	1
2643	1
91016	1
74405	1
63814	1
30856	1
84996	1
72846	1
74405	1
32473	1
94244	1
16879	1
77602	1
39620	1
37897	1
31134	1
48052	1
53223	1
87618	1
3002	1
62396	1
25118	1
92905	1
38061	1
53223	1
57684	1
22080	1
18955	1
53765	1
9929	1
91016	1
69834	1
59342	1
18764	1
34993	1
91016	1
3299	1
9269	1
52310	1
51554	1
75964	1
21639	1
56447	1
36502	1
59243	1
62145	1
9269	1
82200	1
29793	1
5574	1
40959	1
80967	1
80425	1
6288	1
74405	1
12308	1
74405	1
46325	1
84996	1
85336	1
754	1
94244	1
47538	1
27470	1
87543	1
53782	1
83217	1
74405	1
72750	1
46149	1
24417	1
84996	1
48945	1
2259	1
53223	1
6178	1
20786	1
74405	1
74405	1
26038	1
53113	1
53223	1
97852	1
22020	1
95587	1
3487	1
75163	1
84996	1
49685	1
27470	1
75016	1
94354	1
80535	1
78866	1
38773	1
26094	1
84996	1
86441	1
50929	1
71701	1
53223	1
74405	1
87379	1
74405	1
84996	1
6178	1
84996	1
84996	1
44081	1
83591	1
74405	1
5166	1
84996	1
74405	1
74405	1
27360	1
49829	1
60725	1
16769	1
53223	1
60609	1
62255	1
73260	1
37540	1
84996	1
73062	1
6178	1
64470	1
9655	1
17268	1
2593	1
59243	1
39479	1
44191	1
6178	1
94957	1
16408	1
63814	1
17296	1
53223	1
32234	1
34341	1
12665	1
97146	1
79985	1
4835	1
56997	1
89976	1
74405	1
29081	1
47093	1
19013	1
89783	1
18438	1
27902	1
26760	1
73278	1
89206	1
43724	1
14498	1
53223	1
74773	1
84996	1
158	1
76203	1
84996	1
52043	1
91016	1
27360	1
85322	1
72736	1
83661	1
53223	1
74405	1
13373	1
28562	1
77436	1
30152	1
27580	1
63814	1
55712	1
11951	1
18115	1
12932	1
89457	1
27082	1
63814	1
32010	1
74405	1
86775	1
72736	1
52920	1
74405	1
99031	1
74405	1
80425	1
95890	1
16769	1
85822	1
63814	1
63814	1
79123	1
72846	1
36372	1
53439	1
38937	1
27466	1
97146	1
91016	1
84996	1
74405	1
28915	1
48648	1
63814	1
590	1
63814	1
96129	1
78509	1
22515	1
59243	1
63814	1
67588	1
12308	1
74405	1
22899	1
8310	1
84996	1
40963	1
10749	1
16769	1
20439	1
58309	1
77530	1
4619	1
48432	1
61352	1
20076	1
39427	1
20217	1
25253	1
67179	1
97256	1
63814	1
89348	1
48652	1
74405	1
74405	1
27142	1
49275	1
66635	1
59243	1
41289	1
74405	1
74405	1
96046	1
95674	1
63814	1
83742	1
41422	1
82310	1
69834	1
37158	1
72234	1
46682	1
74405	1
45314	1
6288	1
20464	1
69944	1
6178	1
62255	1
95587	1
74405	1
84996	1
6288	1
24078	1
98049	1
18438	1
24134	1
80425	1
95587	1
84996	1
38061	1
59243	1
74405	1
74405	1
92193	1
25911	1
38061	1
54782	1
15536	1
27360	1
4285	1
80425	1
6178	1
92544	1
87109	1
94028	1
29355	1
25423	1
70076	1
24568	1
19733	1
1001	1
59922	1
51770	1
74405	1
27360	1
67711	1
89222	1
70926	1
7544	1
48652	1
46983	1
58363	1
50873	1
25100	1
84996	1
28012	1
63453	1
10778	1
95319	1
87466	1
46786	1
74405	1
91446	1
89976	1
22376	1
84996	1
21965	1
46076	1
63575	1
15210	1
70843	1
52096	1
46983	1
16879	1
59266	1
94267	1
19997	1
67754	1
64937	1
74405	1
91016	1
53223	1
21879	1
35049	1
65809	1
951	1
46792	1
74405	1
53223	1
84996	1
63814	1
29919	1
75964	1
27360	1
25911	1
14166	1
79769	1
74405	1
3602	1
41179	1
95587	1
5654	1
16879	1
74405	1
67638	1
60038	1
27360	1
95587	1
92901	1
27470	1
64470	1
24101	1
69834	1
54961	1
15056	1
38277	1
74405	1
27470	1
67038	1
84996	1
72453	1
16879	1
16769	1
2181	1
650	1
31553	1
84996	1
59025	1
95347	1
74021	1
74405	1
50973	1
38061	1
80425	1
2676	1
96382	1
80535	1
28012	1
29056	1
3733	1
14114	1
69834	1
15210	1
37374	1
34474	1
25469	1
32257	1
72140	1
30372	1
26127	1
27360	1
53223	1
34745	1
36228	1
7627	1
25494	1
61815	1
51334	1
39946	1
7729	1
74405	1
71860	1
68601	1
82638	1
12304	1
44903	1
17566	1
72241	1
3013	1
42404	1
15210	1
48652	1
74405	1
86115	1
63814	1
76579	1
16574	1
94244	1
84996	1
49771	1
21091	1
33655	1
86881	1
31931	1
53223	1
38061	1
98155	1
74405	1
83443	1
13790	1
44081	1
93125	1
44081	1
37374	1
21157	1
27360	1
41949	1
45148	1
92685	1
16879	1
35599	1
90109	1
66549	1
6178	1
69450	1
3575	1
6178	1
74405	1
81108	1
91016	1
814	1
21739	1
79325	1
16879	1
42248	1
51554	1
53223	1
1717	1
47309	1
55550	1
84996	1
84996	1
74405	1
38387	1
32199	1
95587	1
11104	1
74625	1
17143	1
53223	1
83620	1
16769	1
74405	1
27639	1
16769	1
54755	1
81988	1
2430	1
74405	1
83653	1
18940	1
48351	1
74405	1
67031	1
29029	1
84996	1
89183	1
24823	1
4999	1
53223	1
24246	1
74405	1
71939	1
13854	1
29656	1
53223	1
54782	1
84996	1
71860	1
89196	1
44191	1
84996	1
5495	1
18438	1
51656	1
94028	1
20217	1
10008	1
66664	1
84996	1
63522	1
7064	1
31931	1
61733	1
48652	1
35049	1
9622	1
25940	1
44081	1
37569	1
57684	1
36062	1
80535	1
48428	1
74405	1
76290	1
54755	1
59243	1
80287	1
70823	1
86881	1
6288	1
6178	1
74405	1
94068	1
49364	1
39020	1
43301	1
22899	1
74405	1
90775	1
76516	1
24458	1
20479	1
43953	1
71754	1
85179	1
51554	1
63704	1
54782	1
84996	1
88224	1
68854	1
93957	1
74405	1
18467	1
67127	1
74405	1
69257	1
38061	1
84996	1
32147	1
74405	1
59243	1
53223	1
93123	1
2730	1
10374	1
13977	1
36448	1
10034	1
77633	1
1356	1
16769	1
6178	1
34505	1
27686	1
62255	1
20684	1
74405	1
29029	1
22335	1
10749	1
18706	1
3494	1
35570	1
3602	1
97200	1
74405	1
74625	1
41995	1
14197	1
30152	1
30372	1
48872	1
84996	1
13867	1
94327	1
22899	1
28485	1
64925	1
63814	1
63814	1
74405	1
63814	1
65809	1
72933	1
59106	1
53223	1
57603	1
91016	1
30372	1
94570	1
53811	1
68234	1
50431	1
89457	1
74405	1
6884	1
24828	1
25801	1
68688	1
13514	1
35543	1
31927	1
74405	1
81697	1
1717	1
96241	1
75987	1
62145	1
84996	1
51089	1
2043	1
65840	1
63732	1
68275	1
6747	1
16879	1
87097	1
84996	1
16769	1
92557	1
16769	1
34142	1
96572	1
43180	1
97933	1
87317	1
23688	1
33490	1
15673	1
27902	1
30808	1
57923	1
10749	1
9375	1
53223	1
1717	1
42730	1
84996	1
84996	1
74405	1
54317	1
74405	1
1717	1
74405	1
64246	1
63814	1
60912	1
74405	1
44191	1
49358	1
8548	1
92952	1
23688	1
62635	1
18218	1
74405	1
22899	1
95394	1
38061	1
54782	1
68601	1
74405	1
5861	1
60005	1
30287	1
82881	1
88963	1
48040	1
1717	1
54782	1
7737	1
95913	1
25857	1
80425	1
32226	1
74405	1
74405	1
27470	1
25911	1
16769	1
84996	1
53439	1
70081	1
22899	1
51554	1
24898	1
80778	1
63814	1
63814	1
84340	1
97480	1
51896	1
51083	1
53223	1
77446	1
6288	1
69944	1
27613	1
74405	1
63814	1
81077	1
64470	1
74405	1
25600	1
69944	1
74405	1
77087	1
78570	1
73917	1
16879	1
83873	1
53223	1
6178	1
63814	1
63810	1
53223	1
13130	1
19997	1
63814	1
42470	1
57460	1
74947	1
74405	1
88162	1
4619	1
64107	1
95055	1
27360	1
30723	1
98987	1
84996	1
49224	1
59243	1
1717	1
84996	1
23285	1
53223	1
16769	1
26864	1
17099	1
99944	1
75123	1
27470	1
74405	1
53981	1
45204	1
12308	1
29249	1
52325	1
68817	1
16769	1
48652	1
30636	1
58795	1
85212	1
38061	1
27650	1
84776	1
15461	1
76626	1
27360	1
6288	1
7737	1
57825	1
80531	1
21806	1
76506	1
97472	1
27360	1
71526	1
95587	1
68491	1
51554	1
88040	1
81631	1
65593	1
19397	1
90177	1
3858	1
84996	1
73996	1
45400	1
53223	1
3091	1
13421	1
84996	1
84996	1
39511	1
31275	1
29072	1
91016	1
77849	1
27360	1
63646	1
81077	1
53343	1
27470	1
737	1
95587	1
19781	1
96129	1
1437	1
69151	1
88303	1
74405	1
46088	1
9186	1
33596	1
73062	1
54182	1
20464	1
52640	1
70047	1
74405	1
68073	1
26370	1
27360	1
83653	1
22899	1
58881	1
54122	1
6234	1
53113	1
64030	1
32367	1
96710	1
1744	1
35049	1
53223	1
10363	1
84996	1
2784	1
60910	1
69834	1
58764	1
74405	1
78461	1
94354	1
91016	1
74405	1
53223	1
53223	1
80425	1
87757	1
40739	1
99608	1
32147	1
15752	1
24458	1
16769	1
83601	1
51594	1
18313	1
38167	1
12308	1
96519	1
53223	1
21666	1
73062	1
46873	1
104	1
48652	1
3602	1
60175	1
84996	1
53223	1
26072	1
1717	1
74405	1
7984	1
53223	1
46076	1
71393	1
16769	1
81575	1
45750	1
56810	1
4202	1
78646	1
99954	1
20433	1
89457	1
51909	1
74405	1
63814	1
16819	1
44081	1
74405	1
95587	1
68246	1
84996	1
65373	1
6178	1
30930	1
60363	1
35049	1
92261	1
74405	1
43093	1
1717	1
86555	1
16769	1
48662	1
74405	1
53223	1
74405	1
30372	1
86586	1
59243	1
80425	1
49858	1
32477	1
16769	1
41563	1
63814	1
98927	1
11864	1
57414	1
17531	1
42924	1
98435	1
75744	1
69585	1
79991	1
64726	1
22492	1
67638	1
53223	1
36502	1
87678	1
36822	1
99378	1
44772	1
63814	1
74405	1
44191	1
7737	1
16769	1
33030	1
20161	1
12533	1
74405	1
14140	1
48652	1
86555	1
95587	1
3328	1
44598	1
10089	1
44200	1
70297	1
84996	1
63102	1
79192	1
64030	1
91126	1
74405	1
76653	1
47908	1
51554	1
60974	1
65373	1
84996	1
58147	1
61022	1
62558	1
93808	1
56997	1
6178	1
10965	1
84996	1
2037	1
21666	1
65022	1
46070	1
14853	1
99529	1
2460	1
76506	1
77031	1
98815	1
99741	1
32021	1
63814	1
89826	1
44081	1
44568	1
63814	1
20217	1
54782	1
84996	1
56376	1
90391	1
27360	1
97258	1
41785	1
97256	1
95226	1
33270	1
74405	1
6288	1
81548	1
70504	1
90223	1
94375	1
36366	1
35979	1
33517	1
18791	1
12011	1
97256	1
75105	1
25801	1
48652	1
48	1
89186	1
2703	1
43575	1
4366	1
90796	1
49364	1
88303	1
21446	1
7544	1
9277	1
53223	1
38497	1
13977	1
91973	1
92365	1
3962	1
53223	1
84996	1
74405	1
74405	1
38061	1
75717	1
63814	1
57300	1
41505	1
40544	1
65891	1
9765	1
39616	1
17035	1
74405	1
61728	1
74405	1
11598	1
98819	1
6178	1
53223	1
74405	1
78686	1
74405	1
33100	1
17421	1
53223	1
2259	1
75964	1
74405	1
58639	1
41482	1
14612	1
27908	1
15183	1
48025	1
74405	1
69834	1
48652	1
21666	1
83296	1
18671	1
74405	1
74798	1
74102	1
96326	1
74565	1
48652	1
84996	1
67096	1
154	1
32026	1
26127	1
69940	1
84996	1
72003	1
44107	1
4835	1
16879	1
39946	1
6178	1
44708	1
93808	1
4968	1
74160	1
53223	1
95587	1
60202	1
56561	1
27360	1
37374	1
83869	1
81593	1
12935	1
41530	1
6178	1
60912	1
40355	1
62211	1
58006	1
15231	1
74405	1
1048	1
74405	1
74405	1
23939	1
84996	1
16879	1
93121	1
80425	1
53223	1
84996	1
74405	1
35049	1
78808	1
71889	1
18892	1
12524	1
94570	1
7737	1
71312	1
47635	1
27360	1
53223	1
58010	1
90906	1
55802	1
84996	1
79717	1
99994	1
89457	1
27360	1
17311	1
27470	1
74405	1
98257	1
18117	1
74405	1
27466	1
18820	1
76975	1
58147	1
53223	1
89719	1
40905	1
29029	1
56557	1
66477	1
74405	1
59770	1
89567	1
47992	1
71503	1
83898	1
44976	1
74405	1
84996	1
89037	1
74405	1
33600	1
61237	1
51550	1
84996	1
53506	1
86071	1
93622	1
38061	1
38277	1
87678	1
67532	1
84996	1
66932	1
33160	1
89598	1
52273	1
92108	1
68545	1
31514	1
80755	1
44791	1
50537	1
6801	1
39427	1
18399	1
84996	1
74405	1
84996	1
92133	1
17782	1
29496	1
59243	1
14276	1
50751	1
80425	1
54365	1
19997	1
57684	1
96658	1
65228	1
6178	1
5194	1
35211	1
35269	1
74405	1
15141	1
53223	1
74405	1
54782	1
10749	1
74405	1
31439	1
67235	1
158	1
34316	1
33490	1
21731	1
69261	1
96858	1
22899	1
98209	1
62886	1
84691	1
27360	1
17311	1
39427	1
16769	1
95587	1
88224	1
39872	1
30914	1
97272	1
65373	1
9921	1
96756	1
85485	1
26779	1
63814	1
27360	1
19825	1
210	1
81386	1
93640	1
62826	1
36392	1
16879	1
31927	1
68275	1
53356	1
22899	1
33432	1
38061	1
49325	1
4748	1
28832	1
97146	1
8420	1
50757	1
1717	1
74405	1
38340	1
12308	1
53003	1
46649	1
1744	1
74405	1
7737	1
74405	1
84996	1
86555	1
1717	1
2840	1
37648	1
63814	1
27470	1
74405	1
34073	1
16769	1
63814	1
24128	1
74405	1
6178	1
38096	1
53223	1
98155	1
57769	1
38061	1
48652	1
97910	1
32446	1
50537	1
45613	1
74405	1
48264	1
83273	1
16584	1
27360	1
6205	1
48652	1
15455	1
55874	1
23725	1
84996	1
36392	1
37735	1
27470	1
57515	1
66955	1
94931	1
38061	1
90549	1
81351	1
29409	1
6178	1
70160	1
46539	1
27140	1
6720	1
74982	1
63814	1
91126	1
53223	1
94483	1
47226	1
73058	1
86194	1
53223	1
55693	1
27360	1
16769	1
74405	1
9023	1
24956	1
74405	1
57684	1
44733	1
94244	1
84996	1
179	1
16769	1
53223	1
46983	1
47471	1
3056	1
74405	1
99938	1
69944	1
47648	1
98815	1
13911	1
6178	1
26279	1
89457	1
34939	1
63814	1
24458	1
28971	1
53223	1
67342	1
41289	1
55193	1
53223	1
54782	1
53223	1
13892	1
80425	1
84996	1
87373	1
97146	1
9760	1
56480	1
74405	1
34503	1
53223	1
84996	1
50620	1
86881	1
16769	1
49615	1
37735	1
53929	1
14160	1
16769	1
51300	1
84996	1
87097	1
9190	1
63814	1
85538	1
91342	1
4449	1
6178	1
746	1
53606	1
13138	1
6178	1
30588	1
84996	1
3245	1
53223	1
87623	1
84996	1
9846	1
74405	1
53223	1
63968	1
44191	1
84996	1
84996	1
80269	1
48652	1
59243	1
6178	1
88876	1
63814	1
39726	1
42522	1
1034	1
50553	1
74405	1
25579	1
6178	1
36392	1
85289	1
32863	1
53223	1
95587	1
97609	1
6178	1
12308	1
16879	1
5161	1
98427	1
67914	1
33869	1
21340	1
80535	1
84996	1
53219	1
89567	1
76537	1
27360	1
91097	1
53223	1
3955	1
91016	1
36502	1
1717	1
53923	1
44081	1
96322	1
86175	1
6288	1
77633	1
1933	1
26453	1
50211	1
1250	1
16769	1
74405	1
30887	1
96789	1
53223	1
84996	1
94244	1
43884	1
83105	1
50977	1
43508	1
33126	1
84996	1
16769	1
59785	1
84996	1
77826	1
65373	1
53223	1
9406	1
48	1
34142	1
84996	1
57900	1
16769	1
74405	1
77500	1
74405	1
63814	1
27470	1
10454	1
26815	1
53223	1
44191	1
27360	1
53223	1
28396	1
84996	1
33490	1
31931	1
74405	1
74405	1
84996	1
80425	1
74405	1
51639	1
91126	1
82846	1
58323	1
74405	1
46626	1
62471	1
54176	1
92685	1
89567	1
75964	1
51011	1
93196	1
14884	1
59243	1
63814	1
15206	1
7737	1
36880	1
92218	1
52489	1
71723	1
83873	1
80971	1
72736	1
79082	1
18434	1
39946	1
88882	1
65165	1
33016	1
85565	1
27071	1
71744	1
21141	1
7737	1
68817	1
80367	1
6068	1
51554	1
74405	1
16769	1
22899	1
71503	1
27360	1
41289	1
74405	1
9570	1
91016	1
12850	1
80448	1
91668	1
38061	1
57734	1
16769	1
36934	1
27360	1
68406	1
25801	1
53223	1
77633	1
40326	1
74405	1
4945	1
16769	1
86881	1
154	1
54618	1
46763	1
22538	1
47309	1
80425	1
158	1
30372	1
15289	1
70899	1
90109	1
55135	1
25743	1
74947	1
3575	1
83869	1
84996	1
69834	1
84996	1
93752	1
16769	1
74405	1
96569	1
15301	1
53765	1
60924	1
12308	1
63094	1
62114	1
86555	1
64556	1
46296	1
85212	1
69834	1
84996	1
25824	1
13074	1
24757	1
80425	1
158	1
84996	1
27360	1
40963	1
40675	1
74621	1
74405	1
74405	1
44081	1
43648	1
590	1
95587	1
22899	1
66249	1
22079	1
74405	1
33727	1
51554	1
7737	1
63814	1
75061	1
65466	1
65699	1
85106	1
40770	1
36305	1
13890	1
50843	1
57684	1
16769	1
54782	1
16647	1
28645	1
63814	1
15536	1
85488	1
64246	1
5242	1
74405	1
60912	1
53435	1
84996	1
55189	1
49771	1
27470	1
91016	1
74405	1
33376	1
25691	1
59270	1
56667	1
3276	1
46076	1
84996	1
80425	1
62247	1
69037	1
29685	1
28263	1
13757	1
86555	1
23441	1
69834	1
68739	1
74405	1
74405	1
25859	1
39616	1
21859	1
88332	1
89866	1
74405	1
40060	1
54782	1
96162	1
49441	1
62201	1
30528	1
61680	1
27360	1
84996	1
64030	1
8760	1
62145	1
53088	1
2298	1
38657	1
6288	1
80425	1
22899	1
72846	1
51554	1
61242	1
86555	1
83244	1
10105	1
80535	1
84996	1
4999	1
81654	1
18764	1
74405	1
5684	1
9958	1
74405	1
53279	1
74405	1
83626	1
19034	1
19833	1
76427	1
96573	1
16769	1
16769	1
65373	1
63814	1
96816	1
93249	1
30671	1
27360	1
63814	1
88413	1
71599	1
32531	1
84996	1
26343	1
95587	1
27360	1
6178	1
63814	1
13585	1
12850	1
6288	1
57464	1
8372	1
74405	1
84996	1
74405	1
36691	1
86273	1
85322	1
79522	1
90730	1
47863	1
82310	1
48652	1
98815	1
54778	1
5044	1
71503	1
51554	1
84996	1
95147	1
80371	1
53223	1
63814	1
4835	1
66932	1
16769	1
38823	1
53113	1
62255	1
74017	1
75744	1
54782	1
95587	1
69944	1
74405	1
4835	1
74405	1
53223	1
35232	1
98016	1
63484	1
27360	1
2840	1
82310	1
87433	1
74405	1
71723	1
63814	1
72846	1
94244	1
27360	1
19777	1
63814	1
44191	1
48652	1
76290	1
41806	1
96102	1
65612	1
95504	1
74405	1
74708	1
72510	1
84996	1
96214	1
88224	1
69645	1
12719	1
16769	1
64356	1
93584	1
20759	1
16769	1
16879	1
74405	1
74405	1
12308	1
16769	1
47006	1
39184	1
62145	1
84996	1
38061	1
36392	1
74405	1
40855	1
16769	1
18438	1
39616	1
12883	1
49599	1
83676	1
38198	1
95587	1
33320	1
91558	1
68711	1
4121	1
53223	1
7324	1
47635	1
48652	1
76620	1
95587	1
48652	1
53223	1
63814	1
71227	1
91998	1
9190	1
36525	1
53223	1
80535	1
80850	1
29820	1
18797	1
8503	1
10965	1
64310	1
29272	1
10062	1
81214	1
27360	1
50373	1
8659	1
63814	1
94028	1
63020	1
63814	1
27360	1
8970	1
54205	1
45750	1
40364	1
30588	1
22899	1
53719	1
2043	1
93225	1
90385	1
74405	1
91016	1
65373	1
12308	1
74405	1
76479	1
24568	1
88832	1
7611	1
62145	1
73062	1
23695	1
74405	1
63814	1
74405	1
77633	1
29764	1
27360	1
63102	1
76618	1
21037	1
53439	1
71719	1
14356	1
74405	1
5165	1
5850	1
81864	1
6178	1
30588	1
73058	1
4835	1
10965	1
41945	1
15096	1
44627	1
89567	1
42436	1
7729	1
15762	1
15210	1
374	1
28011	1
90879	1
45698	1
77523	1
1486	1
55658	1
37588	1
23734	1
16769	1
29982	1
81077	1
46358	1
85291	1
13846	1
51876	1
65882	1
56561	1
6288	1
27360	1
38061	1
82420	1
15615	1
20207	1
71613	1
77985	1
1717	1
94574	1
59243	1
27470	1
86197	1
5381	1
44342	1
76946	1
44984	1
32176	1
74405	1
6178	1
95587	1
20213	1
42690	1
36498	1
41509	1
75235	1
83437	1
46454	1
32771	1
40963	1
84278	1
51492	1
48652	1
27360	1
81077	1
15210	1
63814	1
6178	1
370	1
4179	1
9325	1
12308	1
74405	1
2749	1
75964	1
51934	1
30588	1
84996	1
33816	1
92905	1
51554	1
45712	1
97688	1
18461	1
84996	1
97389	1
91952	1
53113	1
32390	1
33490	1
20217	1
86775	1
53711	1
74405	1
76262	1
45966	1
61894	1
76941	1
51083	1
53003	1
20657	1
84996	1
27470	1
54782	1
86881	1
62471	1
68271	1
27470	1
24458	1
74405	1
34229	1
94350	1
38960	1
74621	1
91558	1
63814	1
80425	1
19997	1
38277	1
59243	1
22899	1
58538	1
59243	1
16049	1
26661	1
76815	1
92517	1
20602	1
66484	1
58147	1
36438	1
98325	1
85212	1
95228	1
26590	1
94294	1
59243	1
27360	1
92249	1
82667	1
74050	1
53223	1
70706	1
84996	1
36502	1
57460	1
38061	1
35454	1
27360	1
48264	1
72128	1
44411	1
32868	1
5329	1
22899	1
53223	1
60912	1
18764	1
25911	1
72846	1
29108	1
32257	1
62018	1
51880	1
34823	1
39157	1
87917	1
84996	1
27360	1
18874	1
64881	1
44281	1
75964	1
91016	1
80425	1
80535	1
41739	1
59243	1
65612	1
8767	1
77633	1
64906	1
63814	1
53223	1
22795	1
63810	1
84996	1
93808	1
13043	1
84996	1
91126	1
84996	1
15974	1
39071	1
27360	1
67835	1
95587	1
12308	1
27360	1
74405	1
74405	1
74405	1
18081	1
48428	1
99708	1
93822	1
39946	1
44191	1
47910	1
63314	1
54782	1
74405	1
77849	1
36691	1
94898	1
59073	1
13996	1
4698	1
96181	1
81093	1
27360	1
36824	1
22899	1
33106	1
67895	1
77523	1
12308	1
3952	1
23202	1
27470	1
67256	1
35921	1
44955	1
95587	1
74405	1
28402	1
16769	1
16879	1
98815	1
20346	1
95324	1
97146	1
53223	1
95010	1
84906	1
26704	1
84996	1
74405	1
91126	1
11951	1
84996	1
60366	1
57900	1
9121	1
99826	1
8860	1
59569	1
4914	1
30478	1
29245	1
27271	1
99811	1
60617	1
5395	1
25936	1
45750	1
37644	1
23358	1
84996	1
16879	1
84996	1
36604	1
86555	1
38603	1
45746	1
46983	1
91431	1
1717	1
84996	1
4922	1
9267	1
55434	1
95010	1
81710	1
41752	1
67335	1
29305	1
95147	1
88930	1
80425	1
48652	1
81077	1
23119	1
35458	1
13462	1
69944	1
76506	1
75061	1
44733	1
63814	1
71941	1
16879	1
29980	1
64138	1
21156	1
63102	1
77656	1
93011	1
85596	1
74405	1
53223	1
9190	1
80425	1
83653	1
84996	1
84996	1
10346	1
45006	1
69834	1
8370	1
15426	1
24568	1
26563	1
63814	1
9518	1
45966	1
65373	1
16769	1
74405	1
33198	1
74405	1
74405	1
13977	1
28425	1
63814	1
38225	1
32226	1
61022	1
74405	1
57103	1
85243	1
78866	1
74405	1
95587	1
2043	1
74405	1
97750	1
13867	1
77633	1
44527	1
48652	1
93970	1
84093	1
16769	1
84996	1
80535	1
69834	1
47309	1
84996	1
16769	1
44081	1
84996	1
74405	1
99577	1
27360	1
27360	1
18326	1
27470	1
63814	1
731	1
73396	1
48316	1
95587	1
90659	1
53223	1
10749	1
25801	1
32618	1
54861	1
80535	1
74405	1
97058	1
38061	1
15396	1
84996	1
84996	1
48868	1
1140	1
75167	1
14633	1
25500	1
84996	1
35269	1
87429	1
54998	1
80367	1
80535	1
21450	1
18837	1
80535	1
26702	1
60526	1
12250	1
80425	1
60308	1
15210	1
10749	1
70450	1
84996	1
84585	1
91016	1
74405	1
63731	1
74405	1
53223	1
74405	1
27360	1
84996	1
11767	1
84066	1
80425	1
38061	1
57595	1
98049	1
79082	1
24568	1
46817	1
27360	1
53223	1
5492	1
425	1
85538	1
46854	1
36635	1
49399	1
3862	1
11598	1
38061	1
21340	1
3602	1
47965	1
46983	1
65840	1
24458	1
1717	1
45999	1
74405	1
99695	1
74405	1
32450	1
56887	1
72846	1
69834	1
94028	1
30132	1
74405	1
58010	1
57701	1
59505	1
74405	1
16879	1
6237	1
74405	1
15210	1
48652	1
67289	1
97146	1
17035	1
2562	1
16879	1
57684	1
68601	1
31319	1
39452	1
46983	1
75740	1
12308	1
5568	1
46794	1
84996	1
53223	1
28761	1
13234	1
23013	1
84996	1
68275	1
38061	1
36392	1
1532	1
11864	1
72846	1
17016	1
45204	1
74405	1
15395	1
24265	1
212	1
70376	1
74405	1
5980	1
9190	1
63814	1
5226	1
1030	1
5034	1
62145	1
51197	1
86555	1
8970	1
23927	1
20873	1
35516	1
22882	1
75964	1
17756	1
38854	1
74405	1
27360	1
73278	1
68601	1
27470	1
74405	1
77303	1
53223	1
65315	1
63814	1
57981	1
74405	1
56478	1
4210	1
18878	1
44081	1
53223	1
48604	1
91016	1
15536	1
29027	1
82310	1
84996	1
6178	1
84996	1
78075	1
49244	1
85193	1
97954	1
16879	1
84483	1
59463	1
97223	1
65153	1
42109	1
95913	1
29029	1
84776	1
8067	1
55759	1
52198	1
72736	1
74405	1
7737	1
32812	1
74405	1
75744	1
86418	1
59459	1
65948	1
79591	1
38061	1
53223	1
63814	1
74349	1
72541	1
74405	1
82131	1
53223	1
84313	1
53223	1
79082	1
41202	1
33490	1
16769	1
12344	1
31838	1
69614	1
38688	1
44191	1
7186	1
30372	1
45314	1
158	1
73149	1
59243	1
74405	1
3744	1
77633	1
60094	1
90796	1
6504	1
35622	1
84996	1
36879	1
69261	1
80371	1
53223	1
63814	1
63814	1
80008	1
74405	1
74405	1
77688	1
1717	1
74405	1
88637	1
38061	1
21116	1
53223	1
53113	1
60252	1
53223	1
60038	1
63814	1
16879	1
53023	1
43269	1
38520	1
63044	1
63814	1
9340	1
53223	1
44191	1
74405	1
63814	1
27360	1
24551	1
7737	1
95587	1
97146	1
15752	1
14087	1
53223	1
63814	1
85102	1
44458	1
65535	1
32280	1
83736	1
18577	1
89679	1
12593	1
31931	1
6398	1
1717	1
24371	1
26241	1
69834	1
47446	1
53223	1
99718	1
74405	1
83437	1
12308	1
38061	1
95016	1
27300	1
90219	1
9190	1
27470	1
25440	1
53439	1
46778	1
16769	1
56621	1
75964	1
35375	1
56113	1
5840	1
16769	1
68677	1
69720	1
63814	1
16879	1
74405	1
98159	1
51770	1
54998	1
669	1
59243	1
57900	1
90902	1
15210	1
74405	1
74291	1
95587	1
21099	1
64053	1
59243	1
84996	1
14212	1
86335	1
92911	1
29469	1
89374	1
39643	1
74405	1
53223	1
57684	1
75250	1
78256	1
36934	1
51554	1
12711	1
84996	1
12055	1
39400	1
55488	1
93561	1
63947	1
12304	1
89040	1
92725	1
74405	1
51334	1
26887	1
46983	1
32257	1
97391	1
98188	1
60912	1
10749	1
91016	1
91016	1
69834	1
26704	1
27360	1
15210	1
7251	1
74405	1
19578	1
4866	1
16769	1
74405	1
3689	1
83653	1
90030	1
158	1
84996	1
17421	1
27470	1
68763	1
17091	1
35111	1
85212	1
16183	1
86892	1
50290	1
65095	1
16109	1
2373	1
38061	1
63814	1
77278	1
17311	1
28282	1
29245	1
30019	1
84996	1
76180	1
42844	1
96789	1
87321	1
75308	1
39946	1
99992	1
6288	1
84996	1
30588	1
46367	1
7851	1
12308	1
92889	1
7737	1
10374	1
92270	1
46075	1
91016	1
50290	1
91344	1
52538	1
59243	1
74561	1
53223	1
97835	1
77523	1
74405	1
71115	1
3276	1
17290	1
26395	1
72406	1
13867	1
62255	1
74405	1
74405	1
9198	1
27360	1
46983	1
19997	1
63814	1
19997	1
30588	1
74405	1
6178	1
23445	1
38121	1
3746	1
44843	1
59785	1
62222	1
95915	1
82970	1
27360	1
53223	1
87784	1
7737	1
60204	1
46190	1
40440	1
53223	1
2373	1
44812	1
65400	1
57460	1
12308	1
27360	1
74405	1
95587	1
71077	1
64350	1
26127	1
16769	1
42522	1
82358	1
30368	1
88224	1
27470	1
800	1
27360	1
54782	1
36718	1
91016	1
74405	1
38061	1
98521	1
74405	1
32230	1
74405	1
48774	1
63988	1
53223	1
15229	1
68302	1
48515	1
3245	1
43232	1
6178	1
27360	1
96582	1
62471	1
40714	1
65919	1
45746	1
22131	1
70486	1
45999	1
74405	1
66467	1
64518	1
99906	1
86881	1
68387	1
6178	1
61705	1
89567	1
69834	1
16879	1
40361	1
73058	1
16769	1
51880	1
93121	1
16769	1
48652	1
22492	1
84996	1
86119	1
75635	1
54699	1
19781	1
74405	1
68443	1
88110	1
27360	1
51554	1
79488	1
32473	1
38756	1
33490	1
16769	1
47093	1
5911	1
95587	1
86856	1
48978	1
74405	1
8800	1
61101	1
44081	1
53223	1
84996	1
52513	1
85538	1
35427	1
38198	1
92656	1
63814	1
59189	1
53223	1
24184	1
99687	1
74405	1
63953	1
74405	1
29517	1
10749	1
74405	1
6178	1
63660	1
56460	1
60912	1
84996	1
74405	1
57684	1
91016	1
16879	1
74405	1
76865	1
53223	1
7280	1
91016	1
41399	1
69556	1
66755	1
59218	1
63704	1
24527	1
88440	1
61674	1
33893	1
33490	1
63814	1
85019	1
30588	1
44081	1
25801	1
86555	1
41733	1
48843	1
27190	1
53223	1
25417	1
16769	1
57877	1
74405	1
12634	1
24568	1
19450	1
63814	1
33600	1
43917	1
74405	1
14087	1
79952	1
92741	1
12308	1
80535	1
71039	1
53223	1
19781	1
43020	1
91126	1
16879	1
69944	1
74405	1
91668	1
42248	1
26127	1
70376	1
48652	1
79522	1
74405	1
83567	1
158	1
12520	1
27470	1
68275	1
13639	1
74405	1
6500	1
65373	1
27360	1
62471	1
37075	1
74405	1
76304	1
63814	1
66712	1
74405	1
69913	1
52069	1
65356	1
80998	1
74405	1
3766	1
80425	1
7623	1
11401	1
24921	1
62471	1
6178	1
84343	1
3272	1
38061	1
21368	1
74405	1
33600	1
44106	1
54998	1
6178	1
4012	1
85978	1
21666	1
60233	1
84556	1
1717	1
67258	1
95552	1
37902	1
84996	1
84996	1
74405	1
37538	1
48	1
90246	1
3411	1
84996	1
84996	1
62031	1
85538	1
34545	1
84996	1
53223	1
16769	1
74405	1
69112	1
95587	1
95803	1
18438	1
1414	1
16535	1
80367	1
64356	1
65373	1
86221	1
49275	1
25801	1
20433	1
66762	1
36502	1
2259	1
90802	1
10983	1
52325	1
97472	1
53765	1
16769	1
93808	1
57391	1
80535	1
91683	1
63464	1
56808	1
47745	1
61356	1
27470	1
74405	1
34802	1
61919	1
38387	1
24240	1
63814	1
27902	1
82534	1
53223	1
66359	1
74405	1
11401	1
74405	1
63704	1
72846	1
32861	1
69944	1
19781	1
64030	1
98018	1
47222	1
74405	1
61487	1
68601	1
84772	1
27360	1
89593	1
27065	1
64034	1
91016	1
74405	1
52893	1
64030	1
86555	1
2153	1
70349	1
91016	1
93121	1
94024	1
42844	1
63814	1
33133	1
11235	1
47745	1
63814	1
86881	1
63814	1
74405	1
38061	1
67611	1
22080	1
91122	1
74405	1
74405	1
9190	1
94663	1
16769	1
77633	1
42848	1
47093	1
6178	1
39066	1
70841	1
12032	1
78376	1
53826	1
73498	1
63814	1
95587	1
81548	1
40890	1
74405	1
35622	1
63814	1
84996	1
6178	1
93588	1
57437	1
36407	1
12964	1
83483	1
96953	1
5221	1
34939	1
5302	1
34479	1
20856	1
47893	1
53113	1
84996	1
85864	1
77818	1
86555	1
77924	1
5628	1
63814	1
33183	1
13541	1
84996	1
60005	1
95587	1
46573	1
56561	1
90906	1
84996	1
39620	1
76483	1
69944	1
72599	1
51554	1
83732	1
36502	1
48652	1
69228	1
48652	1
61566	1
54778	1
54367	1
63814	1
62689	1
74405	1
1717	1
84996	1
36502	1
90654	1
4071	1
97256	1
22538	1
74405	1
72736	1
60556	1
48652	1
4619	1
18079	1
68275	1
18658	1
64663	1
38061	1
16879	1
35379	1
79267	1
41289	1
94354	1
2160	1
61348	1
83869	1
80425	1
33953	1
6178	1
79806	1
63814	1
20746	1
95587	1
12308	1
63814	1
39836	1
74405	1
37461	1
82200	1
39659	1
50537	1
16879	1
53223	1
74405	1
16769	1
77623	1
63814	1
48652	1
53223	1
16769	1
63814	1
91782	1
89457	1
98743	1
97146	1
84996	1
48648	1
24458	1
38061	1
48943	1
74405	1
84996	1
69944	1
87247	1
55708	1
36714	1
34939	1
57979	1
35049	1
27360	1
1717	1
41354	1
2730	1
37895	1
1717	1
53223	1
88141	1
6840	1
95587	1
79082	1
21340	1
16769	1
16879	1
24867	1
68275	1
93011	1
63814	1
74405	1
96565	1
37239	1
63814	1
27470	1
95587	1
84996	1
82310	1
80425	1
14279	1
62255	1
83979	1
65699	1
42792	1
65927	1
74405	1
27470	1
55795	1
6340	1
7502	1
13211	1
81723	1
56748	1
91126	1
65589	1
95587	1
47093	1
7326	1
59243	1
6041	1
44191	1
80311	1
38937	1
20005	1
84996	1
12634	1
35128	1
42161	1
39992	1
74405	1
93774	1
65699	1
58010	1
54340	1
74598	1
71698	1
80425	1
73815	1
74405	1
73166	1
75964	1
66932	1
76643	1
84996	1
61776	1
80876	1
38061	1
14583	1
74405	1
87678	1
74405	1
12634	1
16879	1
74405	1
15536	1
79082	1
80425	1
27360	1
6178	1
84996	1
96129	1
83979	1
91799	1
13232	1
16769	1
89783	1
74405	1
92901	1
99035	1
84996	1
74737	1
28531	1
14529	1
26439	1
6780	1
28022	1
16879	1
53223	1
27360	1
63814	1
23661	1
29249	1
15426	1
37702	1
20433	1
38061	1
56046	1
74405	1
59482	1
21527	1
84996	1
7627	1
80425	1
94244	1
65479	1
31707	1
74405	1
1933	1
65915	1
6178	1
46433	1
11924	1
60908	1
54396	1
88224	1
63814	1
73961	1
79082	1
65597	1
74405	1
70486	1
12850	1
97036	1
9406	1
6830	1
1717	1
50780	1
68491	1
63814	1
25435	1
84996	1
25911	1
44301	1
97472	1
53223	1
27360	1
14905	1
84996	1
48978	1
30914	1
5817	1
65373	1
72798	1
74405	1
86194	1
78158	1
9588	1
72181	1
52210	1
42522	1
74405	1
48185	1
60252	1
89567	1
72595	1
44953	1
1113	1
22899	1
76894	1
78405	1
20070	1
4945	1
88654	1
71200	1
1891	1
16674	1
72736	1
60784	1
65373	1
75964	1
80535	1
5705	1
66496	1
98456	1
98593	1
87622	1
84996	1
75528	1
49771	1
53223	1
74405	1
58639	1
80425	1
74405	1
74405	1
44081	1
74405	1
48652	1
41368	1
30372	1
41426	1
8420	1
23582	1
57684	1
77633	1
27360	1
53223	1
84996	1
84996	1
81594	1
71139	1
4042	1
84996	1
44191	1
84996	1
16439	1
25141	1
60366	1
14087	1
48652	1
74405	1
10965	1
66721	1
93968	1
91016	1
16769	1
6178	1
84996	1
25635	1
2176	1
41399	1
39836	1
11613	1
74405	1
63814	1
74405	1
46765	1
12308	1
15509	1
15210	1
53223	1
77849	1
12308	1
1578	1
53439	1
33490	1
74405	1
63814	1
33376	1
79082	1
88224	1
80751	1
11071	1
16879	1
95587	1
65919	1
94215	1
74405	1
65373	1
65581	1
75964	1
9190	1
25928	1
73164	1
8239	1
52073	1
83437	1
31779	1
72846	1
63044	1
49285	1
36172	1
60802	1
51849	1
84996	1
27466	1
96513	1
48212	1
91016	1
81328	1
15237	1
74405	1
41505	1
74405	1
38061	1
84996	1
84996	1
27360	1
63814	1
66029	1
14353	1
28647	1
67995	1
24765	1
89999	1
35573	1
90360	1
30835	1
99000	1
91425	1
63814	1
44191	1
19779	1
83653	1
74947	1
74405	1
89999	1
12308	1
81874	1
73278	1
40372	1
324	1
27470	1
6178	1
63704	1
94570	1
95587	1
16769	1
84996	1
61076	1
2373	1
62145	1
27686	1
23225	1
53223	1
53223	1
22067	1
74405	1
75964	1
25907	1
98799	1
49433	1
27470	1
3492	1
68275	1
91016	1
24778	1
15916	1
33596	1
67813	1
86392	1
60038	1
10684	1
18208	1
91016	1
83653	1
96816	1
43425	1
72846	1
60912	1
35511	1
85403	1
59160	1
95587	1
43574	1
14251	1
29469	1
78866	1
98532	1
63814	1
96129	1
10749	1
74405	1
71053	1
37797	1
85075	1
74405	1
33490	1
91016	1
95587	1
52480	1
49858	1
84996	1
74405	1
53223	1
8970	1
54072	1
95587	1
53223	1
81077	1
5381	1
27360	1
77743	1
74405	1
94244	1
70160	1
74405	1
98176	1
70484	1
15210	1
56310	1
65915	1
84996	1
27360	1
35261	1
64030	1
95363	1
71503	1
35555	1
35269	1
53223	1
63814	1
21475	1
45101	1
69834	1
84996	1
84996	1
75528	1
79588	1
86362	1
14000	1
42848	1
51077	1
40963	1
92905	1
44953	1
5065	1
5194	1
88986	1
14475	1
38061	1
77853	1
91016	1
6500	1
3270	1
21120	1
56640	1
84996	1
32564	1
42748	1
20013	1
1580	1
8916	1
26210	1
33596	1
6479	1
4285	1
74505	1
60912	1
47832	1
3961	1
74405	1
41505	1
62145	1
78812	1
84996	1
17365	1
80425	1
51677	1
50757	1
84996	1
72736	1
16769	1
85235	1
30372	1
74405	1
700	1
22899	1
22899	1
91126	1
4482	1
6288	1
13211	1
63814	1
71393	1
18434	1
18685	1
99031	1
79792	1
74405	1
68055	1
74405	1
30372	1
21340	1
922	1
91016	1
50811	1
76909	1
90329	1
35269	1
53223	1
6724	1
84309	1
2373	1
51525	1
16769	1
86555	1
84996	1
74405	1
14990	1
87917	1
5574	1
35159	1
58747	1
21856	1
76180	1
53223	1
59243	1
40870	1
53223	1
40963	1
63814	1
57794	1
69834	1
94244	1
22052	1
57512	1
62251	1
78262	1
20086	1
84996	1
90360	1
52293	1
17909	1
91122	1
38061	1
38061	1
65589	1
74405	1
16769	1
74405	1
84996	1
27470	1
62255	1
59679	1
74405	1
32697	1
33490	1
75084	1
7847	1
27360	1
23368	1
98647	1
87651	1
94244	1
81818	1
74405	1
15210	1
74405	1
75964	1
95882	1
25589	1
44301	1
95782	1
30916	1
5381	1
23094	1
7544	1
74405	1
48652	1
74405	1
95799	1
96733	1
84996	1
16769	1
78447	1
8579	1
90323	1
53223	1
74405	1
28081	1
80425	1
80425	1
83437	1
57684	1
84996	1
53223	1
81548	1
5464	1
12497	1
95587	1
38061	1
44191	1
81029	1
16769	1
91016	1
39791	1
11102	1
31738	1
53835	1
53435	1
63878	1
53983	1
27470	1
52941	1
99911	1
35159	1
29272	1
29355	1
71723	1
37044	1
44623	1
74405	1
57543	1
7737	1
74405	1
50436	1
39813	1
23907	1
74405	1
50211	1
48652	1
47697	1
74405	1
50238	1
38154	1
51554	1
10527	1
84996	1
69944	1
68491	1
33727	1
72682	1
84996	1
1717	1
99396	1
55031	1
76479	1
10036	1
63162	1
23878	1
13373	1
74405	1
81639	1
51818	1
95178	1
86881	1
16769	1
52112	1
54562	1
84996	1
53985	1
38281	1
91861	1
97256	1
91146	1
61128	1
83653	1
74405	1
24285	1
74405	1
87263	1
75964	1
26920	1
98549	1
62687	1
16879	1
43174	1
91041	1
53223	1
53328	1
39373	1
54205	1
38061	1
63814	1
48652	1
11952	1
75964	1
5520	1
90088	1
92593	1
7737	1
33490	1
89783	1
51925	1
56224	1
16769	1
44631	1
65373	1
84581	1
47525	1
75964	1
65427	1
20217	1
74405	1
12308	1
56667	1
53223	1
92571	1
78914	1
25801	1
91126	1
79684	1
82090	1
19781	1
75964	1
70117	1
75964	1
45453	1
99423	1
41887	1
24615	1
15536	1
74405	1
38061	1
22899	1
73105	1
84996	1
33490	1
84996	1
35707	1
58363	1
86881	1
7443	1
60802	1
86555	1
41283	1
71742	1
16769	1
29708	1
74405	1
70458	1
78866	1
84996	1
84996	1
99608	1
48147	1
3291	1
63505	1
74405	1
84996	1
74405	1
90337	1
52783	1
34852	1
14849	1
31931	1
90134	1
63814	1
62247	1
59046	1
74405	1
79165	1
84996	1
16769	1
13427	1
74405	1
27360	1
38912	1
84996	1
84996	1
78484	1
58390	1
50321	1
60590	1
11621	1
74405	1
84996	1
68522	1
67351	1
16879	1
68283	1
48652	1
39616	1
84996	1
27360	1
31026	1
50321	1
30372	1
2923	1
74405	1
74405	1
71939	1
68836	1
86638	1
82970	1
63814	1
27360	1
53223	1
74405	1
74405	1
30719	1
83653	1
16879	1
72742	1
9186	1
53223	1
50211	1
53223	1
87973	1
91375	1
80867	1
86311	1
51911	1
74405	1
50537	1
87125	1
70916	1
91558	1
158	1
85449	1
7737	1
74405	1
80535	1
95587	1
84996	1
74405	1
16769	1
46983	1
6288	1
74405	1
48652	1
70536	1
4698	1
99145	1
83437	1
27360	1
6361	1
9190	1
95587	1
45594	1
90162	1
10741	1
75771	1
32913	1
74405	1
94188	1
74405	1
48652	1
26127	1
74405	1
65373	1
9190	1
44411	1
83653	1
29739	1
13234	1
83001	1
31931	1
46466	1
39836	1
39620	1
89457	1
80662	1
74405	1
10861	1
50074	1
16769	1
51259	1
74405	1
33490	1
74405	1
74405	1
48868	1
62255	1
53223	1
78866	1
62145	1
33677	1
6178	1
69914	1
59459	1
38277	1
9406	1
74405	1
84996	1
91558	1
38061	1
84996	1
74405	1
74405	1
74405	1
85842	1
48652	1
25494	1
64169	1
24680	1
74405	1
7144	1
74947	1
33816	1
95587	1
60528	1
1497	1
6178	1
6178	1
63814	1
74405	1
54708	1
48652	1
53223	1
79238	1
60802	1
58278	1
76068	1
15557	1
57684	1
16879	1
51770	1
53223	1
79188	1
74405	1
6612	1
95807	1
38061	1
83759	1
41393	1
97910	1
55268	1
61290	1
70219	1
58281	1
5877	1
41725	1
38744	1
73168	1
72626	1
14087	1
52210	1
74405	1
67835	1
99938	1
944	1
55053	1
40963	1
94507	1
94244	1
99438	1
33270	1
65373	1
64497	1
2153	1
88114	1
34362	1
30970	1
38061	1
66965	1
68601	1
91788	1
74405	1
74405	1
3276	1
79590	1
84996	1
62145	1
74405	1
57470	1
29988	1
31838	1
74405	1
5628	1
80535	1
85106	1
25851	1
16769	1
74405	1
44758	1
55131	1
53223	1
65508	1
61892	1
74405	1
75308	1
26288	1
50986	1
71279	1
52343	1
69153	1
15210	1
8262	1
7216	1
13074	1
74405	1
79192	1
88004	1
80737	1
66299	1
96349	1
85212	1
46983	1
67835	1
69037	1
48652	1
16252	1
91016	1
66932	1
84996	1
6178	1
73118	1
81455	1
53223	1
91016	1
16769	1
32367	1
86555	1
32010	1
56588	1
11187	1
74405	1
48652	1
19452	1
96619	1
8829	1
16935	1
96926	1
50211	1
57790	1
4042	1
74405	1
35279	1
74405	1
78866	1
27470	1
67231	1
74405	1
88788	1
3081	1
89457	1
83437	1
84996	1
1717	1
84996	1
49331	1
74405	1
89457	1
84996	1
74841	1
74291	1
75964	1
71912	1
74405	1
61815	1
28946	1
6720	1
37044	1
28529	1
40100	1
17315	1
25118	1
63814	1
74405	1
84996	1
16879	1
84996	1
27470	1
84996	1
16769	1
33075	1
59056	1
60687	1
63814	1
74405	1
16879	1
30368	1
19781	1
35049	1
95587	1
32417	1
74405	1
91014	1
74405	1
97688	1
41081	1
7847	1
13259	1
81378	1
69944	1
79192	1
10040	1
10062	1
158	1
8499	1
80535	1
57491	1
74405	1
74405	1
8987	1
27360	1
74405	1
20329	1
12308	1
80535	1
44081	1
33490	1
74405	1
54782	1
74405	1
53223	1
25911	1
54701	1
94431	1
55654	1
53503	1
18094	1
45914	1
49929	1
87126	1
74405	1
60389	1
69944	1
80535	1
49277	1
16769	1
97742	1
63814	1
64030	1
29653	1
10392	1
35049	1
1603	1
33025	1
21855	1
63704	1
18438	1
73278	1
39647	1
62797	1
8779	1
41729	1
21035	1
77523	1
6178	1
92685	1
55054	1
56667	1
74405	1
6178	1
44191	1
68601	1
65373	1
74405	1
74405	1
12308	1
57684	1
74405	1
15895	1
80535	1
84996	1
27360	1
88932	1
46275	1
19284	1
74405	1
27306	1
61892	1
1796	1
48652	1
74405	1
19337	1
74405	1
91342	1
48868	1
74405	1
69834	1
34393	1
47965	1
89783	1
51554	1
3218	1
46983	1
47309	1
59697	1
84996	1
65915	1
80425	1
82200	1
33490	1
84996	1
70403	1
32390	1
27360	1
28012	1
24417	1
53223	1
6178	1
74405	1
62471	1
91861	1
90626	1
59706	1
48	1
58720	1
53223	1
4619	1
24581	1
15069	1
74405	1
27470	1
66684	1
57211	1
91016	1
64433	1
94356	1
84664	1
79192	1
38061	1
39016	1
75308	1
21361	1
59243	1
70165	1
93808	1
16603	1
70625	1
74405	1
32774	1
27305	1
36392	1
62035	1
74405	1
85532	1
3872	1
39400	1
91126	1
39634	1
8680	1
36205	1
74405	1
63814	1
60398	1
90748	1
88554	1
10722	1
78069	1
75061	1
53223	1
39373	1
53223	1
43890	1
2855	1
3033	1
74405	1
11511	1
91126	1
32477	1
47309	1
29198	1
49414	1
25255	1
24568	1
71393	1
69834	1
74405	1
26127	1
59243	1
53055	1
74405	1
6288	1
16175	1
57684	1
84996	1
97146	1
53223	1
60802	1
80531	1
95587	1
74405	1
63814	1
91016	1
80591	1
99031	1
84996	1
6178	1
51554	1
96944	1
36718	1
59569	1
79323	1
54778	1
96849	1
44627	1
16769	1
12308	1
48675	1
16769	1
70299	1
44567	1
25004	1
51471	1
80425	1
4467	1
3550	1
16769	1
87297	1
33467	1
86998	1
26347	1
63814	1
75281	1
43421	1
63814	1
33162	1
48	1
3104	1
9158	1
74405	1
80425	1
53796	1
85206	1
12061	1
9732	1
78742	1
53223	1
74405	1
84996	1
95531	1
39404	1
69944	1
74405	1
16769	1
18438	1
74405	1
18002	1
35049	1
67316	1
53223	1
16008	1
6178	1
94354	1
62689	1
6178	1
95587	1
63094	1
18191	1
80748	1
42466	1
59785	1
53223	1
69944	1
21340	1
98456	1
87537	1
38061	1
32361	1
36392	1
19866	1
71846	1
50321	1
2728	1
53223	1
41422	1
61749	1
38061	1
51554	1
9400	1
93156	1
50321	1
10965	1
69458	1
78069	1
16769	1
19324	1
27360	1
53223	1
94244	1
63814	1
6178	1
75964	1
91016	1
80362	1
88114	1
91016	1
96766	1
33490	1
68981	1
60545	1
18021	1
84996	1
74405	1
91668	1
82094	1
84996	1
14517	1
77469	1
33490	1
32346	1
23191	1
74405	1
77060	1
99087	1
41638	1
2127	1
12532	1
64356	1
24541	1
84996	1
63814	1
86555	1
94526	1
14990	1
84021	1
6178	1
69834	1
53223	1
61535	1
22899	1
13481	1
74405	1
25168	1
84996	1
13328	1
97433	1
59243	1
9977	1
33574	1
53223	1
27360	1
11951	1
46311	1
69834	1
41968	1
16879	1
95372	1
29027	1
84996	1
27360	1
71464	1
74405	1
6288	1
5984	1
44081	1
63814	1
36718	1
96129	1
84996	1
65373	1
29757	1
99409	1
74405	1
27360	1
76946	1
33490	1
34032	1
84050	1
54919	1
93123	1
84996	1
63814	1
63648	1
53223	1
84718	1
29575	1
6178	1
6830	1
50977	1
90573	1
51702	1
47093	1
57666	1
96926	1
71524	1
6108	1
26127	1
66579	1
40369	1
53223	1
62145	1
51251	1
50757	1
97642	1
16769	1
43940	1
49385	1
15866	1
45750	1
63814	1
74405	1
86881	1
40476	1
77924	1
32285	1
53223	1
38061	1
76305	1
95450	1
74405	1
1717	1
24684	1
14104	1
56941	1
78972	1
84996	1
35159	1
45750	1
19781	1
88876	1
7737	1
28012	1
74405	1
74405	1
83732	1
12308	1
38061	1
29575	1
60802	1
53223	1
43766	1
6710	1
1933	1
43919	1
23437	1
73054	1
80776	1
53223	1
38061	1
62548	1
89457	1
59708	1
27360	1
39616	1
74405	1
95251	1
16879	1
20217	1
88853	1
74405	1
64773	1
27470	1
65373	1
74405	1
92627	1
95587	1
30152	1
74405	1
41941	1
53223	1
75528	1
84996	1
39448	1
63814	1
8129	1
84996	1
700	1
69834	1
74405	1
1717	1
59679	1
80535	1
44407	1
13209	1
90190	1
3492	1
68275	1
47745	1
53223	1
6178	1
80425	1
96558	1
44191	1
74405	1
74405	1
38464	1
37841	1
94028	1
53223	1
53223	1
61520	1
68275	1
48652	1
82094	1
61880	1
84668	1
82310	1
16769	1
19617	1
30887	1
32946	1
95803	1
88857	1
80425	1
24568	1
27470	1
66139	1
53223	1
68410	1
7623	1
51083	1
27360	1
80535	1
74405	1
59243	1
77118	1
69944	1
68491	1
96349	1
2406	1
990	1
86202	1
66791	1
36934	1
63814	1
31918	1
63814	1
86555	1
6178	1
88631	1
84996	1
74405	1
55542	1
16973	1
13970	1
4619	1
71393	1
74208	1
18764	1
46882	1
31331	1
33490	1
43504	1
31931	1
11895	1
62531	1
84996	1
48890	1
83900	1
36392	1
84996	1
15426	1
95587	1
26127	1
57642	1
9075	1
67553	1
21730	1
677	1
9300	1
97146	1
20323	1
33490	1
44191	1
2560	1
74345	1
27360	1
55577	1
12308	1
91126	1
17781	1
74405	1
39552	1
45904	1
90526	1
76423	1
71503	1
14477	1
38061	1
73282	1
84996	1
81351	1
65373	1
27360	1
87813	1
26704	1
91016	1
50321	1
91342	1
5385	1
1933	1
26127	1
62743	1
61369	1
71387	1
95587	1
24939	1
61676	1
68570	1
57684	1
94543	1
71947	1
74405	1
62145	1
98815	1
62687	1
4619	1
69913	1
27657	1
81191	1
80425	1
76479	1
84996	1
26343	1
68275	1
12850	1
89999	1
35489	1
57464	1
4505	1
55631	1
19781	1
68275	1
93447	1
80232	1
6288	1
32174	1
7517	1
24458	1
83869	1
8966	1
74050	1
84996	1
82829	1
26262	1
50431	1
74405	1
71362	1
9365	1
74405	1
63814	1
62855	1
64843	1
88224	1
62523	1
27360	1
59459	1
63814	1
74127	1
27360	1
9925	1
40726	1
47081	1
91126	1
74405	1
4619	1
26542	1
48652	1
82942	1
5985	1
90541	1
89783	1
48648	1
75964	1
83437	1
74405	1
19997	1
93231	1
19970	1
7737	1
84996	1
70715	1
60005	1
90850	1
63814	1
91668	1
82094	1
61128	1
74405	1
74405	1
85212	1
35211	1
48652	1
16769	1
86495	1
38854	1
64937	1
27470	1
22899	1
95479	1
34802	1
12308	1
58226	1
81548	1
75964	1
74405	1
77083	1
65915	1
71114	1
85457	1
59243	1
53088	1
45868	1
16989	1
44081	1
63814	1
72651	1
41299	1
36718	1
8667	1
99828	1
36392	1
30835	1
26189	1
63814	1
74405	1
64026	1
15654	1
91016	1
74405	1
1717	1
1769	1
68350	1
12634	1
72736	1
61919	1
2649	1
1115	1
12304	1
77826	1
1937	1
72846	1
67515	1
93254	1
95587	1
97146	1
40963	1
33490	1
90582	1
37947	1
47855	1
16576	1
35159	1
61128	1
72410	1
65373	1
43232	1
88440	1
2656	1
28809	1
16879	1
53223	1
53223	1
16879	1
63704	1
78158	1
67426	1
31931	1
59243	1
56667	1
68821	1
62393	1
53223	1
16769	1
80394	1
71723	1
67567	1
63453	1
84996	1
3276	1
84996	1
63814	1
94028	1
59741	1
84996	1
62471	1
97264	1
63814	1
69041	1
37044	1
53223	1
36502	1
53223	1
79586	1
57680	1
74756	1
38555	1
95587	1
12308	1
47309	1
65373	1
74405	1
48758	1
74405	1
48019	1
48652	1
7957	1
1273	1
23397	1
94465	1
27470	1
18438	1
53113	1
27470	1
6288	1
79985	1
62168	1
63814	1
84996	1
86854	1
4945	1
53223	1
38497	1
91016	1
73058	1
41561	1
16769	1
53223	1
83437	1
94188	1
84996	1
44733	1
84996	1
80803	1
26401	1
97146	1
24244	1
74405	1
72736	1
65589	1
65232	1
16769	1
84996	1
87014	1
40903	1
74405	1
72925	1
17114	1
7513	1
83790	1
74405	1
89457	1
81957	1
42522	1
62145	1
21556	1
44030	1
71613	1
74405	1
84996	1
74405	1
53223	1
95668	1
59789	1
10965	1
20543	1
16769	1
53223	1
6288	1
53223	1
32147	1
84996	1
53223	1
80425	1
84996	1
49271	1
38607	1
74405	1
38061	1
56825	1
41505	1
14558	1
62797	1
48652	1
63814	1
27902	1
25212	1
73058	1
44187	1
82410	1
91234	1
63814	1
7737	1
56557	1
29276	1
76506	1
18517	1
57113	1
74405	1
28263	1
73874	1
72846	1
16769	1
53439	1
84486	1
44056	1
48652	1
92685	1
87564	1
8194	1
72736	1
71416	1
60891	1
67395	1
8420	1
11511	1
74405	1
14876	1
7475	1
31354	1
63563	1
54724	1
98607	1
91126	1
58666	1
84286	1
63814	1
3907	1
7737	1
23902	1
72265	1
84093	1
59984	1
16769	1
16769	1
16769	1
40523	1
95994	1
96129	1
39946	1
9190	1
47077	1
84996	1
37370	1
89457	1
31848	1
27360	1
89343	1
80425	1
69944	1
74405	1
72846	1
69944	1
60090	1
9026	1
7739	1
73502	1
74405	1
17641	1
6178	1
74405	1
6288	1
53223	1
35433	1
11652	1
22919	1
30997	1
74405	1
58010	1
75755	1
50620	1
62691	1
48652	1
75497	1
23247	1
85762	1
16879	1
29355	1
53223	1
13075	1
30588	1
4619	1
53655	1
44897	1
69371	1
89783	1
3602	1
80425	1
14849	1
60769	1
97980	1
33816	1
41314	1
74405	1
40974	1
76579	1
86555	1
4619	1
47309	1
95587	1
84996	1
97393	1
62255	1
38061	1
95587	1
74405	1
70735	1
40581	1
84996	1
73938	1
63814	1
94028	1
53223	1
62471	1
36187	1
74405	1
83653	1
17666	1
7737	1
29552	1
53223	1
76942	1
43751	1
67819	1
98837	1
84996	1
46433	1
19628	1
33490	1
42522	1
31771	1
65915	1
64607	1
52075	1
644	1
53962	1
6178	1
82777	1
24788	1
72736	1
8067	1
98238	1
84996	1
51770	1
98486	1
80425	1
55222	1
1717	1
93121	1
50321	1
69803	1
53223	1
6178	1
75528	1
93972	1
74405	1
63814	1
12119	1
46049	1
53765	1
32897	1
17367	1
53223	1
87948	1
30528	1
17942	1
36197	1
50780	1
12308	1
12308	1
49414	1
64805	1
61952	1
43633	1
3160	1
38061	1
63814	1
88280	1
31051	1
55324	1
59243	1
92764	1
69907	1
60005	1
53223	1
30607	1
22423	1
50149	1
45530	1
84996	1
2730	1
38410	1
93474	1
62145	1
89567	1
84996	1
60605	1
78646	1
457	1
74405	1
59243	1
10749	1
84996	1
33490	1
72750	1
80992	1
74405	1
590	1
53223	1
78866	1
53223	1
41578	1
13483	1
89783	1
63453	1
57560	1
93083	1
74405	1
16879	1
53223	1
70308	1
84996	1
80751	1
74405	1
58226	1
29355	1
17319	1
74405	1
23499	1
98400	1
53113	1
29534	1
29297	1
82281	1
95587	1
54668	1
68146	1
74405	1
53223	1
80147	1
69944	1
46983	1
84996	1
73981	1
4619	1
68850	1
63814	1
44301	1
87709	1
6747	1
40116	1
69944	1
60802	1
36392	1
15426	1
16879	1
29224	1
24568	1
53223	1
91502	1
73062	1
86555	1
88224	1
25166	1
51880	1
48652	1
53003	1
24564	1
74405	1
30314	1
36392	1
72736	1
94244	1
10089	1
91126	1
30372	1
71838	1
66876	1
6288	1
47309	1
47309	1
72411	1
25911	1
62797	1
17618	1
26893	1
74405	1
89349	1
33206	1
90016	1
84749	1
93665	1
76631	1
6292	1
74405	1
20543	1
16879	1
74841	1
42842	1
72736	1
35815	1
74405	1
27250	1
63814	1
75075	1
78293	1
89264	1
74405	1
88444	1
65373	1
83437	1
53727	1
32838	1
38061	1
48652	1
21556	1
86115	1
38470	1
72846	1
59243	1
6178	1
39311	1
16769	1
74405	1
16769	1
75308	1
99828	1
21340	1
53223	1
34856	1
92139	1
6068	1
16435	1
12308	1
60119	1
2153	1
84996	1
16439	1
96317	1
2348	1
73222	1
69834	1
25801	1
63814	1
37924	1
74405	1
38061	1
3484	1
33270	1
74405	1
7328	1
53024	1
72736	1
91016	1
27470	1
84996	1
74405	1
74405	1
27470	1
87079	1
52360	1
80425	1
27140	1
74405	1
53655	1
53223	1
48845	1
27470	1
40159	1
37295	1
80425	1
56669	1
38167	1
39836	1
25743	1
80425	1
6398	1
3822	1
87948	1
91016	1
71719	1
74405	1
95780	1
6398	1
71640	1
80425	1
50772	1
80425	1
52989	1
78445	1
46983	1
84996	1
84996	1
88178	1
4160	1
48212	1
71667	1
16015	1
7957	1
48652	1
89779	1
76701	1
35516	1
48652	1
13431	1
74405	1
16769	1
53223	1
65616	1
82794	1
82420	1
12308	1
56781	1
51863	1
71719	1
63814	1
33478	1
56121	1
74405	1
16769	1
84996	1
7943	1
47855	1
76367	1
73498	1
97256	1
91668	1
40114	1
85947	1
75999	1
29363	1
74405	1
17315	1
62145	1
49034	1
8260	1
84996	1
20541	1
27470	1
69178	1
82571	1
46846	1
62145	1
80425	1
74405	1
69834	1
1585	1
34032	1
88114	1
38061	1
27742	1
84996	1
66015	1
36392	1
91016	1
62173	1
84996	1
1063	1
48467	1
28834	1
58893	1
72599	1
62372	1
74405	1
32147	1
43223	1
84969	1
4945	1
16879	1
65373	1
78866	1
41210	1
71393	1
8067	1
19754	1
86472	1
66249	1
6178	1
74405	1
60582	1
48652	1
57900	1
14193	1
48652	1
23441	1
74925	1
94134	1
74405	1
91342	1
6178	1
44191	1
58747	1
46190	1
59486	1
16879	1
47749	1
25731	1
94543	1
10749	1
1717	1
91668	1
30219	1
99199	1
47693	1
56895	1
53570	1
53223	1
53223	1
16769	1
15615	1
84996	1
65373	1
7737	1
96548	1
16769	1
66411	1
83318	1
57923	1
95587	1
91126	1
74405	1
74405	1
38960	1
74405	1
50285	1
32637	1
94767	1
75308	1
84996	1
67611	1
11462	1
71935	1
12308	1
34364	1
84996	1
42669	1
24078	1
71613	1
46433	1
65373	1
7957	1
80425	1
27470	1
61987	1
10981	1
64466	1
14538	1
53223	1
35180	1
25268	1
74405	1
90129	1
12387	1
78866	1
30372	1
74405	1
10749	1
84996	1
80916	1
16769	1
54782	1
2043	1
18770	1
88941	1
5748	1
27360	1
58965	1
40542	1
27360	1
70486	1
82200	1
31931	1
35738	1
89783	1
53223	1
7843	1
64433	1
21556	1
84996	1
86555	1
3492	1
75964	1
42129	1
74405	1
53223	1
59243	1
95886	1
39584	1
63814	1
53223	1
84996	1
54917	1
63973	1
84772	1
80535	1
53223	1
80535	1
10749	1
72968	1
80095	1
96353	1
74405	1
81050	1
75866	1
74405	1
42522	1
25020	1
67453	1
78673	1
5958	1
24547	1
22405	1
74405	1
65699	1
59569	1
74405	1
30897	1
28726	1
71275	1
26029	1
83929	1
74571	1
7623	1
73932	1
47170	1
77303	1
21117	1
40546	1
65063	1
96212	1
53223	1
6178	1
77956	1
68574	1
6178	1
88224	1
6830	1
71084	1
92139	1
28043	1
7737	1
12850	1
43481	1
54782	1
52047	1
14959	1
84996	1
33490	1
42302	1
84749	1
59785	1
16769	1
83861	1
34152	1
54782	1
71935	1
26615	1
80116	1
65895	1
21666	1
13070	1
12308	1
75964	1
19781	1
89750	1
91874	1
4395	1
13977	1
74405	1
63814	1
53223	1
89189	1
72798	1
84996	1
89783	1
90985	1
78812	1
40963	1
10496	1
63814	1
70081	1
39396	1
53875	1
22218	1
74405	1
53223	1
48652	1
84996	1
74405	1
63814	1
35049	1
93121	1
85262	1
15953	1
55575	1
16669	1
40963	1
74405	1
92901	1
38061	1
44627	1
74291	1
83040	1
68649	1
70449	1
61423	1
80535	1
46076	1
5172	1
89457	1
94931	1
63814	1
42522	1
74405	1
50710	1
59245	1
27360	1
80440	1
60449	1
23497	1
91120	1
22252	1
71123	1
77523	1
75964	1
40963	1
72736	1
24348	1
56102	1
97146	1
53223	1
48758	1
55190	1
75772	1
25392	1
84996	1
27470	1
51365	1
28425	1
51413	1
5844	1
4422	1
38061	1
4619	1
98815	1
90221	1
94267	1
89563	1
19505	1
16769	1
95305	1
78073	1
34777	1
19557	1
18797	1
68211	1
16769	1
74405	1
95091	1
55245	1
33490	1
23650	1
95587	1
41289	1
53962	1
7627	1
97146	1
63814	1
32670	1
84996	1
35512	1
65259	1
96953	1
32380	1
89139	1
13086	1
38061	1
63814	1
16655	1
15918	1
15206	1
87013	1
74405	1
9622	1
18129	1
61128	1
30914	1
53223	1
74405	1
13710	1
15096	1
5105	1
16769	1
53439	1
24022	1
73062	1
56887	1
74405	1
63704	1
48652	1
53223	1
61815	1
74405	1
74405	1
72736	1
17147	1
74405	1
2674	1
74405	1
40808	1
6288	1
16769	1
48652	1
84996	1
74405	1
8962	1
55901	1
80425	1
80508	1
53223	1
59243	1
1937	1
82640	1
14820	1
74405	1
63814	1
50844	1
74405	1
68139	1
69033	1
26239	1
2178	1
74127	1
88440	1
48652	1
28260	1
26673	1
15680	1
38061	1
74073	1
61280	1
84996	1
95587	1
74405	1
36502	1
48758	1
35379	1
53223	1
95587	1
18654	1
61761	1
53223	1
39012	1
12308	1
74405	1
88338	1
94475	1
95803	1
26347	1
36718	1
4941	1
73062	1
51880	1
95363	1
87894	1
88760	1
91126	1
23397	1
70592	1
4965	1
63814	1
12308	1
81297	1
66135	1
21662	1
88413	1
42271	1
84996	1
12524	1
33600	1
76825	1
84996	1
44081	1
84392	1
74621	1
10100	1
54425	1
23524	1
83437	1
95587	1
27470	1
13946	1
63814	1
24022	1
85017	1
21340	1
83649	1
53223	1
25801	1
40963	1
53223	1
92249	1
72846	1
53223	1
84996	1
96129	1
71554	1
74405	1
63814	1
6178	1
84996	1
63814	1
21662	1
10087	1
63704	1
64648	1
45966	1
84996	1
49194	1
8223	1
20213	1
90879	1
68275	1
56557	1
74405	1
22546	1
61128	1
53223	1
25253	1
85596	1
51880	1
91126	1
25824	1
84996	1
6749	1
26899	1
33743	1
1717	1
91016	1
19121	1
60472	1
71850	1
2836	1
36392	1
15256	1
71611	1
6722	1
51770	1
84996	1
68601	1
1717	1
59789	1
34403	1
89457	1
36041	1
93202	1
74405	1
44081	1
14770	1
98375	1
43232	1
8250	1
45966	1
53223	1
34451	1
71935	1
68491	1
75088	1
74405	1
69834	1
53223	1
39350	1
32830	1
91016	1
46983	1
45499	1
27360	1
4619	1
69834	1
48515	1
58010	1
74405	1
47093	1
74405	1
58040	1
47579	1
85785	1
27470	1
43971	1
5055	1
42361	1
5883	1
71935	1
92284	1
3633	1
62907	1
78671	1
37276	1
27470	1
72502	1
53223	1
3079	1
40739	1
53223	1
65643	1
21715	1
33086	1
12167	1
33188	1
95913	1
99471	1
26803	1
18438	1
56368	1
32257	1
86881	1
6288	1
20134	1
26549	1
56061	1
12797	1
59486	1
8011	1
84996	1
99267	1
92548	1
27684	1
27099	1
51776	1
30914	1
74405	1
95587	1
47444	1
6500	1
48718	1
74405	1
28339	1
45553	1
32882	1
47428	1
158	1
56478	1
75744	1
65373	1
56808	1
25687	1
70926	1
84996	1
74405	1
25467	1
63814	1
95587	1
84996	1
6720	1
14473	1
75524	1
48652	1
89252	1
16769	1
85857	1
60802	1
13977	1
60005	1
64960	1
30447	1
92548	1
35375	1
27713	1
98595	1
15426	1
36831	1
53223	1
1717	1
82094	1
63814	1
84996	1
93994	1
1717	1
63814	1
62255	1
95587	1
84996	1
6178	1
62145	1
31840	1
91016	1
32955	1
74405	1
26623	1
85408	1
48978	1
15210	1
1717	1
80535	1
21543	1
53223	1
6288	1
15752	1
53223	1
6641	1
16769	1
80375	1
53223	1
65518	1
42523	1
84521	1
33490	1
70706	1
84996	1
88673	1
32035	1
57103	1
68491	1
59094	1
47309	1
59243	1
12359	1
74405	1
27360	1
51554	1
27360	1
88903	1
59243	1
74405	1
53223	1
68491	1
62145	1
84996	1
91016	1
84996	1
19781	1
63732	1
12565	1
55575	1
73062	1
89783	1
84996	1
56104	1
38061	1
84996	1
90079	1
12624	1
44081	1
27856	1
81658	1
55357	1
71089	1
95587	1
15755	1
59094	1
63814	1
57460	1
57464	1
47635	1
45966	1
23873	1
69944	1
71503	1
75524	1
27360	1
74405	1
22807	1
48652	1
84996	1
94222	1
65373	1
64946	1
49659	1
84996	1
88443	1
16769	1
26959	1
44335	1
27360	1
48652	1
61375	1
16879	1
40863	1
29025	1
61686	1
3276	1
57900	1
78673	1
80425	1
3276	1
30852	1
42632	1
84996	1
26127	1
53223	1
16879	1
46763	1
29932	1
80535	1
8530	1
43282	1
54531	1
79192	1
78629	1
74405	1
1717	1
65879	1
76069	1
23939	1
19781	1
32367	1
74405	1
71914	1
27360	1
56993	1
48	1
14094	1
84992	1
31991	1
84996	1
65373	1
98404	1
51083	1
72736	1
97420	1
13014	1
69041	1
48652	1
38061	1
62031	1
53765	1
74405	1
84996	1
47203	1
9797	1
25687	1
47340	1
30152	1
61128	1
99886	1
8893	1
30871	1
59243	1
29791	1
83653	1
88083	1
38387	1
53113	1
80425	1
84996	1
84996	1
21120	1
75964	1
95622	1
24317	1
98785	1
96573	1
65143	1
55703	1
40166	1
1717	1
84996	1
69944	1
11405	1
6279	1
84002	1
84996	1
34032	1
33596	1
78833	1
22129	1
38061	1
30383	1
74405	1
63814	1
84996	1
30588	1
96025	1
77170	1
54782	1
6178	1
74405	1
75283	1
38270	1
26235	1
53223	1
47033	1
74405	1
18434	1
74405	1
90708	1
53223	1
8829	1
34499	1
84996	1
38061	1
60244	1
79763	1
84996	1
52017	1
8885	1
95587	1
12987	1
92521	1
34800	1
74405	1
57431	1
63483	1
59004	1
95587	1
12243	1
84996	1
63814	1
1717	1
53223	1
27140	1
16879	1
95587	1
53223	1
74405	1
27360	1
53223	1
74405	1
15601	1
16769	1
53223	1
78661	1
63704	1
34775	1
41629	1
36058	1
88440	1
74405	1
38061	1
98595	1
12887	1
96089	1
65373	1
59243	1
74405	1
74405	1
73799	1
10749	1
95587	1
47311	1
96133	1
34142	1
10454	1
64250	1
86555	1
57790	1
16769	1
12308	1
25548	1
16879	1
15210	1
29245	1
35269	1
57900	1
12308	1
26127	1
69361	1
80962	1
17255	1
63814	1
89999	1
67033	1
72518	1
74405	1
97856	1
2233	1
74405	1
99828	1
74405	1
45273	1
64645	1
96762	1
86275	1
91305	1
42219	1
