74405	7771
84996	3880
53223	3275
63814	2302
16769	1710
27360	1437
95587	1241
6178	1048
38061	958
48652	813
16879	756
27470	686
80425	597
91016	587
59243	544
1717	509
69834	457
12308	456
91126	400
44081	394
80535	390
6288	350
65373	337
22899	335
33490	333
75964	308
44191	301
69944	281
7737	278
54782	275
86555	268
19781	251
72736	234
97146	232
62145	231
30372	228
46983	216
15210	203
83437	202
94028	201
40963	199
51554	191
9190	190
72846	187
57684	184
25801	174
36392	170
25911	162
4619	160
47093	157
78866	154
62255	153
36502	150
89567	147
89457	144
10749	144
158	139
94244	136
68275	136
31931	133
53113	130
48	130
73062	128
63704	127
21340	125
68491	120
26127	119
47309	118
88224	114
21556	114
62471	113
42522	112
51880	109
4835	109
57900	105
15536	104
85212	103
77633	103
79082	102
53439	101
83653	94
36718	94
82094	94
41289	94
15426	94
10965	93
89783	93
32147	92
60802	92
79192	89
94354	89
95803	88
4945	84
64030	83
45750	82
68601	82
58010	82
74621	82
7847	80
3276	79
60912	79
374	79
92685	78
18438	78
66932	76
35159	76
71393	75
50211	75
35049	75
39620	75
33600	75
24568	74
13867	73
19997	73
82310	72
56341	72
97256	70
14193	70
29029	70
24458	69
51770	69
97472	69
39946	69
98815	68
45966	66
77523	66
88114	65
71719	64
30588	64
3492	64
61128	63
71503	62
65699	61
9406	61
92901	60
50321	60
29355	58
91558	58
12524	57
99031	57
86881	56
50537	56
33816	56
65915	55
46076	55
35375	54
62687	54
76290	54
42848	54
38277	54
93011	54
3602	54
13977	53
1933	53
80751	52
65589	52
38387	52
56557	52
88440	52
41505	52
41179	51
44733	50
81077	50
73278	50
67258	50
27686	49
59459	49
32257	49
2043	49
95913	48
9622	48
23115	48
24784	47
17421	47
18764	47
80967	47
59785	47
48868	46
20213	46
77849	46
56667	45
54998	45
91668	45
6504	45
74947	45
21666	45
76180	45
34032	44
28012	44
64356	44
38603	44
6830	43
82420	43
83869	43
23441	42
55324	42
17095	42
12634	42
18654	42
11291	42
70160	42
23225	42
70376	41
89999	41
91342	41
52096	41
44623	40
48978	40
39836	40
17311	40
81548	40
36934	40
8970	39
59569	39
47525	39
49194	39
85538	39
89787	39
85322	39
70486	39
64246	38
35269	38
44407	38
94570	38
27902	37
17099	37
68817	37
2259	37
34142	37
29245	36
96129	36
16989	36
71723	36
53765	36
5161	36
39184	35
700	35
26343	35
96710	35
8063	35
99938	35
42302	35
97688	35
65809	34
14087	34
590	34
78646	34
53443	34
76506	34
37044	34
83979	33
43064	33
6720	33
91122	33
62797	33
90109	32
59463	32
12850	32
65593	32
20217	32
48758	32
44411	32
93808	32
2730	32
92905	32
36172	32
15752	32
45204	31
8279	31
69614	31
57464	31
72516	31
72626	31
24348	31
36282	31
45530	31
79408	31
58226	31
75528	31
60582	31
33270	30
21120	30
8860	30
8067	30
71613	30
97036	30
23335	29
84776	29
44627	29
98925	29
30914	29
87097	29
56561	29
2840	28
53659	28
6068	28
1937	28
30368	28
59679	28
80971	28
47855	27
18002	27
63594	27
30152	27
20323	27
74841	27
2153	27
9732	27
60366	27
5055	27
30478	27
54778	27
21882	26
77743	26
7957	26
44301	26
99828	26
69724	26
87678	26
17315	26
38497	26
53655	26
26347	25
14197	25
87101	25
71935	25
32367	25
69940	25
74625	25
14629	25
50973	25
47635	25
15532	25
39400	25
27140	25
73388	25
86775	25
87317	25
18434	25
35379	24
32693	24
63484	24
42844	24
81658	24
66496	24
39616	24
49555	24
2263	24
23119	24
57680	24
20759	24
45314	24
3056	24
56777	24
26453	24
15096	24
29465	23
84199	23
57103	23
68821	23
99577	23
29249	23
24022	23
12088	23
32473	23
48648	23
5958	23
8283	23
95807	22
14990	22
48432	22
11511	22
38281	22
8499	22
53875	22
79522	22
28122	22
38823	22
58006	22
84992	22
58803	22
26673	22
47745	22
55222	22
51660	22
78073	22
11401	22
83873	22
73058	22
51083	22
21446	22
75308	22
82090	21
67038	21
97252	21
11185	21
6500	21
99035	21
3272	21
60692	21
19094	21
68711	21
81874	21
76867	21
41725	21
9512	21
54562	21
951	21
57790	21
21662	21
94134	21
95147	21
93121	21
80755	21
8640	21
96133	20
36498	20
24238	20
47529	20
9186	20
23445	20
18878	20
90329	20
55434	20
63810	20
35489	20
15206	20
66712	20
71939	20
27250	20
57460	20
5165	20
84089	20
49418	20
35811	20
11405	20
17531	19
54205	19
96569	19
41399	19
96926	19
11652	19
29791	19
93231	19
51550	19
49771	19
13211	19
62907	19
6284	19
41509	19
93447	19
90360	19
75167	19
37374	19
96023	19
88554	19
90906	19
94024	19
99145	19
36714	19
75744	19
36824	19
75740	19
37158	19
51334	19
32477	19
63453	19
50431	19
64026	19
370	19
14739	19
87894	19
85978	18
13074	18
72842	18
44953	18
91919	18
60005	18
34939	18
77853	18
72265	18
50757	18
81297	18
96816	18
84093	18
50977	18
42628	18
99251	18
69720	18
21336	18
43751	18
12304	18
72155	18
64470	18
47996	18
90003	18
67835	18
5385	18
59789	18
45746	18
20873	18
61242	17
18218	17
36141	17
65919	17
2479	17
89779	17
42408	17
96349	17
26563	17
73502	17
78285	17
30694	17
5381	17
40523	17
25691	17
9846	17
94350	17
48405	17
52783	17
29575	17
37295	17
20433	17
23665	17
67698	17
78972	17
28263	17
95363	17
85102	17
20543	17
71833	17
15316	17
89347	16
75061	16
88004	16
41729	16
39180	16
89343	16
62691	16
31354	16
16439	16
44984	16
69041	16
20900	16
2616	16
85899	16
53985	16
72296	16
60009	16
41945	16
45393	16
2373	16
25687	16
73168	16
88220	16
43971	16
17672	16
33596	16
51440	16
14413	16
24564	16
38607	16
8420	16
8829	16
90796	16
90549	15
35595	15
20464	15
66135	15
31927	15
84772	15
75960	15
4395	15
32390	15
66492	15
23661	15
4042	15
2400	15
47969	15
29469	15
60225	15
79302	15
42192	15
22322	15
27682	15
52210	15
154	15
33380	15
13647	15
31275	15
15069	15
98375	15
90219	15
41941	15
95010	15
69261	15
47965	15
94790	15
48212	15
79188	15
2620	15
10062	15
86115	15
82750	14
1823	14
44843	14
13730	14
14633	14
91998	14
93588	14
58450	14
6367	14
15866	14
62035	14
71279	14
75524	14
35921	14
45173	14
76730	14
53003	14
68051	14
82887	14
11625	14
54016	14
80311	14
29712	14
95226	14
56997	14
66029	14
84340	14
80174	14
98595	14
61815	14
93152	14
76946	14
17861	14
78069	14
71283	14
56887	14
69504	14
69473	14
99608	14
48428	14
94931	14
60661	14
84556	14
814	14
7627	14
53796	14
13427	14
75501	14
65840	14
39176	14
81517	14
10089	14
5821	13
22106	13
75281	13
25550	13
20653	13
33710	13
39726	13
27109	13
21886	13
93804	13
82530	13
35952	13
82534	13
97005	13
47776	13
92139	13
96789	13
49634	13
17558	13
85243	13
78293	13
71063	13
60688	13
81328	13
7623	13
82200	13
6425	13
53435	13
77087	13
84529	13
80645	13
89127	13
17641	13
58147	13
27466	13
77083	13
63044	13
3382	13
45613	13
80095	13
70926	13
29932	13
56781	13
47749	13
2593	13
91782	13
88334	13
64607	13
75497	13
93561	13
61022	13
55575	13
14417	12
38717	12
9402	12
87564	12
32226	12
57244	12
20437	12
60229	12
46190	12
2836	12
49775	12
34935	12
35838	12
9626	12
37154	12
62247	12
92249	12
50180	12
66276	12
51413	12
71499	12
40602	12
30148	12
92571	12
63264	12
33160	12
20684	12
26704	12
51990	12
40386	12
90030	12
11864	12
60445	12
37947	12
87757	12
22538	12
33953	12
41972	12
18658	12
98238	12
86194	12
49991	12
98159	12
84309	12
69037	12
90765	12
77602	12
36581	12
16655	12
96785	12
99388	12
67914	12
45856	12
85762	12
67179	11
42161	11
59160	11
75088	11
81187	11
60908	11
26920	11
49858	11
87595	11
78725	11
93125	11
86119	11
96573	11
44764	11
7407	11
51656	11
64034	11
31051	11
80367	11
87321	11
10635	11
13290	11
28369	11
19231	11
90140	11
29135	11
28915	11
78752	11
4399	11
48899	11
83790	11
9485	11
23885	11
18874	11
51197	11
25330	11
32720	11
4482	11
96353	11
29272	11
36255	11
15889	11
32697	11
16518	11
8146	11
42711	11
5601	11
34692	11
51876	11
78316	11
11841	11
58882	11
48459	11
32917	11
4179	11
24344	11
14853	11
81957	11
59322	11
30887	11
21116	11
38964	11
7984	11
31707	11
67395	11
59270	11
5817	11
56478	11
14849	11
93584	11
36938	11
70054	11
38937	11
57240	11
11621	11
86092	11
69477	11
50238	11
12414	11
45636	11
95583	11
86335	11
59023	11
8609	11
17452	10
56588	10
89920	10
26590	10
3955	10
25467	10
94491	10
4862	10
61894	10
45970	10
43178	10
93341	10
32913	10
31711	10
40440	10
41422	10
40166	10
9842	10
35155	10
26893	10
52999	10
453	10
28892	10
62855	10
38167	10
95473	10
77303	10
70706	10
67611	10
91699	10
70133	10
64466	10
69284	10
73282	10
12854	10
40739	10
78532	10
40276	10
62828	10
28153	10
14656	10
49748	10
99172	10
39373	10
48208	10
90879	10
44187	10
64690	10
43724	10
49414	10
16628	10
1030	10
82970	10
54641	10
80998	10
29928	10
80531	10
49167	10
35516	10
58666	10
54421	10
61705	10
37401	10
20134	10
29905	10
71640	10
49198	10
94543	10
97642	10
46763	10
25197	10
65259	10
64497	10
67289	10
78505	10
55002	10
1744	10
72406	10
51000	10
34719	10
77170	10
84749	9
10992	9
13070	9
23142	9
76427	9
594	9
42138	9
85785	9
13404	9
68734	9
13431	9
21803	9
73498	9
29820	9
17	9
72925	9
29685	9
81407	9
91861	9
20896	9
43068	9
39813	9
24705	9
64906	9
51637	9
80448	9
16219	9
41968	9
42165	9
47388	9
64929	9
23881	9
24678	9
33133	9
47415	9
30972	9
67694	9
30997	9
56447	9
78289	9
11432	9
38198	9
22019	9
5705	9
22459	9
15615	9
32010	9
24541	9
52540	9
54861	9
19011	9
127	9
3245	9
28126	9
87541	9
28616	9
22405	9
237	9
47992	9
40959	9
24101	9
87784	9
99797	9
34362	9
55438	9
73718	9
52480	9
22978	9
80232	9
33376	9
91778	9
31491	9
6064	9
39396	9
84120	9
24317	9
84552	9
38744	9
92928	9
6398	9
52806	9
65452	9
65479	9
69693	9
28346	9
58446	9
95666	9
54668	9
56227	9
67478	9
22816	9
98018	9
63673	9
7843	9
37484	9
16435	9
23202	9
18544	9
31958	9
55654	9
35622	9
37924	9
88141	9
29496	9
35512	9
26727	9
58587	9
49277	9
16875	9
40575	9
68271	9
78509	9
13894	9
24757	9
88660	8
28585	8
18324	8
91178	8
51193	8
49331	8
88413	8
57437	8
99471	8
4258	8
62251	8
44870	8
26484	8
23358	8
58309	8
47471	8
55795	8
73419	8
62824	8
86582	8
34499	8
11868	8
5605	8
37538	8
70297	8
22762	8
5628	8
93694	8
79985	8
63783	8
65346	8
33679	8
75364	8
36361	8
88857	8
73365	8
10305	8
53902	8
52862	8
39919	8
36797	8
42821	8
70843	8
75198	8
32946	8
3575	8
41042	8
15183	8
77002	8
77060	8
2813	8
10282	8
87014	8
81737	8
97196	8
22243	8
33156	8
11895	8
9269	8
83649	8
88303	8
96050	8
61676	8
39157	8
79628	8
9873	8
90985	8
52920	8
97420	8
89206	8
61674	8
37841	8
8943	8
58363	8
63567	8
68192	8
75304	8
97393	8
6641	8
78673	8
23939	8
37185	8
24898	8
18081	8
36554	8
70081	8
13234	8
35296	8
39867	8
2213	8
88577	8
65236	8
85459	8
95890	8
80394	8
56808	8
70820	8
29108	8
7403	8
38854	8
480	8
87973	8
22102	8
4615	8
33129	8
57923	8
40382	8
71036	8
55355	8
34582	8
73141	8
17751	8
92108	8
28809	8
19121	8
13514	8
86802	8
82777	8
88000	8
28342	8
7544	8
46406	8
98458	8
88197	8
75520	8
68302	8
26264	8
12391	8
15293	8
7760	8
34856	8
18297	8
3739	8
59106	8
17535	8
30945	8
35599	8
21855	8
73961	8
3986	8
20657	8
40546	8
1796	8
94574	8
45254	8
3299	8
25608	8
83732	8
49308	8
54892	8
16196	8
17232	8
26370	8
92822	8
48185	8
52293	8
62031	8
12331	8
15949	8
3359	8
76070	8
84313	8
57983	8
51361	8
71860	8
20103	8
52017	8
32641	8
54126	8
89316	8
43232	8
10745	8
69151	8
31134	7
27306	7
64713	7
89563	7
70596	7
12771	7
11044	7
60744	7
5848	7
95614	7
42271	7
8310	7
81438	7
94188	7
75005	7
91562	7
2753	7
88637	7
6037	7
27549	7
72375	7
33432	7
85652	7
74291	7
677	7
47446	7
17091	7
11648	7
18241	7
20076	7
74920	7
96812	7
87917	7
79329	7
17342	7
24732	7
86715	7
71802	7
66218	7
76510	7
88361	7
65176	7
90439	7
96106	7
99994	7
4999	7
12061	7
40743	7
68354	7
60252	7
3822	7
98591	7
45609	7
15289	7
758	7
97032	7
74511	7
27223	7
99168	7
10828	7
43151	7
85235	7
57707	7
25004	7
85542	7
68055	7
32830	7
66056	7
5983	7
10583	7
81108	7
96270	7
94267	7
5844	7
91809	7
86798	7
34962	7
31570	7
57491	7
89264	7
95504	7
30671	7
28562	7
98728	7
19970	7
74268	7
49034	7
5927	7
12084	7
40716	7
8966	7
60636	7
27603	7
21859	7
19860	7
93144	7
70573	7
61788	7
48235	7
93781	7
5078	7
79875	7
13946	7
75717	7
59239	7
42381	7
95830	7
58230	7
15509	7
8719	7
77409	7
93831	7
66791	7
80041	7
86202	7
21639	7
92272	7
10388	7
72485	7
64250	7
17045	7
67588	7
52563	7
55764	7
39427	7
41482	7
8503	7
73475	7
14550	7
44654	7
41949	7
82829	7
29488	7
97335	7
90769	7
4646	7
73938	7
40355	7
51959	7
6261	7
65369	7
24128	7
16113	7
67231	7
30835	7
81631	7
81814	7
46105	7
31028	7
52069	7
44631	7
46566	7
36031	7
76211	7
31244	7
61049	7
67015	7
15646	7
57767	7
16576	7
66249	7
97366	7
89590	7
54425	7
25471	7
49881	7
54319	7
25251	7
55658	7
21147	7
51527	7
10612	7
85511	7
89123	7
17128	7
35566	7
3139	7
54398	7
19451	7
8200	7
92025	7
63947	7
32234	7
39479	7
83759	7
95450	7
55681	7
95367	7
46433	7
58340	7
24078	7
1580	7
95882	7
80091	7
1250	7
9869	7
1356	7
98132	7
81953	7
48845	7
71856	7
20786	7
49275	7
38960	7
80315	7
97939	7
83516	7
18517	7
87981	7
93507	7
18214	7
13836	7
49115	6
71200	6
76643	6
86522	6
53055	6
90802	6
72132	6
95340	6
44600	6
99415	6
3795	6
31377	6
63893	6
46070	6
72838	6
49528	6
23005	6
74648	6
45829	6
47172	6
5001	6
74044	6
79520	6
13097	6
11951	6
61649	6
62934	6
95170	6
40299	6
89619	6
23775	6
84336	6
23063	6
75987	6
42985	6
99718	6
98435	6
8885	6
93098	6
43284	6
45094	6
36558	6
10066	6
84662	6
70793	6
46267	6
66469	6
52756	6
38140	6
72705	6
88876	6
94375	6
14251	6
28726	6
89293	6
86441	6
85596	6
43228	6
30611	6
21203	6
31653	6
76674	6
49142	6
30231	6
16632	6
71947	6
49499	6
19530	6
60966	6
54342	6
65315	6
37075	6
59486	6
17016	6
97609	6
5578	6
57350	6
62004	6
34476	6
7164	6
51110	6
72462	6
31817	6
67040	6
58909	6
66548	6
38034	6
9929	6
77656	6
77741	6
43091	6
93671	6
92085	6
99741	6
3633	6
46732	6
18986	6
30808	6
96376	6
23418	6
64773	6
89866	6
2456	6
33546	6
47886	6
99911	6
65012	6
50458	6
44490	6
99851	6
40164	6
88467	6
69917	6
84286	6
83076	6
8260	6
5408	6
64630	6
4121	6
96187	6
96766	6
83107	6
40060	6
60885	6
31408	6
29739	6
12964	6
22546	6
89976	6
52779	6
5138	6
60771	6
66272	6
44706	6
98892	6
87429	6
27690	6
60829	6
18301	6
6747	6
31350	6
10581	6
23499	6
60553	6
13014	6
19173	6
37673	6
19993	6
76157	6
67335	6
86418	6
40936	6
58033	6
36419	6
47444	6
20410	6
60032	6
5549	6
1273	6
77386	6
25824	6
82337	6
85189	6
91942	6
92841	6
96322	6
57076	6
29025	6
56144	6
31684	6
50074	6
15669	6
52532	6
95203	6
93968	6
32861	6
52972	6
48455	6
17975	6
78949	6
33573	6
4505	6
12887	6
63374	6
47066	6
27605	6
98049	6
79769	6
17477	6
72460	6
50730	6
43664	6
36990	6
55488	6
73442	6
11565	6
54946	6
25037	6
55465	6
16140	6
73118	6
23688	6
57051	6
74864	6
92162	6
87454	6
4968	6
86061	6
71966	6
45503	6
82397	6
46107	6
5134	6
22926	6
2975	6
24944	6
29988	6
43967	6
49794	6
45287	6
38304	6
81050	6
71362	6
37648	6
53576	6
71123	6
24537	6
10529	6
1603	6
10141	6
81980	6
46981	6
39863	6
29081	6
24508	6
59762	6
70903	6
40799	6
18741	6
10226	6
58963	6
65942	6
68514	6
77436	6
25168	6
82314	6
86744	6
96596	6
34993	6
62467	6
86964	6
27329	6
90223	6
83433	6
56895	6
85295	6
95770	6
39703	6
54699	6
16846	6
27906	6
43201	6
34802	6
51220	6
20024	6
84718	6
54095	6
59129	6
69500	6
69064	6
74484	6
70380	6
59546	6
5302	6
74785	6
36438	6
15177	6
75771	6
48131	6
79271	6
12555	6
63646	6
65481	6
92627	6
19800	5
75470	5
7187	5
78312	5
12831	5
44847	5
48675	5
50454	5
32280	5
24647	5
44108	5
83537	5
39643	5
25770	5
91641	5
41752	5
31838	5
67918	5
10195	5
29056	5
93640	5
90111	5
91043	5
39535	5
68900	5
75250	5
21911	5
98512	5
52729	5
96733	5
52592	5
97285	5
22679	5
71912	5
65643	5
64937	5
83281	5
60142	5
69450	5
35815	5
3002	5
36305	5
55158	5
98838	5
55218	5
81710	5
66382	5
26123	5
21143	5
21967	5
28066	5
86231	5
62799	5
68518	5
7787	5
81681	5
43940	5
95143	5
44270	5
44791	5
66328	5
62608	5
3523	5
97588	5
291	5
72599	5
76423	5
41889	5
89260	5
33843	5
73309	5
4285	5
38225	5
4538	5
83493	5
34229	5
53686	5
93555	5
66738	5
53738	5
50097	5
44567	5
93675	5
8399	5
96486	5
53219	5
93887	5
37187	5
26426	5
83404	5
66193	5
27846	5
37617	5
22619	5
35738	5
62826	5
5221	5
49364	5
21996	5
5354	5
3932	5
54072	5
72815	5
80564	5
20078	5
61811	5
40409	5
89040	5
9219	5
7496	5
81982	5
13267	5
54238	5
27582	5
62853	5
78096	5
46873	5
11102	5
15040	5
97499	5
88276	5
18957	5
51305	5
16275	5
23065	5
42383	5
25907	5
56420	5
79792	5
76620	5
85621	5
58419	5
2562	5
37893	5
16823	5
8663	5
82613	5
46130	5
2560	5
22399	5
43587	5
20983	5
40195	5
30752	5
11675	5
74208	5
87622	5
18924	5
88332	5
40083	5
96046	5
6857	5
1854	5
64956	5
67665	5
23061	5
27769	5
45227	5
91205	5
20597	5
68219	5
88608	5
10691	5
87074	5
19397	5
82914	5
8779	5
76479	5
59212	5
44544	5
71746	5
40990	5
88384	5
92218	5
89096	5
47693	5
95529	5
36635	5
27192	5
4152	5
42248	5
841	5
9709	5
41206	5
66772	5
14247	5
46485	5
6093	5
9676	5
64493	5
55888	5
75823	5
25253	5
88907	5
57080	5
60385	5
73529	5
48129	5
82993	5
13458	5
25548	5
80728	5
29357	5
40606	5
3135	5
19476	5
93505	5
64329	5
33073	5
59926	5
86501	5
3899	5
55928	5
21093	5
3216	5
37895	5
31267	5
65616	5
51853	5
7592	5
88986	5
19449	5
27030	5
44243	5
25714	5
26071	5
31331	5
43585	5
41258	5
58747	5
62884	5
61265	5
92849	5
82638	5
81849	5
30777	5
98952	5
21199	5
97775	5
19640	5
62959	5
97200	5
62168	5
49171	5
93088	5
95064	5
15920	5
94410	5
81191	5
72410	5
83273	5
56368	5
9678	5
2973	5
52399	5
32450	5
90246	5
8287	5
30013	5
48951	5
67341	5
51251	5
88932	5
50514	5
46186	5
84583	5
1034	5
19341	5
86472	5
83329	5
14876	5
10662	5
68217	5
15125	5
9925	5
31794	5
7324	5
4914	5
88444	5
60472	5
62770	5
64090	5
89750	5
68794	5
7320	5
72159	5
39236	5
57047	5
57217	5
28319	5
1993	5
50678	5
92195	5
20680	5
5904	5
56837	5
23526	5
36525	5
81847	5
17508	5
55957	5
5495	5
58064	5
86474	5
65510	5
61348	5
83840	5
38003	5
88930	5
77658	5
97632	5
16159	5
26401	5
32776	5
94431	5
86638	5
58610	5
43728	5
45997	5
30229	5
15696	5
41426	5
34393	5
79684	5
91506	5
42188	5
1769	5
48735	5
922	5
8167	5
87344	5
50597	5
7706	5
9323	5
55577	5
37540	5
72622	5
47369	5
87537	5
54502	5
60605	5
30528	5
29305	5
40496	5
71943	5
19804	5
57024	5
76047	5
12823	5
52476	5
25444	5
66739	5
48515	5
73531	5
13786	5
87234	5
83900	5
23582	5
94844	5
84805	5
28753	5
89723	5
14797	5
88633	5
2178	5
26650	5
76128	5
15972	5
80284	5
98348	5
91865	5
87950	5
54915	5
86858	5
55031	5
64686	5
38520	5
65205	5
14330	5
60991	5
48052	5
62579	5
19474	5
46786	5
24026	5
50896	5
9159	5
23389	5
79296	5
74428	5
78837	5
46709	5
11380	5
28593	5
1001	5
14770	5
72240	5
97715	5
63102	5
33845	5
10585	5
62139	5
61045	5
1690	5
6091	5
12744	5
81818	5
33081	5
76865	5
92712	5
16792	5
43917	5
10722	5
43641	5
37181	5
61352	5
86281	5
58720	5
13371	5
9016	5
23908	5
30970	5
33517	5
14276	5
95826	5
37729	5
27190	5
49717	5
70187	5
10172	5
78449	5
2286	5
88884	5
60202	5
64549	5
77766	5
20520	5
43884	5
6697	5
79852	5
78785	5
81606	5
75827	5
54919	5
51793	5
89100	5
85079	5
98155	5
1520	5
15673	5
79325	5
55874	5
12906	5
30447	5
30723	5
3766	5
20479	5
55054	5
64194	5
15233	5
9213	5
18191	5
84720	5
40826	5
54203	5
57184	5
59625	5
88853	5
15181	5
32774	5
54724	5
9022	5
95093	5
71447	5
73446	5
57543	5
41561	5
58969	5
21500	5
29768	5
9456	5
49441	5
90526	5
47552	5
92878	4
65535	4
53136	4
55631	4
91236	4
36469	4
54396	4
70544	4
76784	4
7326	4
11324	4
66635	4
8530	4
12306	4
33737	4
34866	4
36334	4
16495	4
7380	4
52100	4
73338	4
32230	4
90032	4
1057	4
13790	4
9242	4
15779	4
37847	4
89017	4
85457	4
17838	4
18797	4
50377	4
65400	4
96212	4
38881	4
52123	4
52509	4
6340	4
47697	4
2643	4
9049	4
61761	4
72790	4
46952	4
29166	4
34059	4
41312	4
45698	4
52420	4
28149	4
46516	4
39599	4
19777	4
97445	4
64387	4
54722	4
3716	4
18326	4
54645	4
10033	4
52893	4
27989	4
64273	4
32174	4
20952	4
53827	4
3878	4
16852	4
12987	4
90547	4
13890	4
26399	4
73932	4
90686	4
38499	4
70764	4
95174	4
31923	4
19034	4
83929	4
22210	4
30283	4
18791	4
62064	4
33461	4
33349	4
65149	4
1389	4
91406	4
1113	4
21635	4
4065	4
28176	4
43008	4
1852	4
74681	4
49071	4
59708	4
71256	4
11399	4
99494	4
71387	4
98296	4
44328	4
74503	4
25967	4
87977	4
66409	4
77270	4
69174	4
84864	4
40087	4
75	4
96762	4
4866	4
66359	4
54041	4
12252	4
47747	4
93920	4
79412	4
44598	4
22185	4
3687	4
77193	4
62577	4
5684	4
46707	4
2342	4
23964	4
60088	4
85403	4
69010	4
16825	4
90057	4
84774	4
72680	4
14905	4
15453	4
89183	4
83676	4
68958	4
16512	4
41534	4
37781	4
36278	4
3436	4
17479	4
98811	4
47305	4
14693	4
27086	4
59729	4
79605	4
59702	4
30856	4
94767	4
18436	4
80672	4
26179	4
7025	4
133	4
98898	4
25371	4
42713	4
58199	4
70737	4
36988	4
10911	4
70320	4
98900	4
1333	4
11071	4
89615	4
41262	4
61325	4
29332	4
976	4
26233	4
64437	4
14473	4
11598	4
52343	4
83190	4
80724	4
74544	4
21475	4
99255	4
63648	4
14000	4
73745	4
59461	4
48918	4
4341	4
21039	4
76726	4
96214	4
56584	4
86495	4
4698	4
14932	4
2352	4
37644	4
94356	4
99934	4
80371	4
51849	4
34013	4
84255	4
32771	4
64850	4
87261	4
10149	4
81214	4
77826	4
71582	4
51824	4
99878	4
22482	4
94601	4
40849	4
79337	4
44820	4
71084	4
55351	4
16987	4
16408	4
55189	4
97061	4
16331	4
1960	4
95772	4
36556	4
87921	4
39564	4
34441	4
11924	4
31761	4
65180	4
87485	4
89374	4
22807	4
56258	4
43342	4
978	4
25442	4
73145	4
93393	4
56314	4
78769	4
75825	4
46844	4
27933	4
30455	4
52129	4
22646	4
8526	4
46846	4
53711	4
26210	4
92193	4
28867	4
15918	4
34472	4
38146	4
49200	4
99278	4
3332	4
47508	4
78669	4
14278	4
67862	4
79001	4
93860	4
7297	4
13537	4
78322	4
50553	4
77330	4
52316	4
11241	4
3027	4
36226	4
15976	4
58861	4
67532	4
84419	4
62633	4
92764	4
76753	4
60609	4
52372	4
83483	4
28813	4
94051	4
24184	4
34335	4
71445	4
6118	4
97389	4
99448	4
61923	4
61155	4
10332	4
35732	4
10390	4
27271	4
34530	4
19314	4
31298	4
7384	4
48461	4
60590	4
20950	4
69529	4
64794	4
28043	4
72763	4
56364	4
29552	4
22218	4
40685	4
73722	4
69973	4
50734	4
4779	4
63094	4
87861	4
87294	4
97659	4
35111	4
62328	4
34451	4
13207	4
27713	4
71115	4
88708	4
23941	4
22785	4
81654	4
97910	4
82667	4
94707	4
50236	4
81023	4
69421	4
64167	4
10363	4
37897	4
57408	4
70592	4
32091	4
57927	4
21363	4
58639	4
1532	4
85675	4
29276	4
1304	4
74702	4
16659	4
22868	4
77550	4
36745	4
92625	4
54043	4
38688	4
69095	4
21091	4
43531	4
54755	4
67256	4
53962	4
56121	4
7683	4
84149	4
72076	4
65612	4
23549	4
53412	4
35541	4
67428	4
12059	4
61541	4
26864	4
42219	4
13753	4
65261	4
22021	4
53167	4
76840	4
35408	4
83844	4
18461	4
56642	4
83161	4
87618	4
12167	4
89702	4
95749	4
70899	4
67011	4
22706	4
45148	4
2703	4
69394	4
91259	4
56941	4
68578	4
82586	4
90902	4
55766	4
78343	4
93069	4
59490	4
96901	4
26376	4
25440	4
88963	4
22650	4
38962	4
79655	4
59770	4
21037	4
88305	4
39699	4
68082	4
46539	4
99714	4
41478	4
58282	4
93424	4
87873	4
87431	4
25660	4
76020	4
81384	4
45999	4
45275	4
7023	4
754	4
66000	4
47498	4
28857	4
1825	4
36471	4
92681	4
66878	4
33077	4
73060	4
85451	4
46296	4
48206	4
59482	4
43425	4
58749	4
75661	4
88058	4
8611	4
57626	4
41318	4
7679	4
36417	4
43747	4
17035	4
7891	4
10170	4
73552	4
87948	4
50290	4
3033	4
14085	4
13103	4
4038	4
30559	4
85758	4
71038	4
64300	4
96382	4
58120	4
89758	4
60119	4
68574	4
31848	4
21770	4
1414	4
49632	4
7729	4
49690	4
53088	4
86524	4
66519	4
71013	4
13811	4
70440	4
85536	4
53983	4
46649	4
33617	4
75607	4
15229	4
32689	4
32834	4
634	4
9763	4
78808	4
94323	4
17915	4
21440	4
34640	4
62911	4
45667	4
60503	4
39543	4
15916	4
21643	4
81274	4
65016	4
97856	4
47473	4
80199	4
41831	4
24921	4
78615	4
82694	4
67752	4
6828	4
50	4
61591	4
52044	4
84392	4
40903	4
18513	4
24134	4
61101	4
70403	4
25857	4
48812	4
86690	4
83377	4
71524	4
76124	4
22129	4
31078	4
54014	4
12358	4
82941	4
71472	4
9182	4
28099	4
57271	4
97225	4
73749	4
6996	4
76973	4
17296	4
28996	4
65898	4
32614	4
74758	4
18714	4
54099	4
37318	4
65865	4
13917	4
44928	4
81735	4
22594	4
45526	4
29708	4
52538	4
39923	4
38049	4
47500	4
43508	4
34339	4
1441	4
81351	4
52237	4
19005	4
86225	4
66355	4
46813	4
51029	4
32805	4
20487	4
38825	4
89426	4
6533	4
32940	4
58965	4
27053	4
34636	4
11208	4
72865	4
11974	4
3735	4
19812	4
39670	4
13128	4
62114	4
54317	4
3799	4
14110	4
79165	4
74505	4
8364	4
88855	4
13585	4
2452	4
20296	4
6724	4
47828	4
41588	4
92002	4
91645	4
50047	4
48901	4
44156	4
3689	4
71858	4
25764	4
80714	4
8042	4
82393	4
90597	4
38443	4
25581	4
91973	4
88903	4
41563	4
62201	4
56204	4
74677	4
45150	4
50817	4
45426	4
70164	4
38057	4
94327	4
94616	4
98431	4
70214	4
84064	4
4096	4
26507	4
2979	4
52181	4
81864	4
13043	4
90080	4
67287	4
67831	4
75696	4
14170	4
72458	4
86526	4
77685	4
50016	4
42765	4
67673	4
50811	4
44104	4
28971	4
65896	4
92488	4
98232	4
67997	4
70629	4
5574	4
92133	4
25936	4
77446	4
80811	4
61487	4
5414	4
18270	4
75630	4
92548	4
96025	4
93368	4
893	4
74073	4
37864	4
85702	4
79055	4
3303	4
71823	4
28402	4
87672	4
16603	4
19561	4
65778	4
38028	4
25191	4
77390	4
82173	4
16273	4
30291	4
11808	4
83240	4
43400	4
53047	4
19478	4
6448	4
6668	4
50155	4
32996	4
41065	4
60038	4
18492	4
59453	4
33886	4
92741	4
20190	4
73637	4
81594	4
72543	4
80269	4
46510	4
6778	4
6722	4
74891	4
49358	4
97852	4
51328	4
69112	4
68161	4
58550	4
68873	4
30125	4
13593	4
71416	4
30395	4
10550	4
31217	4
77137	4
79788	4
98176	4
42937	4
18307	4
84338	4
64883	4
74262	4
79821	4
34999	4
68246	4
67372	4
13263	4
77382	4
8306	4
74129	4
60034	4
7220	4
23798	4
73828	4
74457	4
71420	4
9350	4
69317	4
77627	3
51253	3
78158	3
32664	3
6940	3
56949	3
4449	3
47716	3
37413	3
30181	3
86470	3
89222	3
28425	3
50894	3
47222	3
59370	3
35898	3
27659	3
16763	3
76454	3
54365	3
68844	3
3104	3
87134	3
83379	3
61595	3
38906	3
42931	3
30779	3
77710	3
88604	3
48579	3
29328	3
20703	3
38505	3
16391	3
17670	3
99311	3
78067	3
85019	3
71337	3
25417	3
87676	3
97732	3
86445	3
21550	3
27580	3
67033	3
83896	3
91234	3
23034	3
90746	3
37461	3
50379	3
98074	3
63455	3
60526	3
53001	3
28278	3
21280	3
99058	3
35099	3
94377	3
61147	3
70434	3
71941	3
76587	3
63430	3
14928	3
86937	3
54066	3
79420	3
8055	3
13286	3
856	3
61651	3
97229	3
44050	3
73149	3
6803	3
19972	3
21423	3
68396	3
52266	3
78262	3
21141	3
3660	3
45862	3
12794	3
37727	3
41009	3
82563	3
99685	3
21959	3
25008	3
4702	3
43392	3
91446	3
73481	3
12250	3
60175	3
80718	3
55808	3
14822	3
75144	3
28452	3
31815	3
42709	3
24867	3
17139	3
42773	3
22295	3
69309	3
48318	3
77735	3
46132	3
43784	3
63941	3
91502	3
74100	3
89395	3
32994	3
73110	3
67783	3
22721	3
46	3
59152	3
76614	3
41017	3
27530	3
39188	3
96550	3
57624	3
47365	3
23829	3
2539	3
98568	3
50502	3
39537	3
42956	3
81604	3
69780	3
9267	3
68379	3
10666	3
74293	3
89818	3
98209	3
79545	3
1985	3
49196	3
40054	3
4372	3
37594	3
64223	3
72238	3
72539	3
70735	3
25220	3
43450	3
66683	3
75663	3
26899	3
78098	3
48019	3
72429	3
95307	3
64908	3
89158	3
69338	3
7079	3
44687	3
98871	3
131	3
73965	3
455	3
65720	3
77548	3
44268	3
26623	3
36689	3
14442	3
39591	3
78924	3
5630	3
54616	3
83680	3
51820	3
35321	3
86165	3
68443	3
36546	3
39759	3
39128	3
59245	3
41146	3
17618	3
7872	3
54394	3
39066	3
90167	3
50285	3
46788	3
968	3
67069	3
83867	3
66876	3
31954	3
16902	3
9277	3
62838	3
27663	3
67235	3
31211	3
71999	3
60778	3
6373	3
47183	3
66483	3
70023	3
11943	3
66955	3
72979	3
77467	3
21523	3
89889	3
7015	3
97391	3
46377	3
15895	3
51222	3
55550	3
81247	3
810	3
46149	3
91417	3
22492	3
61047	3
39562	3
48025	3
74561	3
9898	3
58907	3
28120	3
71179	3
41785	3
98456	3
42169	3
39346	3
34767	3
70449	3
62276	3
99006	3
38464	3
8831	3
6801	3
73853	3
83977	3
25112	3
29735	3
82418	3
42190	3
21832	3
74378	3
46653	3
25087	3
13697	3
87900	3
20740	3
65776	3
2317	3
6928	3
91014	3
88278	3
66982	3
24074	3
97555	3
99359	3
91053	3
18521	3
13130	3
27825	3
19754	3
62527	3
8586	3
34615	3
60675	3
45273	3
64003	3
23825	3
98051	3
74042	3
40721	3
86370	3
29110	3
85810	3
3743	3
45717	3
91369	3
47936	3
12711	3
99770	3
86636	3
179	3
5819	3
18598	3
8325	3
46088	3
1013	3
24105	3
72487	3
10228	3
73222	3
51089	3
88824	3
71119	3
95994	3
6471	3
53543	3
78835	3
25579	3
9599	3
8775	3
97968	3
99708	3
51031	3
80784	3
90698	3
94788	3
20441	3
77687	3
92658	3
68437	3
99579	3
25031	3
86175	3
99687	3
4150	3
96944	3
43172	3
36882	3
15015	3
14907	3
20265	3
89252	3
15073	3
83702	3
81054	3
35456	3
83956	3
3182	3
15051	3
42177	3
12501	3
8939	3
25523	3
8667	3
5298	3
76091	3
45146	3
78988	3
68111	3
66926	3
48484	3
29737	3
14090	3
54558	3
10741	3
20316	3
37262	3
45283	3
55737	3
82115	3
46929	3
67829	3
30750	3
93665	3
5464	3
57300	3
16329	3
67370	3
6234	3
53798	3
88984	3
25010	3
75142	3
23777	3
22160	3
41424	3
51828	3
46705	3
94408	3
41629	3
33789	3
2811	3
81473	3
74567	3
69178	3
45553	3
75831	3
55521	3
98186	3
91070	3
59189	3
90958	3
82017	3
1493	3
99174	3
86509	3
92444	3
5522	3
63980	3
8239	3
67445	3
63837	3
54614	3
52536	3
95562	3
57528	3
63988	3
54429	3
86943	3
46425	3
18685	3
77252	3
28529	3
31734	3
81716	3
33042	3
45831	3
80992	3
55378	3
42524	3
29803	3
15283	3
44758	3
53279	3
84803	3
4658	3
29216	3
91595	3
49559	3
74654	3
29671	3
28294	3
79659	3
4015	3
11729	3
50190	3
22080	3
1337	3
63625	3
54039	3
19333	3
40930	3
72595	3
44606	3
5667	3
68138	3
47799	3
69558	3
99409	3
34559	3
5657	3
6581	3
54053	3
10647	3
11299	3
69914	3
98535	3
69257	3
18166	3
51799	3
23117	3
73741	3
85376	3
61323	3
61618	3
78100	3
10988	3
75989	3
51085	3
53348	3
93885	3
33841	3
49246	3
95479	3
66432	3
80888	3
86221	3
64468	3
49362	3
1746	3
13599	3
33324	3
21606	3
36887	3
90142	3
87458	3
94603	3
99683	3
16528	3
23719	3
70955	3
35078	3
44434	3
18004	3
65581	3
2176	3
43097	3
59144	3
56613	3
20136	3
61292	3
37735	3
47668	3
61412	3
21670	3
6863	3
62373	3
68028	3
65228	3
12557	3
36614	3
98211	3
23474	3
82216	3
6859	3
15644	3
22735	3
30590	3
36778	3
68026	3
68350	3
66951	3
79281	3
49279	3
92714	3
76082	3
90107	3
73581	3
51081	3
60613	3
79742	3
1048	3
46047	3
99583	3
2896	3
50348	3
65126	3
5520	3
87238	3
31493	3
63046	3
50561	3
33353	3
45802	3
65317	3
37237	3
94765	3
21799	3
30785	3
48000	3
54170	3
68753	3
94271	3
85760	3
79744	3
34009	3
53835	3
24786	3
82744	3
93976	3
40683	3
25604	3
66816	3
83736	3
91643	3
14712	3
62008	3
27246	3
13782	3
94140	3
29795	3
40156	3
96397	3
89513	3
90304	3
63210	3
2493	3
7817	3
20240	3
62554	3
38667	3
87433	3
92733	3
19827	3
97117	3
83410	3
97946	3
78563	3
12908	3
40714	3
94299	3
44355	3
76232	3
12389	3
48843	3
30449	3
59004	3
92789	3
29409	3
10361	3
94655	3
73799	3
65975	3
73380	3
32788	3
650	3
19833	3
11596	3
73234	3
51149	3
15864	3
84545	3
3081	3
65566	3
48328	3
37783	3
62224	3
47205	3
60497	3
20460	3
98325	3
34447	3
38931	3
96706	3
30040	3
88579	3
44214	3
75495	3
33797	3
90190	3
72566	3
29168	3
69583	3
46817	3
71360	3
78617	3
46626	3
18542	3
92270	3
44106	3
18031	3
33820	3
77924	3
30607	3
41675	3
56881	3
90323	3
57603	3
61140	3
65686	3
52198	3
74353	3
78150	3
85182	3
51610	3
63569	3
78461	3
39807	3
16715	3
72861	3
32531	3
89349	3
46352	3
58122	3
40458	3
82966	3
10100	3
86634	3
94684	3
17114	3
86949	3
59143	3
50944	3
61952	3
25743	3
76477	3
88631	3
10378	3
43840	3
35651	3
9570	3
31327	3
63434	3
84591	3
58502	3
50622	3
95606	3
21228	3
21722	3
82617	3
85245	3
42061	3
7604	3
40305	3
65890	3
8223	3
17778	3
54695	3
5194	3
62583	3
55932	3
67858	3
52212	3
88473	3
11839	3
463	3
84969	3
69307	3
62988	3
24701	3
85455	3
1358	3
1800	3
98184	3
53578	3
536	3
7681	3
77139	3
76240	3
87728	3
80832	3
3328	3
41202	3
18515	3
8040	3
98427	3
42082	3
25164	3
58390	3
47089	3
59648	3
5877	3
61558	3
15086	3
61132	3
53389	3
32822	3
58323	3
56916	3
61919	3
97885	3
5985	3
4590	3
41455	3
19727	3
90960	3
37333	3
62768	3
91253	3
90582	3
40085	3
65948	3
65022	3
32960	3
26995	3
82287	3
67223	3
20105	3
60086	3
68414	3
62990	3
53767	3
5827	3
731	3
36394	3
48725	3
50373	3
83350	3
40116	3
40824	3
61817	3
7104	3
28531	3
59434	3
73857	3
94958	3
69093	3
33515	3
7745	3
69629	3
14585	3
81118	3
48876	3
80591	3
78042	3
67642	3
82061	3
60534	3
48262	3
1989	3
89839	3
81901	3
38113	3
16547	3
59104	3
10693	3
36911	3
69803	3
17998	3
98759	3
75338	3
23013	3
12387	3
33992	3
77629	3
93175	3
16516	3
81353	3
79105	3
50838	3
88055	3
96424	3
36195	3
90387	3
34991	3
64661	3
24711	3
27574	3
31026	3
4088	3
26997	3
4316	3
94406	3
29513	3
64013	3
37671	3
41081	3
91319	3
13328	3
38883	3
17365	3
63997	3
86314	3
62631	3
22241	3
28070	3
41125	3
16414	3
83620	3
69913	3
78993	3
96463	3
48264	3
37034	3
62120	3
7017	3
89662	3
85976	3
2483	3
9765	3
12715	3
55025	3
90277	3
1821	3
13757	3
64080	3
2037	3
71339	3
35979	3
27259	3
20072	3
53506	3
59403	3
78364	3
18386	3
13126	3
99992	3
85816	3
12225	3
76155	3
58008	3
52507	3
37700	3
80375	3
84911	3
59266	3
80556	3
59500	3
7625	3
16165	3
78985	3
22239	3
31744	3
15756	3
94180	3
34395	3
27387	3
88465	3
62334	3
78729	3
73260	3
68522	3
30096	3
74021	3
99060	3
78326	3
17942	3
20904	3
4426	3
47554	3
27790	3
16680	3
84581	3
62859	3
30974	3
14029	3
94624	3
88548	3
10552	3
61757	3
45642	3
45310	3
47560	3
68358	3
94732	3
41731	3
31485	3
20086	3
58940	3
70267	3
91267	3
93177	3
29629	3
30391	3
77278	3
36062	3
54730	3
79032	3
67452	3
83020	3
72107	3
60935	3
57406	3
45669	3
63505	3
35458	3
55602	3
41837	3
41808	3
18649	3
4922	3
6205	3
4997	3
49821	3
36199	3
34	3
46024	3
21579	3
69313	3
46456	3
61755	3
21367	3
82366	3
19673	3
31418	3
49715	3
17697	3
9788	3
92461	3
89596	3
7318	3
13294	3
68875	3
43033	3
5952	3
76346	3
7739	3
63731	3
64138	3
52539	3
7328	3
3587	3
11048	3
49026	3
38555	3
22540	3
48511	3
58253	3
40770	3
36511	3
57657	3
91805	3
69560	3
24655	3
54419	3
57211	3
50276	3
61149	3
94852	3
341	3
47396	3
36008	3
21006	3
25494	3
2782	3
30775	3
20209	3
91066	3
30401	3
175	3
7517	3
57296	3
2728	3
30183	3
76055	3
79819	3
74164	3
32121	3
25047	3
33980	3
83657	3
2319	3
34337	3
88390	3
49443	3
79221	3
25500	3
97092	3
75111	3
34474	3
20956	3
43288	3
49387	3
66143	3
68981	3
73037	3
70386	3
84955	3
73274	3
15156	3
35267	3
97801	3
7650	3
19013	3
87151	3
65610	3
31383	3
42545	3
85291	3
38852	3
41862	3
54087	3
93474	3
32585	3
88552	3
43421	3
57784	3
87099	3
3442	3
54894	3
65701	3
71933	3
83601	3
67721	3
40411	3
13670	3
59094	3
66745	3
55712	3
38987	3
43240	3
15640	3
39319	3
29297	3
36768	3
32446	3
88909	3
97941	3
21035	3
3521	3
30939	3
14826	3
94047	3
74349	3
12115	3
6201	3
53621	3
12335	3
28637	3
22542	3
64958	3
19283	3
88832	3
85922	3
65388	3
20489	3
71227	3
70712	3
28703	3
61381	3
27688	3
88060	3
34852	3
88419	3
41698	3
67210	3
23902	3
87265	3
55409	3
85106	3
28205	3
63127	3
35533	3
39064	3
85299	3
17782	3
10143	3
86393	3
37434	3
73826	3
89679	3
96513	3
60858	3
69716	3
20022	3
32749	3
43230	3
74461	3
76039	3
8443	3
88664	3
2356	3
71111	3
34416	3
60937	3
99438	3
67343	3
65844	3
43481	3
57987	3
75931	3
13614	3
71343	3
29764	3
37596	3
46327	3
97692	3
48893	3
27163	3
16300	3
7648	3
16412	3
79559	3
5518	3
33212	3
67777	3
85947	3
90929	3
77768	3
54780	3
53445	3
4669	3
99000	3
73772	3
37564	3
51573	3
67123	3
54618	3
23985	3
98896	3
68190	3
41578	3
60308	3
23136	3
18802	3
38169	3
63318	3
65153	3
66162	3
58938	3
59706	3
14334	3
22376	3
46049	3
56343	3
77004	3
72182	3
9458	3
30889	3
81369	3
17709	3
72682	3
15017	3
81355	3
52640	3
90528	3
75032	3
29874	3
90794	3
72508	3
8013	3
79648	3
29270	3
20624	3
25851	3
82011	3
99176	3
79225	3
20161	3
13099	3
4858	3
22378	3
30503	3
51581	3
70158	3
72726	3
24012	3
99723	3
8559	3
76398	3
81386	3
50481	3
92500	3
26140	3
76616	3
98105	3
90599	3
94545	3
60125	3
12804	3
89451	3
46794	3
74241	3
72103	3
62664	3
24512	3
74376	3
11274	3
53854	3
42358	3
10776	3
10824	3
53082	3
64717	3
22515	3
78181	3
19810	3
73695	3
82069	3
73444	3
58056	3
94682	3
19584	3
65421	3
64613	3
57364	3
82405	3
94433	3
9757	3
66031	3
56224	3
8594	3
10454	3
3928	3
12032	3
97795	3
59918	3
11338	3
2676	3
56127	3
20275	3
82634	3
99332	3
9174	3
81575	3
28859	3
90522	3
83456	3
25720	3
97748	3
33183	3
85982	3
94811	3
20439	3
97908	3
1007	3
38441	3
81934	3
8262	3
81305	3
2454	3
47122	3
74127	3
13238	3
59073	3
31738	3
26598	3
44220	3
2257	3
65591	3
30094	3
46429	3
69664	3
63617	3
44660	3
32101	3
95392	3
91728	3
28572	3
90148	3
8638	3
17971	3
95677	3
56320	3
24755	3
35896	3
65925	3
35954	3
14199	3
314	3
70708	3
59818	3
68763	3
38831	3
30015	3
76647	3
96542	3
27607	3
15260	3
92004	3
53107	3
11964	3
42005	3
10006	3
38358	3
94898	3
72753	3
22486	3
95531	3
29027	3
10357	3
93092	3
47249	3
59978	3
18770	3
12877	3
85961	3
53551	3
94383	3
48650	3
42924	3
29903	3
95780	3
5761	3
15414	3
95766	3
72593	3
27742	3
7056	3
26494	3
42771	3
53356	3
68022	3
24981	3
3851	3
85914	3
1497	3
65973	3
69689	3
3484	3
39072	3
86003	3
27507	3
64381	3
47328	3
33727	3
16252	3
14506	3
19420	3
73633	3
74708	3
67775	3
14114	3
6674	3
84363	3
22104	3
68933	3
40519	3
88178	3
6014	3
54703	3
65049	3
25020	3
35072	3
12719	3
30476	3
33760	3
31439	3
32838	3
25575	3
80008	3
43701	3
40220	3
77226	3
46257	3
13958	3
3820	3
82889	3
56721	3
13830	3
3876	3
49223	3
84631	3
21965	3
51417	3
41646	3
1383	3
397	3
69556	3
73027	3
91147	3
77029	3
93123	3
25195	3
74735	3
918	3
77822	3
7845	3
37166	3
39647	3
9705	3
31541	3
71879	3
85571	3
58631	3
76099	3
81463	3
53343	3
14469	3
60173	3
55870	3
29448	3
38601	3
80479	3
75441	3
3733	3
51249	3
92222	3
90221	3
43720	3
36338	3
36822	3
22882	3
57576	3
16591	3
32670	3
76811	3
52667	3
53614	3
37949	3
41806	3
34075	3
43539	3
48349	3
87514	3
93042	3
77610	3
19721	3
96525	3
83661	3
11462	3
34748	3
92573	3
38798	3
84828	3
87213	3
46383	3
24734	3
32176	3
28946	3
67455	3
91211	3
63563	3
41893	3
30175	3
90082	3
52179	3
34252	3
37208	3
14386	3
24796	3
66220	3
23088	3
39651	3
15590	3
99826	3
98076	3
31846	3
90551	3
94111	3
47772	3
10637	3
13047	3
60422	3
51390	3
51677	3
31338	3
88498	3
95967	3
40774	3
40143	3
89868	3
78038	3
82258	3
4453	3
53250	3
88720	3
8910	3
6917	3
91508	3
12607	3
37378	3
56432	3
70056	3
56291	3
54985	3
64843	3
51716	3
92743	3
50873	3
74401	3
30335	3
19694	3
40855	3
11700	3
39529	3
92189	3
91585	3
79273	3
86721	3
82358	3
67538	3
7851	3
69695	3
24244	3
55961	3
51496	3
68248	3
42356	3
54643	3
92197	3
37077	3
25504	3
76456	3
86935	3
77818	3
99114	3
70600	3
82644	3
83948	3
24400	3
66467	3
78046	3
36855	3
93725	3
50520	3
3959	3
75235	3
31487	3
56094	3
48816	3
92847	3
97281	3
51492	2
67021	2
3519	2
48104	2
68404	2
70801	2
69813	2
86918	2
60329	2
96405	2
18905	2
72321	2
81164	2
81791	2
93208	2
95055	2
19252	2
21739	2
47033	2
40376	2
8246	2
72092	2
5527	2
37698	2
18054	2
93530	2
81494	2
88027	2
24161	2
102	2
69365	2
72099	2
1400	2
31271	2
5401	2
3145	2
99379	2
86719	2
58500	2
79680	2
505	2
80699	2
35439	2
89789	2
23717	2
46481	2
1005	2
10558	2
55032	2
96538	2
2080	2
22177	2
78713	2
52513	2
35496	2
48326	2
44079	2
63632	2
95199	2
56690	2
66332	2
35400	2
11436	2
36041	2
77443	2
28290	2
74239	2
31985	2
12727	2
24323	2
95252	2
53819	2
34279	2
18490	2
87093	2
66777	2
61776	2
13338	2
77353	2
31608	2
14279	2
33403	2
20281	2
45167	2
87539	2
70540	2
63818	2
2388	2
71487	2
35572	2
53378	2
25299	2
40467	2
54962	2
95693	2
26783	2
22938	2
24599	2
42572	2
54209	2
37220	2
70980	2
24057	2
20730	2
94489	2
28451	2
16183	2
26661	2
12578	2
3938	2
48111	2
35597	2
38869	2
92521	2
92328	2
86426	2
31941	2
99909	2
6925	2
65151	2
51878	2
57391	2
16092	2
32637	2
74168	2
71711	2
21155	2
81029	2
83053	2
86493	2
27351	2
44812	2
61375	2
50151	2
55046	2
59393	2
44876	2
61157	2
9958	2
55714	2
9481	2
99199	2
45294	2
49768	2
35128	2
36878	2
37179	2
43807	2
48864	2
53169	2
53479	2
44775	2
68341	2
97258	2
43855	2
36924	2
13460	2
5080	2
29363	2
57159	2
67023	2
7185	2
71406	2
8391	2
35724	2
43936	2
51708	2
85109	2
31103	2
43066	2
94896	2
94448	2
34148	2
45864	2
2633	2
94190	2
31	2
67754	2
61452	2
73807	2
41706	2
408	2
1547	2
86378	2
38302	2
33922	2
95560	2
94873	2
23086	2
8194	2
25960	2
8673	2
59299	2
9075	2
86229	2
2292	2
39595	2
15368	2
98400	2
71555	2
78220	2
96694	2
25654	2
89037	2
92693	2
96546	2
99112	2
98530	2
52015	2
82285	2
56285	2
27981	2
34669	2
33409	2
6703	2
76126	2
9813	2
10434	2
13375	2
62211	2
3487	2
91006	2
45322	2
91349	2
28874	2
80732	2
71841	2
58797	2
46697	2
21701	2
69070	2
91612	2
2711	2
29353	2
45914	2
42053	2
91949	2
13479	2
88199	2
21564	2
16206	2
52835	2
26953	2
89212	2
5126	2
14026	2
77882	2
854	2
56069	2
58475	2
58104	2
19678	2
39344	2
51580	2
9135	2
32286	2
95774	2
2391	2
81135	2
70984	2
81257	2
79356	2
36961	2
23729	2
45482	2
99749	2
91514	2
63797	2
80748	2
3550	2
72217	2
25525	2
85756	2
97235	2
65666	2
30951	2
82690	2
47556	2
20431	2
52808	2
61030	2
2308	2
32201	2
84699	2
54340	2
67632	2
65234	2
24437	2
9176	2
15613	2
33777	2
83823	2
51658	2
49025	2
51190	2
34310	2
76353	2
80876	2
75402	2
45690	2
64852	2
33359	2
61354	2
51791	2
84280	2
68956	2
99944	2
63891	2
9300	2
15079	2
29214	2
24265	2
51911	2
34745	2
10967	2
82210	2
14315	2
53867	2
95373	2
29654	2
67530	2
72128	2
62525	2
24113	2
266	2
6282	2
96602	2
13493	2
24387	2
94276	2
28041	2
52233	2
91913	2
81471	2
88175	2
39311	2
99998	2
31792	2
33729	2
95253	2
55135	2
64341	2
67534	2
14745	2
76979	2
5163	2
99056	2
17803	2
73520	2
3048	2
82822	2
30858	2
98795	2
10105	2
83908	2
3507	2
56752	2
42325	2
37955	2
6896	2
89580	2
5111	2
11302	2
90271	2
86069	2
32857	2
22247	2
86702	2
12624	2
35440	2
71754	2
49584	2
55660	2
38935	2
25527	2
44008	2
59166	2
89693	2
37868	2
64518	2
54838	2
8672	2
63897	2
88388	2
14820	2
85316	2
38312	2
86988	2
71528	2
59688	2
97364	2
76611	2
10834	2
89297	2
49024	2
99578	2
93018	2
50975	2
33897	2
96156	2
5981	2
43452	2
23219	2
68295	2
90781	2
97996	2
66291	2
72130	2
55953	2
84247	2
97478	2
26212	2
31790	2
97684	2
83217	2
63918	2
53645	2
43570	2
56592	2
35875	2
38796	2
43793	2
79708	2
21477	2
1213	2
23040	2
99693	2
29384	2
85809	2
58172	2
81411	2
934	2
44705	2
71667	2
94426	2
85216	2
55485	2
41368	2
93812	2
85014	2
60769	2
44303	2
41532	2
57105	2
49655	2
50042	2
36743	2
82734	2
99002	2
61981	2
18058	2
85276	2
61477	2
10112	2
41723	2
74158	2
49560	2
8567	2
66691	2
4304	2
97406	2
56399	2
51720	2
74850	2
84704	2
69396	2
20159	2
75547	2
91977	2
34814	2
33339	2
800	2
41131	2
68053	2
47837	2
77511	2
36818	2
33469	2
30667	2
43808	2
77119	2
99390	2
44067	2
87434	2
72869	2
7903	2
86246	2
2736	2
96519	2
50705	2
25675	2
4422	2
24448	2
87768	2
24285	2
52171	2
17494	2
2561	2
23237	2
7488	2
8271	2
40873	2
82916	2
17015	2
33623	2
1161	2
93491	2
56104	2
92554	2
10608	2
6780	2
73836	2
31022	2
6452	2
73602	2
4906	2
37293	2
52312	2
29515	2
34557	2
74673	2
76678	2
97304	2
14689	2
71520	2
76068	2
45652	2
83514	2
21255	2
37405	2
74571	2
5568	2
83567	2
20030	2
69645	2
11849	2
34671	2
87211	2
52273	2
81189	2
47608	2
14407	2
64146	2
90819	2
87612	2
66859	2
34275	2
91317	2
56688	2
32441	2
65969	2
51560	2
56659	2
94020	2
54360	2
79134	2
39381	2
50099	2
49447	2
84882	2
11762	2
90605	2
97933	2
70137	2
73641	2
21971	2
426	2
69397	2
71431	2
45854	2
30935	2
21502	2
42153	2
3811	2
35007	2
28485	2
96351	2
2784	2
7878	2
66477	2
28093	2
26430	2
51244	2
44926	2
45618	2
28450	2
25352	2
90709	2
17639	2
98867	2
60449	2
93847	2
42540	2
5082	2
99886	2
25298	2
53294	2
74808	2
31445	2
43120	2
65793	2
89583	2
31886	2
95857	2
37131	2
51322	2
53803	2
7972	2
67943	2
77308	2
50336	2
6496	2
9365	2
30118	2
70552	2
69016	2
78841	2
51693	2
38775	2
94236	2
21876	2
5358	2
62587	2
52193	2
19605	2
88735	2
46692	2
21081	2
70002	2
5186	2
6423	2
23036	2
65537	2
64663	2
56864	2
26045	2
70068	2
88710	2
26815	2
44213	2
65856	2
64966	2
11613	2
52289	2
20346	2
90755	2
20923	2
74914	2
608	2
39944	2
93291	2
39724	2
88600	2
89482	2
66195	2
63982	2
7073	2
53624	2
21201	2
48791	2
73361	2
39232	2
35215	2
94846	2
38928	2
35124	2
85075	2
21448	2
62493	2
35151	2
30540	2
15747	2
81216	2
51896	2
72649	2
92799	2
44357	2
65288	2
37443	2
23626	2
48099	2
88037	2
62228	2
60860	2
40476	2
14353	2
18334	2
64665	2
59096	2
23190	2
85449	2
81133	2
1060	2
64435	2
853	2
13967	2
50618	2
95552	2
66785	2
27974	2
48727	2
10118	2
42045	2
5285	2
98599	2
89872	2
41055	2
61504	2
26558	2
28506	2
10110	2
13861	2
99739	2
36280	2
57447	2
64825	2
9437	2
84496	2
51109	2
82145	2
88247	2
98919	2
27613	2
81252	2
79759	2
68498	2
65386	2
40863	2
26455	2
30351	2
76917	2
8937	2
71196	2
72064	2
37706	2
64796	2
38476	2
3903	2
24188	2
98971	2
5715	2
67974	2
57701	2
58914	2
20165	2
32666	2
88851	2
25718	2
40905	2
66494	2
19696	2
29741	2
49862	2
74488	2
97429	2
12171	2
98262	2
54236	2
95002	2
52959	2
2097	2
96791	2
19097	2
61581	2
57811	2
97333	2
36913	2
3058	2
54423	2
70742	2
95911	2
11025	2
87892	2
89812	2
46386	2
99378	2
47769	2
61454	2
43579	2
41919	2
83294	2
82098	2
10613	2
20709	2
82719	2
30646	2
8750	2
25874	2
72821	2
91678	2
62548	2
56725	2
4283	2
22858	2
85515	2
65466	2
3828	2
23422	2
83041	2
11540	2
62909	2
7898	2
80180	2
87079	2
21394	2
91309	2
65917	2
7656	2
32054	2
40113	2
26702	2
26729	2
77031	2
4846	2
42464	2
93829	2
27302	2
36261	2
86155	2
14434	2
30252	2
72902	2
91714	2
87182	2
92077	2
71225	2
60331	2
7818	2
73550	2
9246	2
44251	2
8208	2
39366	2
81409	2
19646	2
11899	2
38991	2
13623	2
41540	2
76407	2
42244	2
9653	2
63534	2
34323	2
20109	2
26554	2
58691	2
30505	2
81646	2
37025	2
64902	2
49090	2
78891	2
11918	2
31226	2
88193	2
66903	2
20981	2
56532	2
82478	2
80731	2
77249	2
10473	2
36035	2
94096	2
51159	2
43369	2
72798	2
33540	2
90377	2
1567	2
64817	2
57113	2
573	2
77604	2
93494	2
38340	2
41287	2
50117	2
90196	2
60638	2
75337	2
19746	2
92365	2
65128	2
2869	2
49914	2
96077	2
53618	2
41590	2
65271	2
32321	2
2512	2
91246	2
68624	2
47334	2
48059	2
12673	2
87400	2
50593	2
25141	2
20541	2
82800	2
14244	2
73394	2
21822	2
37993	2
82451	2
6477	2
34775	2
39872	2
17556	2
34777	2
55944	2
84228	2
89480	2
41918	2
83424	2
93895	2
29930	2
84832	2
5157	2
34360	2
81378	2
45447	2
54058	2
69371	2
17563	2
1570	2
7515	2
7980	2
399	2
87834	2
35319	2
78702	2
11266	2
54261	2
94678	2
92429	2
37712	2
17043	2
65308	2
87240	2
50487	2
69938	2
77197	2
14938	2
39077	2
26202	2
3035	2
95326	2
51367	2
59384	2
58382	2
56476	2
9379	2
41490	2
39081	2
82341	2
68107	2
24887	2
59924	2
19038	2
52185	2
33513	2
14710	2
49987	2
17747	2
70488	2
71991	2
69747	2
35022	2
60358	2
57616	2
53111	2
54433	2
89049	2
77909	2
48179	2
17948	2
32863	2
80207	2
90215	2
52675	2
61516	2
2180	2
39101	2
7319	2
56964	2
88044	2
31184	2
80068	2
24788	2
72950	2
50541	2
80946	2
39440	2
49603	2
57601	2
93104	2
51139	2
63150	2
49470	2
41370	2
98763	2
86362	2
51855	2
18949	2
98711	2
67449	2
60163	2
1619	2
808	2
39907	2
61620	2
91425	2
52013	2
43270	2
90804	2
22843	2
84481	2
8916	2
20015	2
98832	2
83269	2
14051	2
561	2
54975	2
56230	2
602	2
43485	2
32085	2
57827	2
65330	2
77135	2
47803	2
18266	2
46391	2
69701	2
53846	2
84647	2
35294	2
16738	2
33093	2
16117	2
79090	2
25242	2
78376	2
61460	2
66464	2
82212	2
97069	2
67127	2
17799	2
82005	2
79905	2
72719	2
47832	2
79736	2
50670	2
8372	2
62307	2
78082	2
92737	2
98927	2
26150	2
52502	2
31990	2
27412	2
89671	2
5640	2
82902	2
59868	2
99670	2
88112	2
37081	2
86746	2
41694	2
7546	2
26473	2
54286	2
40598	2
55185	2
86007	2
26605	2
42327	2
76483	2
84172	2
63522	2
90858	2
27939	2
70959	2
90016	2
82125	2
30760	2
47973	2
58990	2
70824	2
83109	2
6772	2
3413	2
67202	2
90177	2
64350	2
2201	2
75321	2
40010	2
3203	2
34418	2
37532	2
47805	2
84535	2
34040	2
23593	2
32060	2
63336	2
60924	2
5267	2
10369	2
42723	2
95126	2
60827	2
43439	2
69666	2
96793	2
54583	2
28693	2
2699	2
54585	2
6911	2
89152	2
83792	2
14249	2
14940	2
82219	2
24132	2
85210	2
7657	2
74214	2
40270	2
33320	2
38005	2
10268	2
9933	2
56748	2
16103	2
12688	2
77623	2
62523	2
17259	2
80936	2
95463	2
95091	2
7443	2
81961	2
19702	2
40455	2
50406	2
47336	2
50566	2
41760	2
19042	2
85550	2
2047	2
8760	2
53023	2
39419	2
85131	2
55708	2
24672	2
9694	2
77240	2
25557	2
38356	2
25419	2
58276	2
79443	2
14583	2
95267	2
57442	2
98948	2
5929	2
93492	2
71350	2
53015	2
9567	2
3461	2
12816	2
29573	2
57302	2
9340	2
79534	2
29834	2
16122	2
99048	2
42882	2
74322	2
19769	2
88635	2
93752	2
87247	2
32197	2
35313	2
53408	2
52178	2
18046	2
41241	2
66872	2
50149	2
77145	2
90084	2
11708	2
26810	2
42902	2
9954	2
24008	2
7019	2
13470	2
38254	2
17501	2
6805	2
88081	2
17255	2
55637	2
76834	2
27173	2
95415	2
95197	2
84521	2
2599	2
71698	2
9325	2
77797	2
5840	2
74302	2
38561	2
6612	2
96764	2
4206	2
99733	2
37474	2
36853	2
26994	2
14166	2
12943	2
14685	2
65226	2
9136	2
49385	2
2913	2
65217	2
6094	2
26019	2
47010	2
26257	2
95371	2
1277	2
79198	2
46790	2
24551	2
87157	2
97569	2
13483	2
30131	2
11152	2
48467	2
68543	2
56181	2
6961	2
43261	2
67270	2
22508	2
85872	2
40365	2
31563	2
30092	2
55370	2
60337	2
13695	2
66756	2
90055	2
88214	2
59723	2
6919	2
84913	2
78432	2
74258	2
22893	2
72171	2
98771	2
67594	2
91164	2
64331	2
845	2
20676	2
52098	2
56802	2
46896	2
70951	2
28458	2
69458	2
9790	2
96849	2
97993	2
10533	2
97079	2
35615	2
55573	2
96589	2
38829	2
6108	2
29940	2
63732	2
10034	2
30346	2
9593	2
82609	2
4843	2
26044	2
29986	2
19026	2
57327	2
35016	2
48847	2
25818	2
33635	2
16385	2
35975	2
96374	2
93067	2
69770	2
86829	2
54790	2
24983	2
67839	2
53923	2
53685	2
26989	2
65417	2
11528	2
62083	2
77841	2
12445	2
588	2
10764	2
99419	2
25133	2
1107	2
89622	2
47579	2
19638	2
71003	2
42705	2
57940	2
35103	2
10041	2
37592	2
1177	2
53784	2
77990	2
2601	2
93563	2
66299	2
31304	2
58281	2
37756	2
40052	2
65218	2
84840	2
54417	2
20269	2
61775	2
15150	2
10185	2
55421	2
13915	2
3411	2
78152	2
20796	2
89364	2
36448	2
51415	2
29517	2
91214	2
69340	2
7081	2
39323	2
74081	2
6749	2
17234	2
93198	2
97596	2
4750	2
11891	2
80346	2
95612	2
75221	2
96895	2
20355	2
15818	2
51195	2
46609	2
7101	2
12063	2
38300	2
38553	2
44726	2
82059	2
99596	2
6776	2
58039	2
16584	2
89320	2
27061	2
53503	2
73224	2
99593	2
63922	2
10054	2
25926	2
28583	2
3013	2
40398	2
18272	2
24300	2
92440	2
48991	2
7899	2
25513	2
17834	2
24836	2
10417	2
8086	2
57199	2
46734	2
83074	2
71167	2
17755	2
98487	2
98483	2
36228	2
48011	2
93397	2
27258	2
47614	2
33285	2
12233	2
88240	2
12532	2
10460	2
74755	2
38068	2
22631	2
50614	2
73197	2
82483	2
8887	2
95149	2
5172	2
54174	2
21234	2
12279	2
9707	2
70567	2
39715	2
35734	2
71526	2
65487	2
80124	2
10448	2
25052	2
53256	2
54753	2
99372	2
58280	2
37527	2
92285	2
57595	2
51264	2
19202	2
98002	2
32035	2
41349	2
37011	2
56027	2
61769	2
43396	2
8685	2
93204	2
79075	2
37569	2
78733	2
18450	2
98	2
67072	2
72647	2
19010	2
31072	2
41345	2
87303	2
30719	2
32311	2
9010	2
42746	2
41538	2
72564	2
3079	2
41800	2
60493	2
88069	2
46026	2
47147	2
17120	2
87532	2
84317	2
11785	2
55348	2
621	2
35132	2
21834	2
72919	2
75856	2
30511	2
95863	2
29971	2
58755	2
29868	2
23849	2
96737	2
75007	2
89840	2
72091	2
74734	2
43915	2
70874	2
88529	2
71584	2
61361	2
5217	2
77934	2
47085	2
60738	2
1302	2
68381	2
93329	2
54809	2
81143	2
56134	2
92234	2
54355	2
34850	2
3218	2
65033	2
85786	2
59891	2
26731	2
41237	2
23198	2
30343	2
30314	2
32253	2
72819	2
70048	2
99398	2
85864	2
94435	2
17894	2
617	2
32797	2
82175	2
95056	2
49271	2
91314	2
43301	2
71156	2
35491	2
56376	2
6502	2
51060	2
87643	2
44137	2
37202	2
75676	2
43456	2
94786	2
18493	2
93619	2
3398	2
35547	2
85027	2
20381	2
82640	2
80508	2
97806	2
80668	2
1151	2
67302	2
37214	2
3577	2
57564	2
60756	2
65232	2
61730	2
5323	2
4059	2
18955	2
73765	2
8445	2
92820	2
33314	2
53910	2
25526	2
82474	2
14160	2
97414	2
17923	2
30551	2
88797	2
60063	2
54550	2
46540	2
76400	2
28759	2
4497	2
65992	2
31319	2
77110	2
28481	2
23497	2
62830	2
59741	2
73450	2
94838	2
78775	2
67351	2
55604	2
2124	2
19628	2
31873	2
83951	2
12946	2
42109	2
35538	2
94222	2
60528	2
36610	2
81455	2
21755	2
28620	2
41117	2
60339	2
49227	2
54987	2
1422	2
48395	2
30660	2
9493	2
59102	2
14795	2
42634	2
65211	2
2952	2
76493	2
52594	2
39634	2
33162	2
2076	2
51973	2
55314	2
82724	2
3434	2
44228	2
75192	2
95942	2
3961	2
32589	2
15565	2
40243	2
43325	2
14465	2
60715	2
50790	2
49661	2
52997	2
95290	2
70047	2
41098	2
24341	2
41299	2
54604	2
29947	2
17334	2
30743	2
25606	2
45670	2
15974	2
23773	2
5902	2
67316	2
96672	2
44002	2
55864	2
79661	2
59931	2
24917	2
17263	2
92247	2
11171	2
47633	2
7332	2
3496	2
9969	2
14968	2
68705	2
71599	2
50570	2
35228	2
19198	2
16053	2
55703	2
36114	2
57404	2
92399	2
81641	2
48519	2
52012	2
59214	2
87078	2
67468	2
14923	2
46695	2
64445	2
40361	2
59953	2
55382	2
23300	2
85559	2
3469	2
22351	2
44782	2
64134	2
38848	2
95886	2
3429	2
10087	2
62280	2
97837	2
35578	2
58647	2
76184	2
96730	2
62428	2
29102	2
44841	2
27726	2
98408	2
91441	2
25274	2
20678	2
40482	2
53252	2
37016	2
98694	2
71368	2
14218	2
68677	2
8723	2
21496	2
5870	2
24191	2
51205	2
864	2
6149	2
34831	2
23387	2
10166	2
78530	2
88080	2
27717	2
34341	2
47940	2
45580	2
20379	2
11764	2
71249	2
85646	2
26125	2
68773	2
9938	2
82555	2
72734	2
94859	2
95581	2
52530	2
19744	2
4970	2
9138	2
57720	2
235	2
62708	2
96243	2
95417	2
91172	2
17394	2
48320	2
57755	2
55525	2
37276	2
54599	2
83381	2
67567	2
37066	2
89748	2
56046	2
40433	2
5545	2
79252	2
46710	2
5921	2
47751	2
16574	2
51245	2
38270	2
4974	2
67233	2
85084	2
26638	2
74557	2
360	2
52687	2
88936	2
72285	2
69641	2
44272	2
1086	2
75638	2
37669	2
47942	2
99307	2
73874	2
81282	2
86895	2
17533	2
882	2
91499	2
14058	2
25064	2
63249	2
93225	2
98024	2
85928	2
27806	2
47083	2
88488	2
56385	2
55650	2
43020	2
24315	2
3520	2
9585	2
75680	2
66561	2
23522	2
72181	2
42311	2
75711	2
73285	2
50721	2
68825	2
17355	2
47859	2
60854	2
74166	2
89511	2
55542	2
58062	2
81311	2
19061	2
43223	2
6861	2
14056	2
76315	2
78311	2
57970	2
88867	2
78022	2
26532	2
52320	2
37123	2
28011	2
75962	2
91338	2
74451	2
47405	2
93916	2
52645	2
67417	2
71074	2
68575	2
41233	2
99411	2
5105	2
79352	2
48476	2
25637	2
74591	2
70785	2
11898	2
25459	2
73913	2
12275	2
53979	2
9614	2
45399	2
93700	2
82735	2
47407	2
32761	2
11376	2
71887	2
70417	2
15102	2
45499	2
73940	2
40640	2
61680	2
21720	2
78426	2
36941	2
43648	2
94269	2
46652	2
24404	2
43832	2
77195	2
14936	2
99764	2
71395	2
75900	2
78019	2
60640	2
4609	2
42732	2
37426	2
59748	2
97355	2
2971	2
85731	2
93536	2
2236	2
30756	2
22548	2
42581	2
58855	2
90578	2
90653	2
11235	2
47774	2
84491	2
75628	2
48559	2
60684	2
13711	2
35742	2
44955	2
16468	2
8893	2
69066	2
91039	2
52619	2
70924	2
15237	2
28645	2
57280	2
71234	2
29558	2
23323	2
44814	2
89978	2
77500	2
42171	2
14486	2
22567	2
32282	2
69884	2
24765	2
56696	2
73085	2
10374	2
43859	2
74520	2
77129	2
14299	2
20591	2
73070	2
75325	2
13066	2
53499	2
50027	2
55749	2
89459	2
17548	2
48814	2
64312	2
57935	2
97009	2
39010	2
3498	2
17562	2
17268	2
25934	2
16084	2
68767	2
59210	2
27443	2
31572	2
63478	2
52727	2
42466	2
17704	2
19177	2
12652	2
1835	2
64088	2
62305	2
3384	2
36740	2
64557	2
12723	2
78206	2
74982	2
13387	2
26085	2
13296	2
63973	2
68146	2
45082	2
3527	2
49553	2
91596	2
67241	2
86005	2
58411	2
20089	2
60665	2
32118	2
1576	2
6085	2
83105	2
46367	2
27338	2
11354	2
66899	2
4640	2
22071	2
64726	2
10527	2
33413	2
96953	2
29864	2
86341	2
34457	2
33613	2
33372	2
31579	2
89916	2
88959	2
24217	2
88674	2
79717	2
86816	2
96957	2
32417	2
58643	2
18079	2
67972	2
86167	2
11835	2
7191	2
78893	2
71275	2
27657	2
33100	2
37367	2
16904	2
99212	2
92224	2
93877	2
55293	2
10423	2
95247	2
87398	2
5190	2
49626	2
87373	2
56061	2
21247	2
20568	2
31618	2
40131	2
74266	2
78314	2
74833	2
54701	2
93972	2
2549	2
55361	2
78868	2
30897	2
72940	2
49740	2
54674	2
96095	2
65560	2
44100	2
82502	2
37210	2
99089	2
24566	2
52703	2
24417	2
76371	2
72750	2
3357	2
85268	2
90748	2
76203	2
25118	2
78780	2
51762	2
66762	2
99812	2
96137	2
97532	2
38686	2
77373	2
7235	2
69749	2
8154	2
13446	2
1844	2
6862	2
86416	2
48799	2
50294	2
81272	2
61033	2
11410	2
84691	2
26939	2
52916	2
44208	2
11117	2
17143	2
71611	2
45266	2
84932	2
50986	2
73386	2
40833	2
10861	2
73120	2
86358	2
4254	2
53254	2
40372	2
41530	2
34903	2
2944	2
65429	2
93783	2
16654	2
99795	2
1561	2
63291	2
70413	2
79026	2
7901	2
17151	2
72298	2
22501	2
10888	2
64007	2
40321	2
93449	2
65879	2
87815	2
52673	2
63511	2
16787	2
21172	2
62264	2
4511	2
17691	2
39618	2
88940	2
152	2
93644	2
95305	2
24373	2
82490	2
7977	2
38360	2
83570	2
5551	2
45202	2
18129	2
35055	2
34144	2
40984	2
92492	2
70897	2
71516	2
38929	2
66353	2
68194	2
76579	2
33224	2
37573	2
23702	2
79869	2
50985	2
74037	2
81131	2
4551	2
23038	2
19306	2
34584	2
79840	2
44683	2
55349	2
65229	2
19316	2
89727	2
35383	2
25110	2
61377	2
4663	2
7052	2
70189	2
39865	2
11484	2
52990	2
92164	2
78849	2
1115	2
97964	2
67638	2
77494	2
46454	2
52005	2
52125	2
47963	2
12400	2
57705	2
30605	2
8899	2
57429	2
20883	2
47280	2
63870	2
9552	2
80782	2
29013	2
97727	2
39088	2
71806	2
97011	2
2396	2
95016	2
57155	2
7507	2
54211	2
71749	2
34503	2
64746	2
26316	2
80369	2
75574	2
85355	2
57674	2
95008	2
10290	2
28199	2
76894	2
85870	2
4314	2
62096	2
75952	2
13259	2
58311	2
81276	2
42792	2
49788	2
91794	2
20848	2
18820	2
91257	2
15301	2
86902	2
20053	2
78671	2
47637	2
39530	2
24481	2
81573	2
80031	2
73639	2
88232	2
87586	2
870	2
13892	2
44299	2
8767	2
77662	2
55858	2
38244	2
58504	2
13640	2
75700	2
63202	2
16800	2
13373	2
33702	2
34663	2
41833	2
57400	2
76018	2
48507	2
90550	2
741	2
34505	2
26351	2
60113	2
49458	2
64333	2
83647	2
11461	2
3114	2
87200	2
11998	2
44342	2
38901	2
41619	2
35543	2
78834	2
81228	2
54371	2
55793	2
53811	2
76069	2
82036	2
50299	2
55625	2
8256	2
47296	2
41887	2
76305	2
15940	2
8914	2
6618	2
68877	2
3168	2
65427	2
60599	2
82470	2
96241	2
16169	2
4048	2
70069	2
50315	2
74955	2
37980	2
68570	2
45370	2
37833	2
5198	2
19021	2
31742	2
43647	2
77384	2
18675	2
73102	2
72510	2
26959	2
19190	2
84867	2
9192	2
18117	2
28890	2
80475	2
33189	2
80670	2
23966	2
78846	2
55413	2
52644	2
24264	2
36735	2
24811	2
47373	2
8648	2
82873	2
80867	2
21369	2
14126	2
85206	2
85857	2
40982	2
23749	2
83427	2
92544	2
49287	2
22422	2
1730	2
15999	2
22052	2
25880	2
82281	2
43756	2
1713	2
61520	2
39233	2
19534	2
22370	2
66591	2
47279	2
60910	2
49829	2
11691	2
7943	2
97835	2
88002	2
26364	2
71312	2
29980	2
42852	2
23617	2
61765	2
13026	2
94167	2
7264	2
68304	2
92860	2
55268	2
80496	2
10008	2
18021	2
80246	2
61934	2
25255	2
54338	2
78266	2
87674	2
40726	2
11187	2
79395	2
67995	2
83040	2
56569	2
31464	2
79537	2
23979	2
669	2
93286	2
76306	2
34800	2
32849	2
59137	2
33743	2
17218	2
46400	2
95919	2
35435	2
43944	2
64993	2
34420	2
60617	2
59733	2
23468	2
77407	2
79364	2
30800	2
70957	2
8727	2
2672	2
55478	2
74017	2
26262	2
75306	2
3679	2
99790	2
17193	2
76218	2
30287	2
3858	2
77963	2
5024	2
58948	2
65201	2
58	2
23695	2
78405	2
20516	2
61485	2
76194	2
26949	2
70436	2
74876	2
8659	2
8370	2
79385	2
65095	2
88646	2
68211	2
67901	2
56831	2
45887	2
87930	2
76829	2
20524	2
35323	2
74397	2
33125	2
75684	2
90165	2
28838	2
90659	2
59922	2
91097	2
6573	2
40199	2
20354	2
23873	2
9126	2
70289	2
81938	2
24605	2
17772	2
4218	2
98944	2
90856	2
9588	2
83159	2
8972	2
93058	2
22494	2
59814	2
36194	2
94318	2
92581	2
65884	2
90885	2
12352	2
57856	2
80170	2
91564	2
17523	2
11650	2
50213	2
91201	2
46317	2
17616	2
58585	2
69602	2
21552	2
93893	2
2749	2
73909	2
96976	2
97995	2
19922	2
42842	2
11816	2
18618	2
24444	2
70264	2
10778	2
3691	2
66996	2
61987	2
75217	2
61589	2
83441	2
28396	2
87570	2
77297	2
895	2
52799	2
16674	2
88162	2
53319	2
44708	2
17807	2
84033	2
54805	2
54941	2
84483	2
88641	2
944	2
42987	2
87037	2
6620	2
34717	2
76653	2
8389	2
78256	2
95915	2
73882	2
27099	2
83157	2
13911	2
14226	2
39103	2
87813	2
76485	2
23476	2
18201	2
28022	2
49952	2
68545	2
24778	2
56453	2
69228	2
24321	2
55762	2
59158	2
62957	2
71181	2
4397	2
56088	2
35423	2
79779	2
31739	2
31514	2
45945	2
69537	2
86580	2
35672	2
5026	2
10496	2
81075	2
71335	2
68105	2
19221	2
55137	2
98672	2
75180	2
39757	2
11658	2
38252	2
90848	2
83179	2
5107	2
98199	2
33910	2
40202	2
8202	2
49361	2
39228	2
3907	2
86597	2
15592	2
67482	2
75260	2
61647	2
95726	2
68435	2
36660	2
8993	2
97561	2
13475	2
32402	2
89855	2
69282	2
48529	2
72986	2
64985	2
86831	2
38956	2
93957	2
20792	2
9158	2
27482	2
15349	2
38904	2
2963	2
75132	2
79686	2
97081	2
12995	2
29199	2
28676	2
76676	2
41480	2
41864	2
65891	2
93254	2
192	2
6041	2
6690	2
46976	2
75939	2
95722	2
13680	2
96102	2
22330	2
61508	2
57412	2
35279	2
53966	2
67077	2
61528	2
52325	2
59218	2
39263	2
77697	2
96320	2
97822	2
73332	2
78043	2
86541	2
13531	2
52876	2
85920	2
21950	2
21602	2
14158	2
92517	2
3083	2
91556	2
57877	2
57148	2
80737	2
17863	2
88639	2
13161	2
34914	2
76856	2
7048	2
68820	2
67787	2
20991	2
51357	2
59046	2
25469	2
41638	2
79591	2
4553	2
84427	2
72873	2
8250	2
96185	2
94279	2
33273	2
793	2
92791	2
93154	2
41341	2
83215	2
96905	2
59866	2
54232	2
64505	2
39701	2
60705	2
2279	2
59539	2
91278	2
55990	2
2484	2
46217	2
98033	2
5807	2
61369	2
34491	2
72209	2
13282	2
69546	2
88779	2
90279	2
17620	2
24208	2
49245	2
36045	2
14118	2
4725	2
55357	2
95990	2
59050	2
84384	2
12497	2
46792	2
62743	2
54230	2
34563	2
73873	2
57719	2
18511	2
25331	2
4802	2
22696	2
64202	2
68931	2
71219	2
80662	2
15534	2
53823	2
77793	2
41650	2
65313	2
79435	2
52204	2
21699	2
28429	2
64634	2
65469	2
80612	2
11567	2
45837	2
87343	2
14771	2
27381	2
6628	2
9294	2
45561	2
69965	2
92911	2
1817	2
39325	2
8896	2
49501	2
79433	2
9655	2
21714	2
83973	2
55934	2
28350	2
35842	2
55494	2
4966	2
17282	2
86675	2
53520	2
55122	2
99475	2
36085	2
45585	2
61296	2
50952	2
14612	2
12055	2
82557	2
41672	2
20919	2
18978	2
32973	2
79991	2
77375	2
42670	2
4509	2
66768	2
17423	2
11293	2
58000	2
97777	2
23673	2
98384	2
80635	2
63258	2
53740	2
7855	2
24597	2
84979	2
86856	2
21683	2
36506	2
78012	2
49582	2
61313	2
73801	2
81243	2
29457	2
15424	2
8704	2
77492	2
33492	2
66224	2
8474	2
23878	2
26779	2
21917	2
39979	2
1306	2
71897	2
96658	2
11901	2
12924	2
47203	2
61844	2
83546	2
534	2
93281	2
90464	2
53782	2
71113	2
44584	2
45800	2
42767	2
81671	2
63020	2
78250	2
1416	2
4860	2
34308	2
22661	2
59930	2
48592	2
57713	2
90391	2
53192	2
35539	2
1329	2
64904	2
55081	2
34696	2
34019	2
80149	2
34972	2
67615	2
61896	2
17909	2
92484	2
23578	2
23524	2
21259	2
43349	2
13937	2
93312	2
60389	2
81019	2
39513	2
50844	2
9373	2
8801	2
24096	2
60022	2
53763	2
9825	2
96949	2
60487	2
78561	2
79300	2
28081	2
78146	2
40544	2
37178	2
85108	2
86429	2
66579	2
29030	2
32475	2
94763	2
27819	2
6290	2
17290	2
72043	2
73996	2
95585	2
35765	2
63231	2
15741	2
64272	2
1009	2
56705	2
54081	2
8682	2
40494	2
46973	2
3318	2
66297	2
55477	2
28062	2
16840	2
17130	2
96235	2
85204	2
64649	2
23557	2
13763	2
4771	2
36222	2
13971	2
81218	2
77166	2
81903	2
6080	2
26482	2
38524	2
18897	2
87072	2
16111	2
54332	2
46529	2
65684	2
4046	2
57879	2
55982	2
34036	2
85823	2
5094	2
58604	2
78370	2
47137	2
50153	2
98618	2
57284	2
49742	2
66164	2
97264	2
23379	2
27279	2
20929	2
29767	2
61105	2
98552	2
87161	2
78812	2
5321	2
80101	2
86922	2
60090	2
81557	2
83545	2
89756	2
48376	2
92984	2
64150	2
69589	2
14135	2
69269	2
15588	2
70062	2
41351	2
56764	2
79331	2
15654	2
77847	2
29656	2
77787	2
42869	2
82119	2
14212	2
24622	2
27709	2
18577	2
83572	2
63931	2
57508	2
34150	2
4451	2
81532	2
38655	2
90991	2
24939	2
71951	2
85565	2
34200	2
22252	2
56102	2
39018	2
30547	2
76772	2
65901	2
76452	2
35180	2
65800	2
86553	2
45991	2
95834	2
53667	2
80147	2
54438	2
98372	2
7714	2
20457	2
67308	2
5802	2
38769	2
35868	2
46387	2
4748	2
26567	2
11952	2
48411	2
9794	2
34804	2
93868	2
20788	2
76981	2
52596	2
26636	2
89731	2
78476	2
38632	2
25928	2
4403	2
18147	2
5070	2
17579	2
38877	2
94803	2
56649	2
58016	2
14606	2
12499	2
60556	2
6062	2
95315	2
53742	2
76215	2
94953	2
96357	2
11783	2
31755	2
62195	2
69936	2
19505	2
24427	2
27763	2
9381	2
65072	2
12935	2
64237	2
46815	2
22194	2
94987	2
41069	2
51278	2
6025	2
21213	2
8190	2
80481	2
25982	2
92276	2
61572	2
66004	2
61824	2
44135	2
42825	2
61566	2
10201	2
27453	2
9730	2
98100	2
72759	2
50559	2
7363	2
95259	2
21963	2
23852	2
11787	2
7619	2
68108	2
23553	2
78870	2
18185	2
68850	2
81484	2
84612	2
33893	2
68238	2
60557	2
74593	2
77247	2
85718	2
34123	2
92793	2
83540	2
84486	2
42580	2
67727	2
21681	2
926	2
22011	2
30850	2
3467	2
10373	2
79908	2
17597	2
38800	2
52416	2
61016	2
56951	2
95394	2
14996	2
58685	2
87529	2
75794	2
22965	2
65008	2
92602	2
30968	2
4941	2
50780	2
31682	2
72138	2
30421	2
12493	2
17703	2
80228	2
19336	2
90028	2
58255	2
45023	2
73587	2
63314	2
25048	2
40654	2
85843	2
80072	2
32498	2
30143	2
61273	2
36205	2
11542	2
66793	2
48494	2
39255	2
51309	2
21664	2
20655	2
92940	2
74297	2
42881	2
22845	2
70560	2
19285	2
38657	2
90275	2
68819	2
22344	2
18579	2
80440	2
24230	2
6421	2
80838	2
20832	2
90518	2
41038	2
45331	2
70808	2
661	2
56993	2
86311	2
75526	2
49694	2
70496	2
71117	2
22687	2
10253	2
45908	2
89372	2
25635	2
33932	2
44035	2
86586	2
71092	2
80988	2
1257	2
45706	2
12281	2
55112	2
15837	2
63770	2
93850	2
31329	2
87940	2
17630	2
4011	2
37430	2
88673	2
17797	2
69122	2
90530	2
49472	2
25531	2
26208	2
84712	2
94495	2
52941	2
3440	2
37017	2
72651	2
29525	2
90541	2
91761	2
16728	2
14519	2
61535	2
27098	2
66541	2
83307	2
52281	2
55565	2
28282	2
73334	2
91344	2
26760	2
79020	2
1325	2
30100	2
46690	2
17450	2
45910	2
69387	2
88170	2
23318	2
16379	2
77116	2
14832	2
28288	2
31291	2
82171	2
91197	2
79709	2
10114	2
12783	2
49357	2
69647	2
72082	2
38404	2
68010	2
42493	2
19293	2
57520	2
25361	2
6081	2
94223	2
96839	2
15762	2
78021	2
14934	2
56397	2
42022	2
95230	2
46900	2
51910	2
65433	2
51934	2
61455	2
30565	2
51469	2
7272	2
9426	2
90486	2
43776	2
90595	2
98732	2
31694	2
24640	2
13726	2
19692	2
81951	2
23397	2
53866	2
31511	2
89291	2
13817	2
87732	2
96162	2
12076	2
75117	2
50751	2
8412	2
72371	2
73054	2
59858	2
55812	2
68462	2
75908	2
35018	2
81762	2
81430	2
82067	2
1445	2
18083	2
58850	2
16308	2
84373	2
7804	2
76307	2
12248	2
35890	2
69905	2
2919	2
56673	2
44735	2
83769	2
43888	2
1845	2
44575	2
78582	2
787	2
4642	2
74598	2
17634	2
5379	2
55976	2
63287	2
63802	2
80950	2
18529	2
27875	2
94555	2
55079	2
77222	2
17553	2
30451	2
12360	2
92019	2
29760	2
41397	2
1462	2
20844	2
75493	2
74412	2
63843	2
95165	2
59426	2
90134	2
14104	2
23507	2
61564	2
43805	2
12777	2
75036	2
54763	2
91753	2
79586	2
33127	2
6369	2
81963	2
63667	2
19704	2
27331	2
43340	2
25359	2
37543	2
48767	2
76443	2
3532	2
6710	2
28018	2
14577	2
87149	2
2323	2
77334	2
7208	2
97422	2
73280	2
24377	2
70061	2
74976	2
64582	2
64433	2
89559	2
60914	2
63216	2
80512	2
14994	2
41437	2
67271	2
1935	2
44359	2
38420	2
30567	2
60833	2
4475	2
68139	2
37320	2
47081	2
60470	2
93719	2
281	2
67096	2
89572	2
19549	2
394	2
27327	2
23229	2
86258	2
80215	2
79765	2
13136	2
39448	2
51594	2
44652	2
35707	2
78914	2
81770	2
98073	2
37642	2
76919	2
21171	2
64221	2
29631	2
63882	2
48291	2
43537	2
14498	2
61892	2
66841	2
23098	2
43851	2
51301	2
5431	2
89663	2
33872	2
93299	2
34152	2
34073	2
73859	2
89816	2
96897	2
31716	2
52796	2
9551	2
16007	2
32043	2
89455	2
55984	2
26969	2
12455	2
81417	2
72990	2
98003	2
34403	2
62924	2
94292	2
99195	2
40890	2
59961	2
6753	2
77274	2
27680	2
36037	2
28193	2
98754	2
9703	2
18530	2
59519	2
59722	2
39340	2
82894	2
42756	2
9998	2
33901	2
80151	2
1846	2
52725	2
78208	2
33963	2
96222	2
12580	2
49038	2
54176	2
74688	2
58739	2
97900	2
40033	2
58523	2
48490	2
57599	2
6265	2
45401	2
60204	2
83032	2
32334	2
13041	2
32658	2
78721	2
32533	2
80530	2
33958	2
4196	2
93200	2
11704	2
85972	2
1327	2
18192	2
28567	2
64678	2
8410	2
93630	2
89000	2
47648	2
49011	2
32645	2
76782	2
41268	2
77263	2
25984	2
30122	2
71846	2
50668	2
68568	2
63223	2
42470	2
3091	2
50259	2
48679	2
16109	2
40986	2
67999	2
70609	2
54900	2
56393	2
38545	2
55327	2
64684	2
97190	2
75635	2
3284	2
33592	2
92409	2
47255	2
36691	2
79773	2
98486	2
51145	2
2423	2
96870	2
67314	2
72470	2
17048	2
36641	2
98340	2
26368	2
51033	2
86252	2
23993	2
99519	2
57414	2
92214	2
18110	2
60794	2
99907	2
74183	2
45582	2
37114	2
97217	2
39315	2
97337	2
15501	2
92749	2
6404	2
6602	2
26297	2
25199	2
56528	2
76323	2
38756	2
32786	2
85822	2
10095	2
23200	2
63571	2
7502	2
57379	2
6318	2
20169	2
39827	2
81870	2
90047	2
62575	2
54290	2
37297	2
38001	2
63486	2
64136	2
97719	2
42194	2
29600	2
10129	2
40114	2
1456	2
91238	2
65097	2
65118	2
135	2
48697	2
96019	2
29193	2
59764	2
64190	2
93001	2
83412	2
28100	2
44048	2
76319	2
25388	2
49352	2
56810	2
45229	2
45712	2
51122	2
68410	2
24680	2
87517	2
45474	2
10705	2
87709	2
17155	2
87971	2
23704	2
7635	2
17122	2
81941	2
39593	2
60221	2
21284	2
41093	2
16076	2
10703	2
24545	2
25447	2
50317	2
36029	2
39896	2
95338	2
93945	2
17367	2
81615	2
60632	2
17564	2
75067	2
98288	2
36661	2
15186	2
26029	2
69527	2
95454	2
74481	2
86131	2
72194	2
5873	2
58942	2
61188	2
74050	2
26814	2
79049	2
86013	2
13095	2
27084	2
24201	2
41036	2
43427	2
38396	2
94651	2
11478	2
1366	2
4418	2
23082	2
29919	2
15256	2
35863	2
89952	2
18681	2
28954	2
8482	2
94074	2
10770	2
98122	2
8626	2
53084	2
24049	2
53196	2
91886	2
71779	2
42312	2
49449	2
24067	2
96081	2
56669	2
34269	2
6003	2
11843	2
60510	2
74102	2
19445	2
14220	2
27887	2
55519	2
44218	2
80726	2
31643	2
47720	2
59974	2
35211	2
84404	2
98651	2
41393	2
18299	2
19453	2
7312	2
56935	2
1140	2
1084	2
58168	2
38310	2
98236	2
34895	2
80328	2
25990	2
51533	2
1847	2
13728	2
37588	2
90630	2
74210	2
27587	2
63316	2
36309	2
3494	2
25889	2
50674	2
16943	2
88981	2
74779	2
12520	2
38084	2
15480	2
76582	2
4671	2
23804	2
41097	2
52752	2
36631	2
86063	2
31250	2
43890	2
89540	2
64522	2
51324	2
49595	2
42209	2
6886	2
76171	2
19663	2
4754	2
45968	2
78586	2
77239	2
63451	2
74744	2
95969	2
1171	2
31633	2
83354	2
93791	2
72241	2
94663	2
72294	2
13705	2
88961	2
82229	2
82038	2
36774	2
88367	2
13779	2
47496	2
41285	2
21543	2
83802	2
95670	2
84639	2
52075	2
25120	2
33436	2
89501	2
51215	2
92012	2
95497	2
99772	2
75767	2
13508	2
27317	2
6564	2
41878	2
67916	2
75935	2
89499	2
27240	2
89438	2
68902	2
50101	2
517	2
89399	2
96563	2
87489	2
18467	2
44372	2
66818	2
54259	2
8252	2
78374	2
92202	2
12050	2
50620	2
34995	2
38868	2
53570	2
80915	2
66863	2
6066	2
18390	2
89181	2
99463	2
41075	2
73421	2
37733	2
28832	2
88172	2
25276	2
89505	2
70288	2
90692	2
50510	2
35487	2
93914	2
95654	2
45686	2
85676	2
98103	2
36761	2
35763	2
18671	2
90974	2
82275	2
90763	2
81410	2
52073	2
96469	2
42163	2
1044	2
88411	2
2564	2
8159	2
78349	2
53180	2
14162	2
92577	2
15798	2
74978	2
65527	2
58859	2
82669	2
98593	2
29422	2
90024	2
2965	2
87051	2
13897	2
40319	2
61072	2
57352	2
93748	2
22079	2
73948	2
32145	2
30857	2
41337	2
34679	2
9670	2
19593	2
23927	2
83522	2
98767	2
34864	2
74141	2
94894	2
96482	2
1055	2
64584	2
12194	2
29112	2
80778	2
74646	2
84708	2
93083	2
78484	2
78789	2
78955	2
45806	2
22758	2
66388	2
6159	2
7083	2
89530	2
45067	2
55866	2
48890	2
65832	2
68653	2
26038	2
78331	2
70461	2
17288	2
20817	2
61871	2
15951	2
22216	2
13639	2
61711	2
93970	2
83286	2
62533	2
38644	2
62689	2
31850	2
50950	2
95713	2
95778	2
59982	2
31663	2
80859	2
32370	2
36367	2
96029	2
37996	2
39012	2
14143	2
80118	2
44650	2
56644	2
35236	2
44040	2
65508	2
50367	2
91873	2
11212	2
37239	2
60065	2
53057	2
15899	2
76759	2
9890	2
46969	2
27167	2
76958	2
9657	2
80994	2
76558	2
92245	2
70918	2
36247	2
2807	2
47722	2
46778	2
8811	2
92897	2
16607	2
68713	2
17859	2
79491	2
42632	2
65378	2
83852	2
85594	2
35905	2
32539	2
74582	2
10099	2
22516	2
23501	2
85951	2
91844	2
42653	2
50338	2
76154	2
4436	2
69632	2
50375	2
71997	2
75637	2
49543	2
75223	2
49497	2
98647	2
22123	2
53906	2
60273	2
54182	2
10655	2
64441	2
64900	2
54168	2
2641	2
77689	2
51050	2
14457	2
54682	2
26235	2
99291	2
51471	2
93015	2
55087	2
48295	2
99521	2
93308	2
69851	2
69230	2
47344	2
30430	2
32070	2
45445	2
43504	2
54269	2
55901	2
42411	2
34858	2
59326	2
86223	2
57445	2
58388	2
12891	2
98655	2
59361	2
60501	2
78306	2
71495	2
31392	2
62173	2
78154	2
67260	2
40326	2
33453	2
23512	2
47197	2
96079	2
79713	2
18075	2
30245	2
33316	2
55739	2
32853	2
85623	2
91083	2
37885	2
6361	2
97449	2
8891	2
17855	2
85179	2
36311	2
29920	2
41119	2
50330	2
77983	2
6676	2
28286	2
31310	2
64719	2
79555	2
48056	2
84936	2
40917	2
20371	2
87408	2
30644	2
53067	2
87562	2
56335	2
21191	2
92604	2
98570	2
12565	2
42871	2
12933	2
87512	2
65944	2
6789	2
55133	2
31937	1
40601	1
33248	1
53727	1
52051	1
91398	1
83780	1
90368	1
94897	1
51092	1
89196	1
41231	1
75864	1
66320	1
34449	1
41856	1
13605	1
4132	1
19842	1
90651	1
32164	1
96845	1
55156	1
70040	1
42240	1
88176	1
734	1
44831	1
32561	1
11296	1
52837	1
64275	1
91346	1
197	1
52829	1
72267	1
20331	1
45551	1
46133	1
73590	1
21695	1
74754	1
41999	1
88122	1
93135	1
88218	1
31090	1
86337	1
63201	1
68260	1
93021	1
50470	1
35263	1
33168	1
62897	1
11207	1
63884	1
27130	1
15094	1
44175	1
90130	1
42122	1
84637	1
10573	1
61421	1
63680	1
92341	1
82740	1
43163	1
18223	1
56553	1
52134	1
97023	1
18785	1
33478	1
2132	1
14510	1
84164	1
70348	1
11933	1
55517	1
83151	1
5110	1
8633	1
7639	1
27761	1
44058	1
74144	1
30844	1
94659	1
33496	1
57137	1
59132	1
19050	1
18045	1
20717	1
10091	1
72540	1
57210	1
60244	1
75521	1
46670	1
74627	1
18015	1
30762	1
2300	1
69267	1
42927	1
69173	1
57381	1
15704	1
39371	1
71223	1
13459	1
1156	1
20328	1
2167	1
9537	1
21909	1
40766	1
34776	1
38022	1
13780	1
13280	1
26631	1
31328	1
25293	1
38736	1
86641	1
85141	1
76792	1
75394	1
79002	1
64925	1
31898	1
51585	1
56013	1
96073	1
11676	1
25340	1
33814	1
87599	1
18767	1
73935	1
59187	1
39074	1
20222	1
146	1
84232	1
93628	1
40975	1
20632	1
62138	1
97353	1
26470	1
27629	1
47223	1
48382	1
97545	1
52081	1
47826	1
64631	1
52336	1
97647	1
6267	1
48027	1
5984	1
94379	1
95175	1
18892	1
27274	1
16335	1
2372	1
45391	1
97891	1
89332	1
6224	1
77138	1
32514	1
6599	1
2051	1
70152	1
61740	1
68483	1
10591	1
36959	1
13970	1
3681	1
33351	1
65940	1
14507	1
84043	1
4653	1
33888	1
941	1
52634	1
45975	1
50202	1
39405	1
60194	1
83881	1
4340	1
57194	1
12439	1
63789	1
47581	1
90846	1
32425	1
72352	1
67540	1
2228	1
18857	1
24192	1
68325	1
64269	1
55326	1
67142	1
17280	1
32597	1
10093	1
29598	1
74640	1
62901	1
13912	1
52641	1
63075	1
67626	1
25583	1
69372	1
46890	1
90125	1
8874	1
12649	1
54155	1
98962	1
61058	1
96461	1
34202	1
54955	1
32602	1
40248	1
8557	1
27618	1
42322	1
56273	1
65263	1
38481	1
14230	1
99646	1
69393	1
60900	1
6237	1
55251	1
52061	1
66826	1
45339	1
58915	1
14645	1
1927	1
75320	1
27468	1
49930	1
2464	1
86550	1
85476	1
82198	1
43970	1
25320	1
33902	1
20888	1
68074	1
62931	1
19508	1
11139	1
87481	1
53182	1
53719	1
25222	1
88449	1
84365	1
77453	1
5384	1
98743	1
57611	1
56700	1
16105	1
37322	1
58148	1
1626	1
52393	1
52102	1
32568	1
43669	1
76275	1
38412	1
31871	1
47687	1
38250	1
80293	1
59017	1
82507	1
76737	1
70041	1
11765	1
53271	1
27998	1
53944	1
78401	1
95987	1
30257	1
54481	1
55061	1
62336	1
75391	1
43084	1
85127	1
33326	1
12629	1
22615	1
12365	1
41388	1
95641	1
90314	1
42518	1
26209	1
86440	1
41614	1
56177	1
31979	1
53383	1
83064	1
41021	1
3185	1
7131	1
34567	1
31550	1
45213	1
49231	1
70025	1
44934	1
7766	1
55725	1
86363	1
3170	1
44320	1
41405	1
7782	1
28217	1
58527	1
99928	1
79677	1
67866	1
23691	1
44444	1
36929	1
72981	1
15957	1
57682	1
94186	1
38171	1
57885	1
99725	1
40521	1
15639	1
91149	1
51764	1
37842	1
31011	1
43224	1
66264	1
43420	1
21620	1
63282	1
52321	1
95358	1
33382	1
11272	1
79580	1
16316	1
84180	1
25473	1
69984	1
19590	1
27941	1
73485	1
1644	1
84656	1
54315	1
20897	1
31475	1
64429	1
78987	1
12272	1
11198	1
95284	1
28254	1
83739	1
61435	1
49370	1
25481	1
3654	1
87740	1
75682	1
5662	1
28224	1
49007	1
34176	1
2831	1
2733	1
87623	1
1360	1
85446	1
52700	1
39969	1
4208	1
63619	1
57697	1
12054	1
72681	1
61235	1
16399	1
96961	1
13949	1
94076	1
33229	1
19725	1
40478	1
11726	1
5049	1
89135	1
44899	1
43844	1
47629	1
44189	1
57188	1
91510	1
70757	1
70982	1
46263	1
68382	1
29476	1
48088	1
34044	1
49772	1
60096	1
67007	1
84784	1
698	1
39755	1
80308	1
20914	1
38265	1
76841	1
56030	1
89326	1
5014	1
17506	1
84194	1
108	1
37722	1
62367	1
76389	1
98916	1
68936	1
74317	1
125	1
85887	1
92280	1
53560	1
6313	1
32807	1
36584	1
82290	1
31798	1
7137	1
40247	1
55779	1
3631	1
81748	1
58078	1
77413	1
35907	1
42454	1
99629	1
27747	1
78876	1
49235	1
16617	1
43078	1
17067	1
92509	1
13176	1
88560	1
55219	1
89775	1
88403	1
22325	1
59110	1
59875	1
10307	1
52350	1
67807	1
75599	1
62193	1
46393	1
85959	1
56092	1
53594	1
95637	1
98135	1
1406	1
66133	1
4638	1
84210	1
27700	1
90933	1
25519	1
54372	1
24882	1
47492	1
16977	1
20228	1
22810	1
85069	1
53046	1
46489	1
36060	1
93480	1
54670	1
33317	1
94552	1
46944	1
5167	1
65707	1
50738	1
50157	1
89454	1
89688	1
61973	1
79989	1
25994	1
95339	1
79620	1
83765	1
753	1
21506	1
14490	1
54902	1
13396	1
98576	1
37635	1
43916	1
88874	1
90447	1
83874	1
38745	1
63057	1
23193	1
67200	1
51338	1
51792	1
93835	1
9749	1
24666	1
93298	1
66336	1
91261	1
49755	1
10818	1
83337	1
59286	1
92978	1
55959	1
44291	1
22353	1
62899	1
20856	1
35950	1
49140	1
66661	1
95286	1
5282	1
47704	1
5661	1
32832	1
53032	1
73585	1
80219	1
51143	1
74453	1
39025	1
47849	1
80897	1
75644	1
35070	1
89355	1
97329	1
68241	1
83251	1
29293	1
4370	1
88456	1
77753	1
94250	1
55401	1
76052	1
50062	1
75557	1
13298	1
97384	1
32031	1
91568	1
32718	1
43542	1
85048	1
71269	1
55989	1
17780	1
80039	1
83553	1
23435	1
50226	1
23746	1
70108	1
45346	1
87389	1
3840	1
87926	1
28738	1
73343	1
13945	1
12871	1
51454	1
53240	1
11734	1
97430	1
90171	1
59847	1
37803	1
80600	1
96893	1
28466	1
76140	1
90725	1
44911	1
3405	1
98978	1
38285	1
87491	1
70221	1
27674	1
72881	1
9197	1
65062	1
85278	1
1192	1
46777	1
85582	1
23638	1
65681	1
9289	1
88820	1
59231	1
44371	1
86414	1
71827	1
29859	1
35402	1
85663	1
36075	1
23019	1
73635	1
25487	1
26024	1
71607	1
68067	1
64495	1
80203	1
59450	1
71186	1
27632	1
80247	1
75605	1
13346	1
30276	1
5393	1
58296	1
77686	1
7548	1
84693	1
98439	1
22434	1
21243	1
47436	1
16253	1
83722	1
50122	1
57205	1
8079	1
14625	1
49969	1
88840	1
77876	1
35643	1
21069	1
23530	1
35902	1
48026	1
3850	1
45893	1
42629	1
6872	1
74872	1
38738	1
38839	1
6875	1
8241	1
50284	1
42390	1
31375	1
30403	1
6212	1
22797	1
7360	1
52276	1
73029	1
85513	1
2501	1
42361	1
318	1
17809	1
64005	1
47027	1
64317	1
30070	1
22274	1
347	1
98662	1
62606	1
19239	1
8921	1
62670	1
41917	1
36674	1
36370	1
98933	1
63165	1
906	1
84112	1
56445	1
1249	1
7569	1
80987	1
85351	1
1265	1
78264	1
36758	1
35047	1
39971	1
74699	1
43292	1
58506	1
59121	1
74787	1
12528	1
19912	1
9211	1
71470	1
76948	1
34905	1
58251	1
83642	1
62889	1
14108	1
79004	1
38516	1
44311	1
2805	1
52969	1
23558	1
6388	1
68647	1
7924	1
96388	1
1261	1
56189	1
92434	1
8348	1
19976	1
27792	1
12302	1
40729	1
32826	1
44260	1
98164	1
97201	1
76448	1
30867	1
72910	1
51620	1
37953	1
54101	1
59443	1
72998	1
68240	1
85696	1
1794	1
17815	1
84806	1
80074	1
15497	1
720	1
99046	1
57003	1
43448	1
45632	1
55164	1
1230	1
90622	1
79142	1
17878	1
59921	1
16883	1
58926	1
34411	1
64285	1
29000	1
44610	1
91836	1
71103	1
79998	1
49793	1
69332	1
94937	1
22779	1
952	1
37218	1
85038	1
6660	1
77035	1
43699	1
35280	1
58696	1
93233	1
60457	1
39704	1
75775	1
87701	1
26758	1
37341	1
13329	1
1105	1
17101	1
79459	1
90206	1
50772	1
92815	1
37027	1
49741	1
91784	1
35431	1
72270	1
30227	1
76937	1
79384	1
29301	1
84068	1
42885	1
23970	1
50543	1
65504	1
23461	1
92759	1
70059	1
46865	1
49306	1
72976	1
56865	1
7263	1
27289	1
27836	1
10867	1
26619	1
78369	1
77724	1
79506	1
1648	1
97572	1
43691	1
31620	1
56209	1
93879	1
99905	1
44304	1
43767	1
33955	1
50563	1
8520	1
92069	1
71476	1
98252	1
25852	1
69044	1
50921	1
8878	1
67895	1
90118	1
48075	1
2149	1
211	1
66608	1
87361	1
29189	1
41717	1
18258	1
80399	1
82106	1
88791	1
46748	1
69934	1
2252	1
23284	1
44295	1
85801	1
85674	1
2789	1
95441	1
64921	1
11355	1
39508	1
80396	1
60301	1
22878	1
86785	1
48243	1
2089	1
53083	1
53620	1
65422	1
25651	1
12506	1
41191	1
83234	1
93160	1
9074	1
50759	1
34046	1
71575	1
89541	1
26263	1
76955	1
68306	1
77104	1
65006	1
52411	1
94208	1
76089	1
38547	1
54799	1
62695	1
52864	1
36788	1
50990	1
66069	1
10122	1
93134	1
14253	1
93984	1
39000	1
14222	1
83978	1
46542	1
32115	1
88585	1
28965	1
7675	1
49718	1
52157	1
14356	1
55200	1
38890	1
91448	1
31237	1
3767	1
49094	1
33390	1
54143	1
81540	1
39497	1
45810	1
39890	1
17371	1
35198	1
91512	1
54836	1
2651	1
97243	1
96342	1
23532	1
54299	1
96052	1
3452	1
33793	1
10131	1
66983	1
24940	1
98598	1
92496	1
8947	1
56555	1
78388	1
87067	1
71775	1
12040	1
54083	1
85420	1
13224	1
97717	1
47212	1
98601	1
80201	1
12287	1
95299	1
54245	1
88603	1
4517	1
20317	1
95077	1
1464	1
59985	1
86094	1
99856	1
70254	1
66068	1
36616	1
6584	1
50187	1
70940	1
22793	1
12514	1
33010	1
76375	1
35415	1
64447	1
30518	1
13229	1
16491	1
88210	1
21735	1
85855	1
79432	1
37926	1
91832	1
48072	1
4912	1
50464	1
20613	1
41366	1
53358	1
11852	1
95938	1
14662	1
27319	1
6566	1
26438	1
58876	1
55385	1
18668	1
16664	1
91302	1
58170	1
34212	1
61153	1
999	1
7216	1
49796	1
42505	1
8217	1
21507	1
40265	1
42797	1
47636	1
52488	1
71550	1
77146	1
92303	1
88089	1
30044	1
72087	1
45006	1
77123	1
28046	1
35080	1
91758	1
71005	1
27544	1
20576	1
19512	1
67813	1
25779	1
18426	1
80049	1
60551	1
77851	1
75511	1
33468	1
96264	1
54221	1
66403	1
11552	1
3838	1
35620	1
97879	1
69134	1
2188	1
47797	1
48381	1
48083	1
89303	1
97131	1
92850	1
2541	1
86090	1
4602	1
25355	1
18970	1
89424	1
39723	1
81766	1
26381	1
87088	1
67887	1
88640	1
85783	1
32395	1
99649	1
50865	1
23218	1
30311	1
73685	1
11426	1
70089	1
77751	1
52971	1
34178	1
33641	1
88443	1
25963	1
17463	1
59506	1
20526	1
42360	1
25877	1
79890	1
5124	1
83417	1
19928	1
67768	1
2448	1
88521	1
12898	1
59850	1
75040	1
32997	1
80603	1
25079	1
61097	1
12958	1
6796	1
48839	1
11623	1
38664	1
59417	1
40363	1
76056	1
5770	1
69718	1
55441	1
64656	1
35684	1
95567	1
59035	1
18653	1
16992	1
90001	1
84393	1
1381	1
80912	1
95167	1
1609	1
24059	1
61873	1
89319	1
47276	1
82588	1
73259	1
40883	1
93535	1
35544	1
15462	1
98474	1
9449	1
58642	1
81018	1
87402	1
25143	1
72782	1
11055	1
65282	1
55256	1
48272	1
4288	1
7419	1
4677	1
25430	1
52561	1
87109	1
86385	1
25655	1
32864	1
12111	1
49383	1
88451	1
46408	1
5422	1
3023	1
31258	1
52011	1
58670	1
34752	1
71816	1
38525	1
30310	1
65296	1
43809	1
69516	1
41235	1
26628	1
68671	1
47381	1
67513	1
40579	1
82622	1
41116	1
90151	1
8023	1
17817	1
50066	1
76612	1
9844	1
64189	1
92856	1
2462	1
20013	1
62056	1
87333	1
99678	1
88266	1
84094	1
16766	1
58809	1
1082	1
74629	1
37773	1
58526	1
41452	1
17491	1
80287	1
60480	1
18974	1
33750	1
67681	1
88968	1
69857	1
67044	1
46291	1
99007	1
53489	1
6446	1
11085	1
53128	1
27814	1
63849	1
21806	1
66384	1
10507	1
9970	1
24878	1
79652	1
3627	1
65622	1
39691	1
77044	1
74018	1
62772	1
82039	1
513	1
71970	1
83525	1
31601	1
2820	1
86251	1
44326	1
19527	1
84055	1
79848	1
51731	1
93774	1
384	1
87068	1
76118	1
43544	1
64297	1
22791	1
72484	1
23605	1
72122	1
54828	1
70526	1
28483	1
13182	1
33398	1
33262	1
42427	1
7055	1
48561	1
43782	1
2276	1
45916	1
88496	1
4410	1
93241	1
9155	1
94754	1
85750	1
64997	1
45133	1
87176	1
98619	1
98129	1
56086	1
17587	1
87666	1
26706	1
67823	1
56576	1
93260	1
9985	1
80395	1
14034	1
82619	1
26514	1
61866	1
68557	1
89847	1
90715	1
80383	1
33854	1
53936	1
40980	1
20227	1
58830	1
40934	1
59382	1
42439	1
21686	1
92090	1
8004	1
75019	1
91553	1
49168	1
7438	1
13462	1
97548	1
9686	1
56579	1
14536	1
70173	1
285	1
36174	1
425	1
42468	1
81453	1
15135	1
88340	1
12113	1
53308	1
96871	1
69697	1
30748	1
3870	1
94335	1
10249	1
56401	1
49538	1
70291	1
91044	1
66129	1
66531	1
45778	1
16028	1
20719	1
28456	1
41845	1
47037	1
90252	1
89056	1
36606	1
89283	1
58745	1
97173	1
53642	1
67790	1
11599	1
94658	1
73905	1
96434	1
12348	1
21467	1
31289	1
19370	1
25747	1
60997	1
40244	1
94039	1
46037	1
3994	1
14873	1
2028	1
47618	1
24388	1
68371	1
2872	1
62967	1
65231	1
17849	1
52588	1
98604	1
32305	1
92288	1
50782	1
50919	1
49949	1
48152	1
30166	1
21195	1
63238	1
80093	1
59340	1
53242	1
7123	1
90135	1
53663	1
17814	1
22164	1
6049	1
84423	1
63670	1
47664	1
47321	1
84960	1
42917	1
36220	1
90835	1
53144	1
61861	1
72526	1
81629	1
18745	1
87277	1
90678	1
14546	1
61346	1
28491	1
19303	1
72596	1
93349	1
97065	1
85196	1
60673	1
97636	1
13550	1
55056	1
48764	1
73778	1
40413	1
34806	1
7743	1
13086	1
97172	1
76419	1
51314	1
95604	1
34974	1
11518	1
79246	1
15572	1
57078	1
31849	1
39310	1
41721	1
54680	1
12157	1
20385	1
97935	1
35676	1
77182	1
2890	1
47292	1
81905	1
9427	1
62734	1
63539	1
251	1
49412	1
743	1
96723	1
82590	1
36384	1
97918	1
72530	1
40384	1
49941	1
57372	1
66326	1
15329	1
5626	1
30628	1
56383	1
35630	1
16319	1
13854	1
55897	1
18549	1
28805	1
8052	1
31595	1
56054	1
21989	1
75261	1
19086	1
60592	1
15852	1
70523	1
84810	1
22366	1
64409	1
1613	1
84625	1
9195	1
84261	1
39336	1
99700	1
658	1
52740	1
75474	1
31335	1
73378	1
15781	1
99867	1
17363	1
52288	1
10049	1
86929	1
24670	1
90038	1
72153	1
20979	1
19197	1
66413	1
41402	1
7193	1
68269	1
96309	1
51012	1
27042	1
36131	1
24907	1
98448	1
37423	1
61086	1
86694	1
85856	1
18203	1
60246	1
18843	1
51490	1
84099	1
48928	1
3774	1
33425	1
54178	1
24268	1
74068	1
94821	1
52778	1
54560	1
42056	1
35690	1
77733	1
38106	1
76739	1
61172	1
43372	1
85415	1
31519	1
75331	1
37743	1
53188	1
43637	1
20672	1
70433	1
50400	1
8390	1
21177	1
85301	1
15506	1
99592	1
75323	1
7147	1
90159	1
67520	1
33044	1
97144	1
9760	1
42858	1
815	1
43037	1
42533	1
490	1
13058	1
55101	1
81994	1
88953	1
46910	1
26694	1
17257	1
19600	1
95783	1
21025	1
90962	1
6209	1
33147	1
40423	1
85544	1
61983	1
64734	1
53362	1
11319	1
32609	1
75190	1
92773	1
80103	1
58487	1
14117	1
42491	1
41214	1
45870	1
40605	1
34547	1
55127	1
46117	1
88160	1
84876	1
53657	1
58479	1
76564	1
19317	1
36770	1
64990	1
89052	1
33098	1
34744	1
76787	1
97003	1
83772	1
97202	1
64485	1
22442	1
92396	1
44550	1
6249	1
90335	1
64813	1
55159	1
85775	1
75912	1
33869	1
91124	1
92336	1
61271	1
37530	1
4054	1
59164	1
43357	1
93658	1
22642	1
69906	1
28400	1
54640	1
96683	1
59936	1
59906	1
66643	1
94257	1
23381	1
19674	1
48164	1
90207	1
35621	1
64740	1
43732	1
79945	1
51108	1
93151	1
59455	1
85942	1
15460	1
28182	1
48935	1
6892	1
80533	1
37902	1
89631	1
70489	1
39292	1
85764	1
95597	1
53554	1
69970	1
33322	1
54830	1
41307	1
40446	1
75115	1
79065	1
84562	1
52822	1
10779	1
69818	1
11495	1
46956	1
51981	1
12579	1
22305	1
74984	1
54231	1
96274	1
43996	1
16771	1
81780	1
23576	1
98560	1
66052	1
24546	1
40425	1
82468	1
68885	1
81660	1
1505	1
43548	1
38981	1
65035	1
77163	1
35120	1
46437	1
78652	1
78813	1
92920	1
8834	1
78165	1
99455	1
64198	1
34300	1
76343	1
50428	1
98617	1
40614	1
98163	1
65945	1
25160	1
94950	1
43529	1
1486	1
86570	1
61429	1
13454	1
75713	1
34207	1
76250	1
24198	1
45455	1
72655	1
19386	1
44527	1
28778	1
36365	1
31830	1
11077	1
82950	1
21744	1
34940	1
14995	1
37234	1
76651	1
82426	1
72360	1
1401	1
86846	1
49594	1
68934	1
51803	1
57038	1
81235	1
89032	1
40303	1
82346	1
25319	1
67362	1
55917	1
9184	1
45662	1
3619	1
66415	1
7094	1
41212	1
61965	1
16862	1
34947	1
15432	1
35394	1
96017	1
11931	1
75264	1
1885	1
60659	1
98093	1
39915	1
82009	1
76707	1
37090	1
79133	1
23841	1
42778	1
16156	1
54431	1
15081	1
56414	1
14371	1
91917	1
51552	1
44395	1
46261	1
88304	1
76990	1
61088	1
49080	1
38856	1
96568	1
76163	1
24922	1
66965	1
32783	1
81841	1
56234	1
48043	1
30727	1
74163	1
93723	1
52217	1
10174	1
54855	1
17699	1
74757	1
87235	1
99443	1
26403	1
93875	1
88008	1
58843	1
38090	1
32714	1
33069	1
79834	1
46551	1
16461	1
31945	1
73988	1
35619	1
59274	1
98277	1
81972	1
73671	1
28049	1
53852	1
95895	1
51189	1
32217	1
52970	1
21016	1
485	1
75450	1
13191	1
80224	1
45682	1
87725	1
83248	1
41205	1
26382	1
94875	1
16020	1
82463	1
40420	1
86758	1
80423	1
56337	1
13686	1
93100	1
14811	1
71286	1
72807	1
41100	1
37843	1
7091	1
76642	1
34599	1
39780	1
97179	1
69772	1
13684	1
75943	1
72636	1
30679	1
27373	1
41651	1
41114	1
12067	1
34920	1
50432	1
93553	1
75377	1
4561	1
46604	1
39007	1
57871	1
36019	1
35564	1
39672	1
83788	1
63035	1
31501	1
97148	1
80467	1
30568	1
25992	1
94842	1
84981	1
46807	1
1051	1
22693	1
14006	1
74326	1
42516	1
42277	1
84320	1
234	1
97085	1
16406	1
10917	1
6712	1
48755	1
12668	1
84559	1
33553	1
37807	1
79850	1
79339	1
37296	1
47284	1
51917	1
8694	1
86123	1
43543	1
1500	1
89207	1
64609	1
32757	1
5619	1
40874	1
72670	1
50737	1
47290	1
71922	1
58568	1
74846	1
77490	1
49669	1
96754	1
46919	1
35958	1
5462	1
69832	1
95946	1
96668	1
35284	1
63285	1
21242	1
95951	1
17482	1
59525	1
37382	1
1398	1
35518	1
77561	1
68431	1
24142	1
46361	1
61969	1
48058	1
6015	1
78448	1
99201	1
48266	1
6223	1
4318	1
16923	1
55851	1
56590	1
43401	1
26090	1
90779	1
6693	1
53908	1
23953	1
58911	1
87877	1
45834	1
69757	1
75883	1
19995	1
81891	1
65996	1
36209	1
88880	1
70463	1
8204	1
16087	1
83796	1
81503	1
20823	1
83082	1
22802	1
88400	1
80581	1
38538	1
96033	1
11947	1
32350	1
5116	1
82295	1
15883	1
2049	1
50203	1
29450	1
71493	1
50001	1
77331	1
56593	1
78239	1
97675	1
83555	1
63972	1
16853	1
49179	1
91222	1
4231	1
15457	1
82752	1
27760	1
56169	1
32851	1
24143	1
74592	1
95535	1
11449	1
91557	1
49514	1
48623	1
45396	1
49214	1
49751	1
62965	1
35138	1
16292	1
22901	1
38661	1
12239	1
90666	1
2922	1
98525	1
14439	1
23466	1
4661	1
96477	1
99903	1
44781	1
65534	1
83744	1
59736	1
32336	1
33625	1
83383	1
15817	1
90281	1
60393	1
32921	1
11064	1
66341	1
58326	1
66916	1
5935	1
55142	1
78845	1
76360	1
11579	1
41189	1
83232	1
61942	1
50942	1
92060	1
50017	1
60392	1
36802	1
58092	1
16049	1
67392	1
64133	1
22627	1
26681	1
4854	1
15440	1
12574	1
33864	1
99135	1
15049	1
78382	1
40342	1
39738	1
57483	1
54617	1
78945	1
61024	1
52681	1
73434	1
94187	1
61568	1
77172	1
94194	1
42601	1
39639	1
13274	1
97360	1
31142	1
37534	1
80388	1
41527	1
558	1
97113	1
39994	1
50060	1
26119	1
66131	1
63784	1
35965	1
86998	1
45274	1
49961	1
55876	1
93805	1
9719	1
99143	1
23099	1
59920	1
17877	1
26528	1
62748	1
8455	1
6624	1
91965	1
23009	1
68622	1
57791	1
15748	1
96673	1
5858	1
846	1
57057	1
15014	1
77810	1
3912	1
58317	1
79607	1
83374	1
74429	1
88870	1
3052	1
65311	1
12007	1
89276	1
47233	1
66645	1
75361	1
13035	1
41606	1
15928	1
57971	1
34596	1
7806	1
36598	1
43608	1
97121	1
100	1
58575	1
16532	1
65081	1
48337	1
19664	1
40417	1
15667	1
36420	1
96717	1
32386	1
69550	1
87276	1
3190	1
80937	1
8850	1
55598	1
54052	1
12472	1
90570	1
53737	1
2288	1
62865	1
20822	1
21359	1
33128	1
67612	1
53076	1
73766	1
82729	1
81590	1
8514	1
52535	1
58398	1
34631	1
95119	1
39437	1
30473	1
3845	1
99403	1
69204	1
27161	1
28444	1
49912	1
77218	1
59700	1
11345	1
99747	1
16735	1
29232	1
81596	1
70270	1
26466	1
26287	1
92141	1
64182	1
3464	1
75051	1
93821	1
9735	1
72021	1
39317	1
78906	1
88625	1
69630	1
57632	1
82831	1
20572	1
17312	1
59355	1
79571	1
62595	1
46304	1
72246	1
92999	1
8913	1
5454	1
73199	1
58998	1
35574	1
36225	1
79725	1
67675	1
64236	1
88694	1
46651	1
47188	1
5145	1
56388	1
66262	1
98882	1
14796	1
56839	1
86268	1
68448	1
15764	1
99850	1
77891	1
85208	1
22949	1
18017	1
56040	1
56360	1
4706	1
43911	1
91509	1
80296	1
35848	1
30692	1
51392	1
66743	1
46665	1
4622	1
49664	1
8158	1
87024	1
96558	1
35367	1
21223	1
53931	1
11888	1
12425	1
37966	1
24050	1
9450	1
60453	1
42198	1
84214	1
35457	1
47876	1
86480	1
59027	1
88010	1
35782	1
65120	1
72774	1
15121	1
35874	1
77917	1
64787	1
85540	1
62436	1
20225	1
74678	1
32635	1
20732	1
79504	1
22208	1
63383	1
83356	1
21097	1
79770	1
3466	1
78474	1
36431	1
28932	1
31813	1
64002	1
29220	1
7812	1
42352	1
28900	1
9545	1
54234	1
23406	1
91263	1
57451	1
59134	1
9139	1
42078	1
35	1
44454	1
87556	1
77585	1
36079	1
73135	1
31092	1
55170	1
2066	1
56101	1
53361	1
54593	1
27665	1
69708	1
21214	1
63257	1
74264	1
9830	1
79935	1
90623	1
2809	1
63914	1
36813	1
4850	1
12005	1
70435	1
64866	1
43041	1
33924	1
19229	1
88607	1
76008	1
81535	1
69753	1
85716	1
41580	1
62652	1
20609	1
83115	1
47696	1
36849	1
2704	1
86790	1
89930	1
37860	1
67175	1
85986	1
1900	1
37793	1
47666	1
92216	1
58686	1
5632	1
28392	1
28475	1
69981	1
75219	1
12960	1
97046	1
18494	1
556	1
43016	1
89718	1
22618	1
57839	1
99882	1
44839	1
52626	1
84103	1
1091	1
94293	1
84887	1
70220	1
95533	1
32799	1
32570	1
70700	1
9609	1
93695	1
54295	1
10207	1
89956	1
69203	1
76321	1
57776	1
27171	1
69214	1
92664	1
3931	1
60223	1
99226	1
17333	1
90363	1
65564	1
20059	1
98152	1
45974	1
8578	1
77315	1
60073	1
80826	1
38783	1
43757	1
27578	1
38062	1
96338	1
43591	1
86528	1
61830	1
19787	1
41077	1
62975	1
86138	1
95554	1
85634	1
87466	1
1548	1
17338	1
2386	1
42815	1
22062	1
18452	1
60495	1
87385	1
90163	1
7355	1
81699	1
39656	1
60946	1
58116	1
99622	1
41841	1
53244	1
62876	1
46157	1
69120	1
5962	1
47468	1
33527	1
26782	1
3380	1
85368	1
26803	1
64448	1
36355	1
68182	1
95211	1
11125	1
37312	1
1282	1
68846	1
69290	1
58083	1
50392	1
8349	1
20465	1
62508	1
97073	1
52753	1
11970	1
4159	1
12782	1
45347	1
3304	1
7168	1
25315	1
98923	1
14837	1
94796	1
7374	1
49417	1
93445	1
98065	1
56559	1
14516	1
70169	1
39028	1
17886	1
9023	1
58946	1
44452	1
49302	1
7259	1
85183	1
22924	1
14659	1
51066	1
26827	1
68870	1
68333	1
46211	1
33488	1
3224	1
61635	1
19592	1
35903	1
10710	1
11247	1
95333	1
23003	1
65046	1
67437	1
98699	1
77946	1
38665	1
36440	1
48905	1
66847	1
40498	1
91321	1
59293	1
92337	1
75252	1
74881	1
96637	1
12551	1
36455	1
90059	1
50371	1
60536	1
54923	1
18356	1
33746	1
86164	1
90496	1
48990	1
61807	1
29835	1
37264	1
62427	1
65063	1
59863	1
17820	1
42446	1
8065	1
24925	1
28383	1
30293	1
23020	1
49188	1
8231	1
92317	1
86879	1
10085	1
19937	1
94497	1
62681	1
46143	1
15361	1
59377	1
67092	1
21083	1
83342	1
2992	1
73063	1
40135	1
81855	1
84740	1
95294	1
94845	1
89088	1
94723	1
22484	1
89961	1
75746	1
51783	1
84632	1
90694	1
59226	1
43332	1
85375	1
1289	1
67167	1
83357	1
41314	1
81374	1
1959	1
28004	1
69510	1
71883	1
68203	1
26160	1
74647	1
89240	1
85687	1
39654	1
81697	1
6525	1
91429	1
82033	1
10299	1
14561	1
1601	1
75871	1
23761	1
59837	1
39811	1
54934	1
81467	1
12029	1
28649	1
35177	1
59371	1
93756	1
56051	1
14008	1
14957	1
93022	1
17399	1
59442	1
13798	1
78507	1
31902	1
39134	1
64873	1
89710	1
50972	1
73156	1
94095	1
44946	1
11818	1
81978	1
82915	1
40872	1
69667	1
77819	1
83674	1
86989	1
69127	1
90633	1
6547	1
11897	1
39732	1
3914	1
45957	1
2978	1
98859	1
22887	1
82133	1
66402	1
54973	1
83169	1
41126	1
99591	1
15505	1
41690	1
17328	1
64930	1
35122	1
13506	1
63590	1
15619	1
69386	1
27154	1
26785	1
96218	1
36329	1
78372	1
48870	1
64629	1
81055	1
14070	1
56113	1
18868	1
90256	1
12132	1
66363	1
4104	1
87377	1
3291	1
56943	1
26534	1
2093	1
63688	1
59851	1
50576	1
92619	1
97536	1
93765	1
51722	1
59656	1
17613	1
86179	1
13214	1
23242	1
47139	1
94128	1
30746	1
72331	1
21371	1
44750	1
87697	1
89835	1
99884	1
72711	1
63678	1
88383	1
48530	1
90573	1
566	1
98443	1
41225	1
58111	1
16068	1
60127	1
61639	1
33616	1
62994	1
14818	1
18168	1
58828	1
82552	1
4735	1
17168	1
34153	1
76196	1
85660	1
46568	1
78106	1
45009	1
97374	1
59424	1
77286	1
52721	1
21379	1
75049	1
26923	1
41427	1
1096	1
86933	1
94296	1
92876	1
30818	1
538	1
69506	1
786	1
81174	1
27867	1
69373	1
89450	1
30324	1
17100	1
33384	1
22120	1
24654	1
87125	1
12468	1
60256	1
18213	1
77336	1
15144	1
99230	1
52380	1
84379	1
38549	1
4873	1
5612	1
53335	1
42520	1
89250	1
41943	1
84872	1
26100	1
40214	1
85228	1
47986	1
90029	1
65661	1
69864	1
58215	1
57279	1
7563	1
72878	1
32493	1
27903	1
69946	1
86640	1
34069	1
24033	1
9630	1
59100	1
293	1
33011	1
89858	1
29782	1
1114	1
84126	1
11456	1
97821	1
3039	1
69205	1
19920	1
81439	1
98779	1
92979	1
38596	1
68593	1
58884	1
21772	1
79615	1
2880	1
65525	1
23482	1
73879	1
68535	1
52735	1
79669	1
43568	1
74064	1
32021	1
63490	1
67592	1
84479	1
42436	1
66449	1
41816	1
10060	1
65423	1
3164	1
35385	1
9034	1
51077	1
45578	1
83859	1
19462	1
71760	1
31193	1
37422	1
76438	1
60505	1
71769	1
58256	1
16213	1
645	1
25706	1
15191	1
57234	1
49848	1
91891	1
39832	1
63978	1
84731	1
18722	1
87580	1
78783	1
64157	1
37963	1
94420	1
56281	1
72617	1
30574	1
6153	1
76694	1
35188	1
77231	1
84716	1
57883	1
54520	1
12477	1
19630	1
24848	1
45063	1
88573	1
44276	1
2233	1
34652	1
39475	1
80981	1
92278	1
20101	1
97145	1
13059	1
93399	1
13152	1
55195	1
3361	1
8192	1
88571	1
95166	1
84276	1
13000	1
23333	1
6262	1
56729	1
79589	1
37546	1
63495	1
95817	1
12431	1
54474	1
96517	1
92084	1
50041	1
61786	1
21452	1
90045	1
10664	1
94750	1
49028	1
60129	1
34172	1
44662	1
37314	1
38243	1
97020	1
51273	1
16416	1
41162	1
90495	1
65361	1
92942	1
50899	1
54977	1
93316	1
91157	1
8954	1
64427	1
74002	1
31959	1
24948	1
63133	1
13124	1
8024	1
48002	1
36687	1
43803	1
95063	1
53020	1
8425	1
20377	1
35352	1
64683	1
53026	1
10983	1
19509	1
86059	1
44016	1
78093	1
4814	1
46857	1
26679	1
11252	1
87755	1
94802	1
10716	1
12242	1
96328	1
42908	1
22360	1
81361	1
32665	1
33629	1
87209	1
32039	1
74082	1
28580	1
70623	1
65970	1
6413	1
91305	1
87446	1
82703	1
40660	1
35507	1
75983	1
5200	1
89845	1
36002	1
90499	1
43830	1
92024	1
1749	1
43792	1
55905	1
13862	1
19120	1
54858	1
44699	1
2656	1
95873	1
74988	1
77598	1
35555	1
43562	1
65454	1
86742	1
14817	1
56860	1
38844	1
49453	1
7410	1
29210	1
39514	1
5913	1
96645	1
14017	1
16703	1
76129	1
34086	1
50319	1
92460	1
8374	1
50417	1
58932	1
73249	1
24292	1
39664	1
81707	1
22389	1
50264	1
61379	1
31437	1
30163	1
97669	1
13120	1
55163	1
97206	1
75981	1
55228	1
89752	1
8068	1
29160	1
71203	1
60292	1
18249	1
47903	1
85604	1
1518	1
57468	1
85580	1
24717	1
94535	1
35755	1
98028	1
13942	1
3315	1
40631	1
2568	1
36359	1
10780	1
1683	1
88567	1
46524	1
99142	1
15056	1
34691	1
76965	1
28105	1
83341	1
51394	1
18926	1
62883	1
64894	1
50134	1
59386	1
17343	1
57962	1
83097	1
62344	1
65733	1
30499	1
39772	1
49100	1
91143	1
90606	1
86107	1
78402	1
74286	1
89050	1
43388	1
73793	1
31750	1
18800	1
60843	1
66760	1
81816	1
39773	1
83394	1
67863	1
25820	1
31171	1
73214	1
9286	1
18910	1
1667	1
62112	1
40286	1
50147	1
92190	1
8104	1
93372	1
60953	1
94301	1
3214	1
63335	1
23097	1
45175	1
55862	1
42007	1
84050	1
77014	1
46477	1
3032	1
87118	1
14530	1
8475	1
32182	1
878	1
57133	1
20188	1
59631	1
17588	1
94551	1
88105	1
46062	1
44731	1
41401	1
17679	1
19526	1
5038	1
76988	1
4052	1
22287	1
34312	1
99861	1
94481	1
41466	1
96974	1
2888	1
45677	1
61653	1
12177	1
10621	1
39314	1
24239	1
75688	1
33768	1
17467	1
55309	1
97352	1
44570	1
2527	1
24018	1
65524	1
59351	1
89974	1
52059	1
39024	1
63222	1
35941	1
80702	1
38659	1
85332	1
26445	1
53802	1
86482	1
75462	1
19497	1
61003	1
18960	1
15825	1
59183	1
4146	1
1269	1
81027	1
76863	1
80855	1
69042	1
26999	1
45758	1
88130	1
26023	1
52845	1
94888	1
93981	1
92003	1
16441	1
58484	1
74504	1
8843	1
43552	1
84593	1
73795	1
25456	1
67499	1
19661	1
45941	1
68113	1
88866	1
16784	1
68467	1
26424	1
55952	1
76450	1
11389	1
95475	1
52895	1
77184	1
80181	1
58827	1
68171	1
93081	1
8995	1
82760	1
63050	1
29487	1
12124	1
56868	1
55226	1
26690	1
54787	1
34034	1
76077	1
13815	1
97901	1
59011	1
25096	1
98911	1
55416	1
97459	1
53101	1
83996	1
11851	1
535	1
62794	1
42682	1
99857	1
92768	1
54647	1
66139	1
45111	1
57028	1
70208	1
41019	1
21665	1
98230	1
56187	1
99726	1
46541	1
42300	1
84343	1
14416	1
56459	1
85818	1
88502	1
73363	1
15337	1
57380	1
99423	1
17592	1
72996	1
30953	1
86736	1
1732	1
40473	1
40309	1
66050	1
17970	1
76994	1
34951	1
35488	1
41014	1
53016	1
10973	1
57236	1
15193	1
10642	1
22438	1
51742	1
37656	1
99695	1
54791	1
34248	1
29522	1
48924	1
90967	1
92029	1
39821	1
67158	1
29064	1
61449	1
62087	1
97999	1
96141	1
77681	1
96752	1
36139	1
40251	1
58421	1
77722	1
36216	1
82758	1
38804	1
5429	1
89515	1
15609	1
65905	1
2508	1
84400	1
72504	1
97753	1
59662	1
84490	1
404	1
18309	1
21880	1
36265	1
85083	1
50776	1
30023	1
16983	1
27849	1
69892	1
39443	1
32224	1
52424	1
10918	1
22726	1
43479	1
92546	1
8460	1
68582	1
21392	1
74216	1
87246	1
3160	1
9718	1
37421	1
79464	1
93212	1
62397	1
83459	1
34985	1
67148	1
22087	1
51753	1
10247	1
89951	1
47908	1
69198	1
52131	1
31326	1
14232	1
67036	1
19891	1
82150	1
98818	1
56775	1
30235	1
22866	1
91373	1
65709	1
66625	1
87378	1
45335	1
92412	1
37922	1
62160	1
49330	1
61512	1
85380	1
1294	1
28815	1
52611	1
94654	1
38453	1
73369	1
71114	1
28736	1
64898	1
6815	1
90901	1
38166	1
15393	1
63613	1
29071	1
16794	1
70577	1
52696	1
57956	1
28015	1
84755	1
4183	1
91443	1
75412	1
26498	1
82248	1
57328	1
36575	1
48096	1
40778	1
76531	1
35025	1
32615	1
84944	1
74916	1
69888	1
99873	1
57830	1
68301	1
57153	1
1761	1
63559	1
69033	1
39483	1
65678	1
98020	1
55977	1
92959	1
33370	1
897	1
26990	1
48239	1
47743	1
42948	1
76103	1
66801	1
87554	1
1071	1
84144	1
42101	1
83603	1
858	1
15148	1
69631	1
65379	1
36442	1
34827	1
33673	1
59260	1
4416	1
55212	1
55845	1
58145	1
16102	1
1781	1
89208	1
6196	1
50161	1
85780	1
49252	1
20535	1
87795	1
6415	1
90501	1
25787	1
43311	1
1694	1
8655	1
51017	1
93060	1
31722	1
56985	1
85237	1
32724	1
20084	1
78044	1
9566	1
93652	1
84921	1
14802	1
98888	1
56845	1
32117	1
74160	1
61590	1
36001	1
49565	1
65336	1
25313	1
8215	1
92301	1
54118	1
2909	1
85135	1
6097	1
86674	1
27383	1
84503	1
99175	1
57132	1
5325	1
89411	1
14757	1
1049	1
2311	1
31242	1
87947	1
45904	1
6714	1
74703	1
85811	1
97927	1
11502	1
92210	1
46545	1
58061	1
72775	1
82143	1
40100	1
26283	1
34100	1
46086	1
4043	1
30596	1
51349	1
32093	1
11046	1
27298	1
56800	1
18625	1
53204	1
45330	1
17502	1
8840	1
92926	1
14112	1
45098	1
30127	1
72051	1
82246	1
24064	1
86323	1
2237	1
13543	1
55586	1
80430	1
55489	1
35520	1
19325	1
29244	1
68290	1
26247	1
88749	1
3396	1
48743	1
84728	1
71391	1
44000	1
11496	1
95582	1
36467	1
1640	1
40816	1
82859	1
30008	1
57011	1
36582	1
6147	1
39478	1
44314	1
8592	1
40106	1
33102	1
75145	1
39446	1
32143	1
79308	1
53930	1
92646	1
57452	1
34796	1
89245	1
45127	1
53059	1
11156	1
53199	1
80323	1
38280	1
51330	1
93373	1
73812	1
31769	1
65058	1
11553	1
91024	1
7085	1
91171	1
49128	1
39174	1
79190	1
89394	1
39435	1
65909	1
15520	1
71006	1
28963	1
40048	1
1435	1
43478	1
81478	1
47888	1
1053	1
23182	1
306	1
64229	1
48733	1
51881	1
33681	1
8862	1
25998	1
61599	1
57944	1
99987	1
24661	1
16624	1
95912	1
66556	1
63023	1
23223	1
1507	1
58569	1
27494	1
8233	1
92319	1
24473	1
81602	1
6392	1
74764	1
70539	1
16748	1
76911	1
34868	1
97664	1
48023	1
5980	1
91232	1
28547	1
38663	1
90983	1
6897	1
15648	1
41872	1
99990	1
57947	1
42766	1
66078	1
24035	1
30001	1
72657	1
30614	1
50425	1
18226	1
723	1
13410	1
31690	1
18488	1
63854	1
94018	1
17009	1
93713	1
34981	1
4648	1
84004	1
44571	1
29042	1
74470	1
76475	1
55241	1
13198	1
64010	1
7643	1
25401	1
77201	1
35158	1
44463	1
43777	1
1734	1
37978	1
64453	1
17446	1
36682	1
25223	1
91518	1
7432	1
35270	1
70608	1
97215	1
44930	1
96085	1
59489	1
23600	1
44324	1
2281	1
6597	1
8180	1
92266	1
49686	1
62890	1
27958	1
36463	1
66216	1
42710	1
667	1
52750	1
20389	1
30524	1
87255	1
58583	1
26404	1
99964	1
39801	1
60554	1
67374	1
56464	1
97496	1
26777	1
19410	1
3086	1
45129	1
77114	1
40550	1
29207	1
94776	1
86814	1
20208	1
35483	1
60437	1
84879	1
53970	1
81422	1
39379	1
79730	1
96656	1
14750	1
56793	1
73642	1
32136	1
5032	1
42801	1
99465	1
78712	1
86787	1
8214	1
69469	1
27426	1
86865	1
66112	1
31466	1
15955	1
35153	1
82485	1
19260	1
77352	1
63487	1
84240	1
42197	1
14301	1
11926	1
74185	1
16744	1
40442	1
18498	1
53151	1
61790	1
36668	1
96384	1
54341	1
45281	1
56554	1
20244	1
26521	1
3942	1
58930	1
37125	1
61267	1
46937	1
92124	1
83256	1
15048	1
57091	1
73044	1
93450	1
62998	1
44535	1
86578	1
40000	1
8111	1
46972	1
59074	1
38321	1
70377	1
28334	1
40764	1
2525	1
44568	1
97319	1
19597	1
81856	1
78555	1
36512	1
99308	1
9018	1
29771	1
41750	1
44569	1
3571	1
87657	1
76280	1
38806	1
1837	1
22590	1
87935	1
86612	1
14335	1
25707	1
67750	1
98363	1
13163	1
70184	1
49431	1
33509	1
52775	1
25980	1
35973	1
8688	1
57010	1
99053	1
98516	1
41015	1
11203	1
14300	1
98575	1
67486	1
84115	1
99361	1
78608	1
29197	1
71240	1
8444	1
92530	1
25275	1
24421	1
91153	1
49	1
34758	1
89359	1
5273	1
25000	1
67043	1
62218	1
48789	1
28036	1
55967	1
14461	1
80830	1
43964	1
47331	1
76566	1
46874	1
23767	1
67586	1
92893	1
4467	1
12140	1
96226	1
86808	1
88917	1
90504	1
86598	1
65845	1
23802	1
42057	1
21160	1
62666	1
14922	1
89468	1
13699	1
48457	1
89963	1
47920	1
71417	1
82547	1
61794	1
5170	1
97486	1
6456	1
29351	1
91610	1
91776	1
57049	1
13275	1
75534	1
38333	1
4050	1
55275	1
13232	1
52891	1
62208	1
77107	1
19700	1
81959	1
92963	1
14584	1
87062	1
7744	1
49787	1
32580	1
37837	1
30200	1
71706	1
57763	1
58886	1
59282	1
17776	1
4380	1
85955	1
45058	1
68017	1
26511	1
16843	1
20395	1
42576	1
21823	1
1070	1
85156	1
26183	1
24624	1
25796	1
17157	1
51431	1
98670	1
13510	1
32556	1
54994	1
71722	1
34588	1
76631	1
5896	1
14495	1
14409	1
56452	1
70303	1
28260	1
5173	1
18237	1
21879	1
87334	1
15531	1
57574	1
92185	1
33367	1
10150	1
1705	1
14311	1
34740	1
64410	1
3248	1
99558	1
57515	1
10760	1
95667	1
44204	1
23451	1
44112	1
21163	1
92755	1
55911	1
97954	1
19349	1
61392	1
60855	1
40102	1
410	1
14772	1
63206	1
24150	1
24855	1
1699	1
66824	1
42387	1
56091	1
85155	1
19538	1
21491	1
5188	1
19150	1
61193	1
60656	1
14149	1
49324	1
70077	1
81295	1
28639	1
90267	1
48224	1
34096	1
76139	1
13343	1
76754	1
34711	1
43472	1
98858	1
90307	1
91900	1
73043	1
2632	1
44675	1
64891	1
50093	1
78016	1
64225	1
22719	1
51690	1
93733	1
9647	1
72443	1
30400	1
81366	1
67846	1
86682	1
2596	1
61912	1
14866	1
56372	1
40652	1
24967	1
25803	1
24736	1
46256	1
44630	1
2587	1
89009	1
46966	1
57443	1
99486	1
50736	1
87780	1
3694	1
22689	1
9975	1
14309	1
98395	1
20577	1
87516	1
11825	1
75476	1
94850	1
16431	1
2907	1
86993	1
15736	1
29789	1
50542	1
44148	1
33095	1
29217	1
49970	1
38711	1
49971	1
7928	1
95963	1
2105	1
56470	1
60866	1
21902	1
1149	1
76736	1
81230	1
16107	1
37457	1
18402	1
86447	1
80845	1
430	1
69437	1
27394	1
6104	1
48147	1
27931	1
55629	1
63630	1
77986	1
34653	1
47278	1
12193	1
3096	1
24923	1
29498	1
50251	1
74704	1
61863	1
18126	1
6274	1
38196	1
57625	1
15582	1
99668	1
32661	1
1996	1
63011	1
20968	1
3235	1
44741	1
2327	1
23965	1
65988	1
45235	1
19906	1
45456	1
24703	1
94240	1
47367	1
26614	1
68120	1
4799	1
61949	1
5117	1
36390	1
86777	1
60985	1
94521	1
52478	1
73768	1
31725	1
39253	1
11741	1
63347	1
84184	1
9440	1
77463	1
97839	1
97593	1
13507	1
14581	1
1088	1
33227	1
53184	1
85911	1
43331	1
1288	1
28801	1
15366	1
42877	1
74915	1
20599	1
31575	1
52328	1
48270	1
98279	1
93962	1
95131	1
32872	1
80661	1
27626	1
8615	1
28831	1
18610	1
18695	1
37563	1
79606	1
93105	1
17240	1
79499	1
98752	1
14666	1
95445	1
11359	1
53939	1
51062	1
82845	1
9556	1
52818	1
9682	1
52364	1
1516	1
88461	1
96540	1
74573	1
51163	1
43141	1
22388	1
21768	1
45113	1
18050	1
72456	1
51703	1
93206	1
33067	1
86626	1
49583	1
7540	1
91626	1
74932	1
19501	1
3930	1
62092	1
24601	1
25247	1
87506	1
52772	1
78468	1
46871	1
12969	1
86683	1
44640	1
64164	1
18858	1
47624	1
45449	1
3406	1
24696	1
61979	1
11881	1
56216	1
89601	1
69722	1
48969	1
17487	1
82749	1
40706	1
80651	1
59496	1
68848	1
21851	1
5515	1
47437	1
38765	1
80808	1
27328	1
19259	1
22121	1
4903	1
93272	1
82610	1
46398	1
7130	1
49435	1
69593	1
30999	1
88342	1
52314	1
25656	1
4526	1
43055	1
2	1
83014	1
55666	1
74816	1
69460	1
2404	1
32687	1
39914	1
66023	1
23980	1
3764	1
99502	1
32313	1
12020	1
90213	1
13237	1
96249	1
12163	1
64072	1
22029	1
77258	1
9066	1
91751	1
60007	1
89652	1
5566	1
66831	1
91384	1
13968	1
88409	1
62149	1
40859	1
71534	1
51168	1
36832	1
73556	1
94309	1
41958	1
11586	1
19415	1
63894	1
15142	1
21194	1
32261	1
21843	1
7988	1
67331	1
25288	1
85798	1
99228	1
37910	1
92083	1
29824	1
80288	1
18029	1
60072	1
7203	1
9275	1
51769	1
43233	1
1190	1
85590	1
91161	1
7075	1
49118	1
6060	1
71791	1
63986	1
49846	1
71233	1
65458	1
44766	1
86809	1
51544	1
40058	1
59145	1
64771	1
3176	1
38354	1
76017	1
46376	1
84527	1
42484	1
31726	1
14447	1
17102	1
85524	1
26252	1
89048	1
95249	1
7838	1
57196	1
15690	1
77949	1
35014	1
99305	1
89185	1
47142	1
43344	1
26746	1
2106	1
43612	1
97273	1
24394	1
73929	1
17172	1
37925	1
79968	1
60740	1
39987	1
87890	1
3804	1
50832	1
87069	1
2983	1
47452	1
68613	1
33945	1
86624	1
74104	1
71585	1
27370	1
92875	1
82725	1
40682	1
22279	1
47689	1
89732	1
11544	1
65900	1
41636	1
91869	1
49826	1
19532	1
47585	1
50289	1
39844	1
60797	1
83679	1
32537	1
27770	1
20512	1
756	1
84842	1
63015	1
96285	1
61119	1
5794	1
53646	1
67154	1
59907	1
94999	1
44785	1
22897	1
27762	1
69805	1
11603	1
47300	1
32338	1
54470	1
74261	1
78334	1
16075	1
57757	1
99263	1
7054	1
35127	1
73885	1
31842	1
94638	1
31746	1
73789	1
52499	1
79217	1
91574	1
79377	1
55880	1
4756	1
92797	1
8711	1
70162	1
12176	1
53682	1
69413	1
56563	1
49397	1
35499	1
37380	1
55471	1
76224	1
11086	1
93226	1
11709	1
43186	1
98802	1
14716	1
24405	1
65911	1
3652	1
16223	1
73589	1
945	1
9435	1
71694	1
29711	1
54130	1
65949	1
37226	1
87302	1
85031	1
54833	1
37621	1
71144	1
35980	1
16155	1
53140	1
21826	1
34428	1
88085	1
90240	1
87642	1
15200	1
36238	1
56991	1
77744	1
8818	1
33443	1
12690	1
3999	1
51025	1
313	1
7212	1
31202	1
91290	1
58089	1
37336	1
60817	1
31721	1
77338	1
2059	1
15858	1
57901	1
8512	1
37410	1
57961	1
16455	1
57122	1
29091	1
70597	1
75752	1
34909	1
18106	1
38859	1
58581	1
95959	1
56358	1
57267	1
78825	1
24243	1
86502	1
3490	1
84253	1
63500	1
14852	1
52115	1
38580	1
73226	1
85057	1
27111	1
89370	1
95309	1
35832	1
1101	1
43376	1
25587	1
76484	1
55731	1
22928	1
64434	1
85187	1
43144	1
22623	1
49092	1
27487	1
68993	1
84972	1
42929	1
94316	1
84157	1
50451	1
88992	1
91463	1
8451	1
72271	1
61399	1
3208	1
77100	1
92871	1
18155	1
53562	1
26879	1
27011	1
54956	1
84458	1
22199	1
4101	1
46144	1
42839	1
32026	1
38222	1
50888	1
88845	1
31925	1
24919	1
45773	1
87816	1
74069	1
54180	1
11810	1
83580	1
8607	1
51187	1
68003	1
54992	1
63255	1
49767	1
2234	1
90912	1
69992	1
27949	1
514	1
36157	1
78200	1
77034	1
93262	1
25648	1
41284	1
82790	1
71022	1
73033	1
84682	1
1670	1
43713	1
97091	1
87662	1
16817	1
79076	1
80840	1
38797	1
60087	1
92579	1
55048	1
25403	1
96299	1
96677	1
29587	1
21676	1
68898	1
34497	1
46312	1
4806	1
60889	1
13865	1
35448	1
14930	1
89717	1
90968	1
32270	1
95066	1
11224	1
45199	1
10957	1
91529	1
78160	1
36654	1
25172	1
97571	1
56065	1
98108	1
14675	1
21333	1
93709	1
51666	1
23485	1
48169	1
35923	1
83911	1
42405	1
28381	1
92390	1
24361	1
45114	1
30787	1
72830	1
52077	1
21689	1
6143	1
7112	1
87242	1
70402	1
20521	1
46122	1
25369	1
67412	1
59507	1
78501	1
18229	1
11307	1
95393	1
99860	1
16848	1
1677	1
19576	1
5202	1
47245	1
37508	1
83349	1
41306	1
62596	1
64379	1
34385	1
13632	1
96644	1
79551	1
26914	1
92949	1
69056	1
6797	1
90883	1
43004	1
961	1
36589	1
57703	1
37776	1
196	1
84282	1
41702	1
37681	1
99940	1
45843	1
868	1
17560	1
3031	1
80502	1
69402	1
44644	1
63436	1
55322	1
45055	1
65808	1
99751	1
61279	1
19653	1
40406	1
81912	1
11094	1
6054	1
14521	1
98607	1
24281	1
20815	1
82032	1
39989	1
40377	1
83313	1
301	1
7531	1
90543	1
19665	1
37107	1
94510	1
52467	1
19318	1
6983	1
40151	1
75921	1
96674	1
49904	1
32193	1
79150	1
78613	1
32890	1
40396	1
73809	1
20429	1
60881	1
45926	1
75613	1
13354	1
30009	1
49204	1
91247	1
70494	1
54621	1
43247	1
79348	1
30005	1
49280	1
99222	1
36963	1
48017	1
83558	1
21775	1
64835	1
47989	1
6442	1
83042	1
4776	1
60017	1
22575	1
67939	1
37744	1
68742	1
91921	1
98688	1
56645	1
45809	1
21060	1
19	1
81011	1
38968	1
37305	1
94389	1
2964	1
62166	1
53746	1
36297	1
15544	1
29992	1
32772	1
74278	1
1890	1
74574	1
48783	1
47660	1
89166	1
90268	1
60079	1
21216	1
87907	1
80257	1
3546	1
87632	1
19528	1
12689	1
18442	1
98608	1
5505	1
42313	1
41547	1
59504	1
28578	1
61784	1
78176	1
36670	1
57738	1
40153	1
16939	1
70178	1
90931	1
88302	1
11590	1
40827	1
8106	1
3751	1
99951	1
51655	1
63536	1
89643	1
48137	1
93395	1
9309	1
74559	1
77276	1
22764	1
70399	1
55098	1
97141	1
96604	1
61020	1
79896	1
8543	1
83574	1
8140	1
64807	1
99357	1
91726	1
30635	1
72678	1
18158	1
55544	1
34791	1
22736	1
38895	1
70249	1
95317	1
33058	1
29529	1
57685	1
13003	1
96552	1
80938	1
64293	1
18679	1
39091	1
32114	1
11361	1
91858	1
28665	1
52139	1
1871	1
39031	1
43517	1
40493	1
1144	1
43600	1
22847	1
10429	1
52472	1
93441	1
14224	1
10421	1
94507	1
31174	1
25457	1
85195	1
41360	1
85046	1
60412	1
84747	1
27732	1
6979	1
91065	1
5541	1
49667	1
59444	1
17401	1
79441	1
83891	1
41848	1
63138	1
62511	1
43771	1
99365	1
92238	1
50195	1
21795	1
52132	1
54006	1
48528	1
6485	1
83829	1
41786	1
84054	1
63301	1
71485	1
67483	1
8854	1
95628	1
5238	1
9030	1
71289	1
88149	1
17182	1
19531	1
18959	1
8771	1
71030	1
15034	1
78341	1
15601	1
72886	1
46022	1
68876	1
81790	1
8110	1
4478	1
25231	1
53696	1
13033	1
86352	1
65599	1
9786	1
29442	1
14881	1
56924	1
56387	1
41730	1
18807	1
81998	1
44548	1
10409	1
51006	1
23747	1
65253	1
33116	1
55106	1
97149	1
55594	1
48123	1
4896	1
17314	1
59357	1
83311	1
41079	1
23427	1
36930	1
87908	1
67155	1
58820	1
79613	1
57717	1
15674	1
10500	1
126	1
46852	1
20066	1
11667	1
94857	1
84246	1
5140	1
67399	1
27026	1
70042	1
67767	1
11308	1
52814	1
55854	1
63426	1
61836	1
81249	1
51384	1
42432	1
84475	1
69732	1
58614	1
29776	1
8658	1
29411	1
57880	1
33034	1
43300	1
22853	1
92035	1
49992	1
93268	1
71819	1
28990	1
49743	1
95842	1
53799	1
11756	1
31699	1
52452	1
7282	1
31896	1
7027	1
49070	1
69286	1
93727	1
9641	1
98460	1
56954	1
45244	1
49325	1
69541	1
14282	1
56325	1
51807	1
9764	1
76967	1
48227	1
34196	1
86549	1
95790	1
38808	1
45731	1
70930	1
96646	1
9117	1
46518	1
18766	1
96797	1
20162	1
39953	1
67723	1
89550	1
30654	1
44235	1
61809	1
58481	1
26565	1
81667	1
4841	1
48216	1
66289	1
24246	1
34860	1
23601	1
34661	1
96920	1
77359	1
94810	1
10724	1
22108	1
84367	1
25228	1
58864	1
47685	1
42909	1
29858	1
73962	1
31919	1
673	1
37574	1
16821	1
6396	1
90520	1
48477	1
69767	1
94084	1
52578	1
94621	1
10535	1
29924	1
75169	1
90187	1
78640	1
53844	1
11801	1
69072	1
38885	1
67785	1
5526	1
27081	1
33126	1
41642	1
58718	1
64078	1
15109	1
1165	1
44403	1
11748	1
76652	1
89081	1
82837	1
61543	1
13146	1
50697	1
8654	1
53791	1
11699	1
61797	1
86833	1
2747	1
88537	1
87198	1
53038	1
39489	1
5678	1
13587	1
3201	1
86750	1
2664	1
53406	1
70432	1
33648	1
36010	1
15257	1
74211	1
40992	1
88489	1
67671	1
51622	1
47680	1
5637	1
79305	1
62274	1
77041	1
96020	1
13008	1
5294	1
6435	1
97022	1
59353	1
17310	1
39230	1
39727	1
14002	1
94482	1
26218	1
68261	1
69712	1
27669	1
47474	1
89517	1
31861	1
96038	1
40548	1
82591	1
60441	1
12325	1
89571	1
64077	1
42787	1
5649	1
38092	1
80135	1
11828	1
21938	1
38709	1
82141	1
62108	1
84052	1
58743	1
67505	1
88258	1
35918	1
98207	1
92166	1
50660	1
92703	1
92608	1
84101	1
31064	1
58510	1
3175	1
69637	1
90390	1
43963	1
35819	1
37453	1
71140	1
30848	1
47413	1
14485	1
63132	1
60222	1
15812	1
73438	1
18751	1
67430	1
7895	1
49938	1
59845	1
66959	1
84260	1
42217	1
63507	1
5101	1
33024	1
74899	1
60945	1
65889	1
28619	1
90878	1
48835	1
92756	1
12808	1
47144	1
38605	1
65053	1
37445	1
79488	1
37375	1
77737	1
42187	1
99814	1
92974	1
59590	1
17547	1
39394	1
44209	1
27793	1
69836	1
49391	1
29097	1
32394	1
73900	1
15496	1
10903	1
31656	1
95054	1
34899	1
76942	1
78215	1
90880	1
47357	1
96379	1
54336	1
54873	1
68630	1
26587	1
40225	1
48837	1
19654	1
40407	1
17087	1
83140	1
86415	1
3403	1
93128	1
13277	1
30928	1
91624	1
49581	1
64622	1
62259	1
94819	1
10733	1
51681	1
9638	1
79089	1
79048	1
37542	1
79585	1
2221	1
86307	1
23621	1
97491	1
69417	1
93988	1
70856	1
23630	1
63040	1
53926	1
16327	1
71798	1
77228	1
97981	1
40843	1
20934	1
181	1
84267	1
4875	1
87887	1
46381	1
66372	1
80545	1
60433	1
28508	1
70551	1
52083	1
10040	1
72836	1
44561	1
97476	1
13390	1
54997	1
87065	1
95062	1
10976	1
37050	1
51541	1
90667	1
82663	1
66077	1
67595	1
88348	1
1958	1
76624	1
19275	1
31655	1
59645	1
22536	1
93320	1
13230	1
28974	1
24176	1
85576	1
69719	1
51391	1
51847	1
93890	1
21536	1
54574	1
60989	1
4957	1
63781	1
43028	1
1522	1
622	1
81334	1
18612	1
62106	1
90612	1
42979	1
84174	1
81085	1
39042	1
87417	1
6888	1
15621	1
25782	1
63842	1
1046	1
43089	1
12343	1
54386	1
68741	1
84896	1
15683	1
31622	1
97725	1
61632	1
25432	1
67475	1
83277	1
3144	1
89735	1
24154	1
77021	1
42721	1
84227	1
141	1
93420	1
9334	1
47330	1
89373	1
96080	1
66197	1
74386	1
12127	1
96213	1
20925	1
11627	1
10410	1
7060	1
93273	1
10261	1
52304	1
14437	1
56480	1
13363	1
49040	1
90072	1
45781	1
91146	1
28151	1
32300	1
72555	1
18827	1
93093	1
85692	1
50607	1
86449	1
71236	1
61655	1
84953	1
867	1
65200	1
83860	1
18538	1
83059	1
29317	1
24190	1
58953	1
58992	1
7801	1
72263	1
30220	1
17950	1
18458	1
5690	1
61048	1
15652	1
13082	1
83450	1
60341	1
48719	1
81632	1
47733	1
40295	1
27301	1
68807	1
63324	1
18282	1
71981	1
29938	1
18287	1
97338	1
34443	1
91540	1
7500	1
82565	1
20057	1
70146	1
34607	1
52374	1
31621	1
23942	1
35063	1
55816	1
97859	1
62782	1
11193	1
9167	1
51210	1
94355	1
25	1
84111	1
59487	1
59650	1
48512	1
43422	1
80143	1
17884	1
96872	1
10269	1
278	1
42321	1
83290	1
57823	1
16317	1
43359	1
68665	1
40134	1
15305	1
57348	1
29563	1
19426	1
84940	1
1928	1
22681	1
82177	1
28969	1
35126	1
33244	1
53997	1
21274	1
48611	1
90654	1
75582	1
54829	1
84719	1
58903	1
9667	1
22957	1
65000	1
89606	1
59797	1
69018	1
42676	1
9203	1
21923	1
62234	1
67970	1
2242	1
37665	1
11327	1
58099	1
92349	1
53375	1
22038	1
43593	1
58635	1
56423	1
98466	1
50840	1
70681	1
11760	1
68175	1
3347	1
4421	1
51688	1
93731	1
33154	1
6336	1
36965	1
99224	1
84618	1
71399	1
90921	1
57663	1
15297	1
27734	1
6981	1
51078	1
9035	1
1191	1
93766	1
63021	1
20978	1
10781	1
52824	1
28751	1
45550	1
44402	1
36290	1
41768	1
83811	1
93897	1
51854	1
44796	1
86839	1
4089	1
78333	1
2359	1
77093	1
35587	1
31431	1
97358	1
55315	1
72282	1
50585	1
8466	1
50030	1
1480	1
28655	1
49408	1
85790	1
46221	1
45915	1
3872	1
66668	1
64592	1
92073	1
19671	1
37750	1
18870	1
16269	1
44052	1
28222	1
36482	1
76328	1
62095	1
24461	1
81021	1
18762	1
54921	1
80189	1
52669	1
34285	1
50306	1
12885	1
96971	1
33638	1
72164	1
63295	1
16487	1
61992	1
83836	1
61145	1
80579	1
97713	1
27181	1
86466	1
87248	1
48118	1
8652	1
19213	1
41793	1
29655	1
56488	1
14982	1
91105	1
78781	1
34003	1
185	1
51079	1
88979	1
26067	1
46769	1
29548	1
71054	1
31823	1
28612	1
21562	1
84271	1
30326	1
48865	1
68315	1
9835	1
95313	1
51524	1
63163	1
42410	1
94455	1
64551	1
48723	1
88336	1
58231	1
72095	1
73890	1
94643	1
52600	1
27314	1
96626	1
7329	1
52441	1
39458	1
81501	1
31394	1
34198	1
82313	1
25054	1
84724	1
93468	1
94040	1
97680	1
37919	1
23689	1
65732	1
48268	1
4893	1
67097	1
69195	1
47399	1
88905	1
70280	1
17917	1
48067	1
71713	1
14394	1
56437	1
70044	1
83174	1
42923	1
880	1
41090	1
37971	1
55363	1
29670	1
50960	1
93364	1
60741	1
29725	1
50478	1
9550	1
93636	1
58710	1
59816	1
39063	1
81106	1
62176	1
84530	1
444	1
75196	1
92357	1
51593	1
31232	1
51448	1
62304	1
17722	1
95506	1
11420	1
4978	1
38449	1
85669	1
29601	1
71644	1
28882	1
35327	1
92932	1
73577	1
8721	1
39120	1
28696	1
52852	1
32099	1
98696	1
97424	1
55918	1
35778	1
29048	1
49891	1
78342	1
94890	1
52847	1
23370	1
31273	1
41818	1
83861	1
21065	1
63108	1
19405	1
89860	1
79584	1
98300	1
44023	1
1980	1
67264	1
70739	1
23169	1
50076	1
8033	1
99947	1
37688	1
58579	1
53779	1
53845	1
40559	1
59990	1
60121	1
22598	1
51772	1
38819	1
80862	1
63827	1
96714	1
13122	1
34264	1
87610	1
66857	1
39522	1
12720	1
36857	1
78900	1
87954	1
26909	1
49310	1
43164	1
1121	1
63917	1
45898	1
48444	1
46225	1
19503	1
3953	1
14815	1
56841	1
11349	1
10330	1
19156	1
53681	1
34187	1
92405	1
56321	1
49193	1
56858	1
98901	1
45457	1
17178	1
79437	1
30552	1
94906	1
63848	1
38767	1
49847	1
1676	1
70310	1
37877	1
61713	1
98715	1
75404	1
37233	1
52652	1
18014	1
96245	1
89896	1
69143	1
27100	1
33903	1
78499	1
90699	1
36473	1
73554	1
8034	1
3653	1
4293	1
46336	1
63428	1
85787	1
44075	1
694	1
47656	1
95365	1
17039	1
4404	1
85411	1
58267	1
34859	1
37880	1
12584	1
17995	1
12848	1
55974	1
38009	1
38371	1
74346	1
32303	1
10605	1
10450	1
95596	1
733	1
54950	1
18407	1
66310	1
18743	1
82714	1
40671	1
19908	1
19393	1
84973	1
46246	1
4401	1
38532	1
46127	1
88108	1
25849	1
84525	1
69226	1
21800	1
29158	1
8405	1
50448	1
66475	1
24432	1
56534	1
63875	1
86997	1
45491	1
39597	1
1857	1
84869	1
54863	1
82556	1
43122	1
18922	1
57896	1
91400	1
19441	1
78773	1
92976	1
9964	1
94050	1
80129	1
93569	1
56391	1
78538	1
61682	1
19172	1
61215	1
15430	1
35646	1
57292	1
7897	1
25193	1
66699	1
4694	1
67490	1
40814	1
48047	1
56762	1
89648	1
48426	1
6383	1
24933	1
56636	1
60864	1
40111	1
24286	1
10742	1
72643	1
77023	1
91620	1
8608	1
8096	1
70355	1
35131	1
50186	1
70833	1
54492	1
64205	1
30873	1
72916	1
61488	1
60951	1
89763	1
77593	1
35550	1
22162	1
19897	1
16557	1
58600	1
78816	1
94466	1
32207	1
51695	1
93738	1
30268	1
94622	1
97959	1
15401	1
98413	1
39859	1
51147	1
19009	1
48645	1
41335	1
78859	1
84605	1
42562	1
98332	1
36331	1
44702	1
86745	1
24075	1
5051	1
88035	1
92395	1
87285	1
50043	1
37851	1
42030	1
84073	1
38442	1
15739	1
28956	1
49709	1
85432	1
83947	1
42441	1
20308	1
63503	1
15088	1
96657	1
99585	1
43468	1
1425	1
72053	1
92806	1
51837	1
36158	1
5506	1
57668	1
3909	1
35051	1
79535	1
37492	1
58782	1
79948	1
37905	1
43567	1
49406	1
90375	1
78453	1
40187	1
56345	1
98292	1
15280	1
22814	1
1256	1
1524	1
59397	1
70087	1
28581	1
58865	1
58531	1
22150	1
82841	1
73443	1
47549	1
88769	1
68016	1
6317	1
84129	1
1117	1
59865	1
31400	1
84352	1
72906	1
93659	1
29186	1
41550	1
15155	1
10241	1
53904	1
38474	1
26640	1
47393	1
59451	1
17945	1
46488	1
58813	1
17307	1
79566	1
50163	1
5181	1
25240	1
45993	1
66539	1
50504	1
16429	1
86510	1
44467	1
74773	1
32730	1
53483	1
2278	1
54057	1
90176	1
69423	1
49207	1
27917	1
49084	1
62854	1
94138	1
83318	1
41275	1
183	1
66721	1
23639	1
65145	1
95633	1
89204	1
68451	1
44773	1
64989	1
11664	1
2886	1
63200	1
21157	1
74094	1
76866	1
34823	1
35360	1
97619	1
69036	1
52843	1
12148	1
10684	1
1219	1
80582	1
32278	1
68277	1
21211	1
67098	1
70834	1
56063	1
58654	1
91375	1
7289	1
59258	1
70285	1
97562	1
26756	1
1695	1
82856	1
26740	1
41735	1
62488	1
17227	1
75858	1
80558	1
22142	1
8738	1
50244	1
94773	1
77369	1
19656	1
10151	1
53886	1
44234	1
2191	1
39382	1
29523	1
522	1
83529	1
21270	1
28398	1
37513	1
34268	1
96527	1
68823	1
89576	1
47932	1
4414	1
93509	1
30993	1
93252	1
47332	1
52449	1
48309	1
69062	1
66673	1
84927	1
45920	1
913	1
83925	1
25475	1
5856	1
17153	1
80695	1
55576	1
12664	1
33417	1
65784	1
92862	1
50675	1
71428	1
35857	1
58985	1
66110	1
31435	1
49442	1
66981	1
24938	1
66444	1
93163	1
83684	1
1433	1
51950	1
90392	1
5424	1
46930	1
72895	1
30852	1
65150	1
83617	1
31293	1
474	1
49641	1
49360	1
75011	1
99067	1
15518	1
73907	1
79794	1
78034	1
54761	1
98450	1
14364	1
53005	1
73758	1
77546	1
90811	1
7799	1
49305	1
43121	1
63874	1
70635	1
49882	1
28780	1
35029	1
4266	1
55754	1
75970	1
46990	1
53300	1
17349	1
70286	1
80126	1
70823	1
48996	1
47133	1
29625	1
33741	1
54494	1
40415	1
31667	1
17867	1
90602	1
909	1
85028	1
58894	1
79647	1
39288	1
80794	1
28394	1
69399	1
37766	1
36193	1
48934	1
99460	1
31864	1
12867	1
76072	1
13813	1
20145	1
60466	1
45525	1
66278	1
36890	1
54373	1
38653	1
25289	1
66795	1
3140	1
44646	1
65399	1
54035	1
14131	1
35689	1
80159	1
99427	1
16415	1
41122	1
20369	1
90460	1
2821	1
54186	1
36953	1
78459	1
39745	1
91666	1
81198	1
11857	1
53900	1
17066	1
24450	1
93418	1
72665	1
76014	1
70495	1
32610	1
62540	1
24376	1
51509	1
37913	1
16623	1
79419	1
41229	1
68173	1
5914	1
93926	1
16906	1
71848	1
51095	1
28570	1
5841	1
23724	1
7021	1
78932	1
57642	1
58179	1
49076	1
16359	1
30969	1
50228	1
29352	1
79011	1
48364	1
8119	1
31462	1
80828	1
18569	1
22027	1
12102	1
58637	1
27611	1
86530	1
55611	1
94002	1
72712	1
82220	1
60214	1
91657	1
3294	1
24047	1
16917	1
58960	1
38207	1
85150	1
22891	1
2759	1
82500	1
61261	1
50256	1
71009	1
44147	1
2822	1
93667	1
31472	1
52225	1
84943	1
18374	1
95423	1
11337	1
53380	1
33164	1
12411	1
53917	1
43437	1
39127	1
59135	1
86050	1
3038	1
62091	1
72248	1
66510	1
91602	1
343	1
83543	1
18178	1
81099	1
43992	1
66569	1
87322	1
4310	1
52612	1
75779	1
96532	1
34273	1
61079	1
26375	1
58538	1
86306	1
63585	1
11407	1
63393	1
1134	1
15671	1
85721	1
64968	1
74202	1
31868	1
52913	1
74188	1
52898	1
94404	1
61099	1
61636	1
31929	1
54976	1
77326	1
73477	1
63204	1
8150	1
11732	1
53775	1
74528	1
12269	1
55787	1
41453	1
75195	1
71729	1
48048	1
99730	1
95403	1
2325	1
90747	1
76474	1
86747	1
13044	1
75840	1
25448	1
8073	1
50116	1
78518	1
77011	1
60773	1
92213	1
50170	1
29954	1
34131	1
88323	1
21096	1
70312	1
34968	1
39348	1
44458	1
2415	1
56078	1
97584	1
5451	1
35940	1
27151	1
45902	1
13755	1
97841	1
58470	1
72687	1
62502	1
26108	1
59509	1
18003	1
27655	1
89914	1
2654	1
77975	1
26196	1
98314	1
4490	1
27158	1
69201	1
68738	1
27232	1
917	1
68955	1
10669	1
85638	1
27334	1
78420	1
57667	1
16161	1
73823	1
48274	1
89780	1
51569	1
66650	1
4391	1
40079	1
12384	1
94215	1
22837	1
85096	1
59617	1
95280	1
33021	1
41897	1
36276	1
8505	1
81183	1
70511	1
38864	1
76717	1
64262	1
8383	1
70642	1
26922	1
68428	1
7254	1
99918	1
43383	1
32318	1
53071	1
31989	1
93627	1
52121	1
40710	1
92075	1
29816	1
14980	1
39450	1
10607	1
94693	1
52650	1
871	1
42377	1
71691	1
70656	1
91409	1
53935	1
32975	1
28052	1
70095	1
77577	1
71484	1
35240	1
64543	1
85296	1
64750	1
57394	1
67874	1
9959	1
78766	1
58799	1
79823	1
31686	1
78072	1
87394	1
78654	1
84378	1
22119	1
41573	1
83079	1
30839	1
19371	1
90553	1
30369	1
1489	1
94317	1
48747	1
1877	1
77062	1
13240	1
27721	1
58540	1
37787	1
30212	1
50965	1
34482	1
24209	1
86468	1
67904	1
88657	1
21610	1
43867	1
10546	1
1777	1
65543	1
45327	1
14178	1
2425	1
18305	1
4211	1
63026	1
62075	1
49750	1
59616	1
18731	1
80990	1
10106	1
51612	1
41605	1
69468	1
35604	1
39202	1
1207	1
32440	1
13389	1
89398	1
20852	1
75986	1
22085	1
73514	1
72684	1
88751	1
88104	1
46061	1
32793	1
64125	1
51653	1
93159	1
52979	1
5977	1
77957	1
57204	1
15698	1
36451	1
32203	1
94462	1
92448	1
19832	1
30105	1
46997	1
47534	1
33194	1
59429	1
84638	1
63885	1
43132	1
63240	1
32421	1
66570	1
24527	1
38676	1
98969	1
23514	1
95425	1
7053	1
90065	1
66463	1
22267	1
30404	1
37349	1
9574	1
5796	1
4773	1
71019	1
72488	1
75148	1
378	1
6244	1
76048	1
25539	1
67582	1
47366	1
82947	1
99473	1
57711	1
84224	1
73330	1
50562	1
71108	1
63642	1
57647	1
28050	1
99754	1
18425	1
81299	1
50291	1
48008	1
68761	1
46672	1
18563	1
59655	1
20349	1
76410	1
14151	1
66652	1
25560	1
84488	1
63735	1
53984	1
43711	1
43174	1
85217	1
36409	1
15656	1
98668	1
41266	1
33851	1
54535	1
37136	1
16383	1
65576	1
24070	1
86329	1
2774	1
23527	1
12492	1
83033	1
94998	1
99657	1
58151	1
52385	1
14097	1
65876	1
45123	1
64310	1
81291	1
19032	1
92735	1
71982	1
93356	1
69778	1
70193	1
7934	1
76108	1
31360	1
81119	1
39613	1
81123	1
48603	1
48066	1
26941	1
33241	1
65697	1
17872	1
59378	1
60852	1
97090	1
80354	1
75092	1
32704	1
56293	1
64806	1
7045	1
23310	1
98343	1
25379	1
4626	1
12874	1
74747	1
96439	1
33106	1
75149	1
97230	1
56173	1
11746	1
77567	1
88135	1
25876	1
69232	1
82331	1
19144	1
78332	1
31352	1
37441	1
30214	1
17695	1
59201	1
79688	1
17429	1
369	1
6990	1
78947	1
29128	1
16688	1
97013	1
55507	1
51098	1
93903	1
9817	1
18934	1
93611	1
5317	1
89403	1
1310	1
10132	1
30885	1
33158	1
74664	1
84859	1
77280	1
73506	1
31463	1
64252	1
72346	1
24182	1
54917	1
34460	1
63609	1
6245	1
2766	1
25486	1
5476	1
67735	1
99382	1
80253	1
33397	1
75966	1
26652	1
1597	1
94151	1
52108	1
55071	1
65344	1
22430	1
74903	1
99954	1
15868	1
9769	1
92751	1
9739	1
30484	1
88327	1
89569	1
85461	1
34808	1
86173	1
65779	1
24273	1
818	1
74972	1
35682	1
36805	1
41436	1
52027	1
28184	1
90443	1
69276	1
21558	1
83817	1
63064	1
6767	1
50132	1
70885	1
54756	1
12713	1
23312	1
84906	1
820	1
63079	1
13452	1
91687	1
20001	1
33085	1
53838	1
69229	1
90519	1
48683	1
77016	1
13683	1
97769	1
67712	1
16869	1
84715	1
73743	1
36446	1
9149	1
94103	1
53723	1
12217	1
69315	1
629	1
15802	1
5537	1
52056	1
66138	1
2070	1
13969	1
56012	1
65334	1
49685	1
95255	1
35176	1
80768	1
13049	1
23021	1
94932	1
53305	1
39280	1
80786	1
37797	1
59294	1
80047	1
79835	1
38329	1
38462	1
53929	1
52855	1
52000	1
72339	1
90409	1
2516	1
93148	1
72932	1
11886	1
20696	1
28873	1
70916	1
72435	1
88270	1
26011	1
69046	1
78493	1
18019	1
37786	1
25224	1
15715	1
70976	1
33052	1
80337	1
59584	1
80973	1
76550	1
97303	1
55797	1
44938	1
86444	1
36830	1
83964	1
77754	1
71738	1
30232	1
40919	1
20166	1
80418	1
59194	1
42458	1
36248	1
1748	1
83132	1
62379	1
28654	1
19046	1
68490	1
8157	1
49663	1
29090	1
88547	1
67794	1
57728	1
47201	1
67954	1
66109	1
86862	1
21133	1
88755	1
25422	1
12611	1
38742	1
15410	1
81303	1
5493	1
36806	1
48030	1
60143	1
18100	1
80896	1
28423	1
90682	1
78057	1
99602	1
55751	1
26839	1
47131	1
5088	1
85688	1
43645	1
48984	1
89799	1
4607	1
24965	1
84855	1
24014	1
44767	1
15235	1
73647	1
23994	1
64805	1
62411	1
14207	1
76466	1
50911	1
8868	1
29621	1
91878	1
31426	1
93455	1
27609	1
34554	1
13801	1
55307	1
60192	1
80945	1
87395	1
8866	1
92952	1
28995	1
92896	1
93264	1
63880	1
22175	1
71752	1
603	1
62448	1
189	1
37652	1
17744	1
49746	1
45015	1
60646	1
55971	1
97466	1
97764	1
54436	1
33149	1
44940	1
38071	1
54936	1
73390	1
92169	1
13253	1
34006	1
27829	1
82414	1
63297	1
3471	1
64975	1
87751	1
7013	1
91099	1
49798	1
45032	1
5209	1
53971	1
40110	1
44222	1
92845	1
8759	1
68318	1
28085	1
69591	1
53915	1
14234	1
45093	1
5960	1
35548	1
63167	1
42414	1
83713	1
42207	1
22531	1
60458	1
87692	1
4680	1
32695	1
81464	1
9553	1
51596	1
61125	1
77444	1
13317	1
75576	1
48850	1
28097	1
23923	1
83734	1
83113	1
78451	1
98197	1
56898	1
26079	1
96266	1
82169	1
19910	1
63890	1
94709	1
53203	1
44055	1
49884	1
75454	1
38416	1
79922	1
4789	1
55973	1
22456	1
75063	1
33557	1
34561	1
96820	1
75205	1
13567	1
75826	1
29568	1
78593	1
34372	1
92340	1
10156	1
68445	1
98016	1
60657	1
42273	1
75244	1
18262	1
3772	1
3783	1
86795	1
44668	1
7490	1
21483	1
40563	1
22645	1
71551	1
9292	1
1032	1
77191	1
32965	1
47114	1
81858	1
38385	1
80428	1
79891	1
8696	1
71478	1
10517	1
37870	1
99327	1
43108	1
12289	1
89987	1
6975	1
99522	1
57479	1
48571	1
70633	1
80906	1
60360	1
90312	1
9390	1
40623	1
19870	1
93032	1
60238	1
91313	1
45897	1
67731	1
48136	1
47599	1
33581	1
28136	1
79387	1
6855	1
69114	1
27071	1
94283	1
32024	1
26069	1
77434	1
34256	1
70135	1
54116	1
6293	1
90379	1
88891	1
96332	1
38298	1
54334	1
23362	1
57915	1
99421	1
14015	1
45349	1
3843	1
31678	1
73184	1
79371	1
76830	1
97583	1
25465	1
567	1
68703	1
7065	1
56290	1
50332	1
21126	1
73112	1
10853	1
94939	1
38948	1
95620	1
11534	1
91838	1
97796	1
13710	1
37153	1
18853	1
26963	1
78535	1
36492	1
34915	1
8826	1
36978	1
16225	1
89708	1
5622	1
47665	1
65613	1
24107	1
3975	1
24728	1
82231	1
62015	1
33798	1
25303	1
4550	1
59672	1
27421	1
5406	1
63672	1
84425	1
22166	1
13437	1
96449	1
80218	1
22529	1
10511	1
93347	1
91393	1
7307	1
70640	1
29285	1
84946	1
37677	1
85017	1
42974	1
24389	1
38402	1
21390	1
93922	1
73706	1
33519	1
50182	1
64259	1
43506	1
22423	1
59275	1
7373	1
56999	1
63052	1
28045	1
6218	1
71838	1
98149	1
25177	1
7653	1
69912	1
41885	1
30084	1
83805	1
86890	1
65332	1
44579	1
71771	1
27040	1
68546	1
75679	1
71590	1
91722	1
10014	1
15744	1
87655	1
26895	1
83489	1
13769	1
76565	1
66085	1
78889	1
39282	1
76672	1
4955	1
22503	1
69572	1
56363	1
29664	1
81531	1
66436	1
94740	1
92320	1
89911	1
69158	1
4377	1
27881	1
48357	1
27604	1
29359	1
91618	1
40046	1
60799	1
61855	1
77688	1
35645	1
22206	1
63712	1
81318	1
24869	1
76234	1
95702	1
67226	1
87979	1
35993	1
56746	1
68099	1
47967	1
83440	1
92438	1
37116	1
57455	1
69012	1
82092	1
55461	1
25763	1
40245	1
82288	1
15826	1
66054	1
86186	1
79018	1
36975	1
58462	1
79215	1
61545	1
47257	1
57869	1
83976	1
2253	1
85265	1
60372	1
81125	1
76406	1
82573	1
11600	1
78232	1
16004	1
40535	1
82578	1
20319	1
99936	1
76207	1
90658	1
27217	1
86618	1
24773	1
87032	1
88106	1
4020	1
24236	1
66279	1
44011	1
12498	1
22771	1
45119	1
32727	1
16807	1
17216	1
24842	1
7667	1
60934	1
81376	1
19117	1
38971	1
63725	1
1466	1
28573	1
70747	1
39321	1
50378	1
92421	1
97721	1
47464	1
43313	1
27852	1
69895	1
56918	1
67191	1
22767	1
64810	1
43520	1
85563	1
34613	1
92037	1
25795	1
46341	1
53261	1
6162	1
25589	1
77905	1
32153	1
44472	1
46285	1
24995	1
76026	1
25672	1
26253	1
2857	1
33676	1
89484	1
27225	1
10485	1
61850	1
82603	1
20344	1
28921	1
5716	1
93683	1
20491	1
51164	1
9121	1
73191	1
31148	1
93737	1
57081	1
9597	1
66144	1
65193	1
3087	1
13774	1
55817	1
34527	1
95155	1
47273	1
44335	1
98352	1
36093	1
77019	1
67160	1
81139	1
82733	1
33117	1
12364	1
19280	1
21232	1
41985	1
20695	1
62738	1
52906	1
90296	1
2002	1
8394	1
50437	1
3307	1
45350	1
22775	1
85704	1
28037	1
74120	1
28658	1
26320	1
32158	1
52911	1
20727	1
96068	1
72958	1
10699	1
56959	1
87653	1
36651	1
78694	1
81342	1
39299	1
47100	1
33312	1
23246	1
35425	1
76931	1
25512	1
66604	1
4345	1
29054	1
89175	1
56424	1
4645	1
50687	1
30555	1
61122	1
42422	1
90446	1
27650	1
15214	1
43639	1
85682	1
92867	1
9855	1
9441	1
71700	1
92453	1
74402	1
98656	1
98119	1
68242	1
26199	1
52367	1
36206	1
77712	1
98465	1
37366	1
78872	1
48708	1
53399	1
74152	1
38129	1
83438	1
97667	1
54839	1
51714	1
68646	1
65558	1
14297	1
12064	1
85567	1
50159	1
98290	1
53157	1
21924	1
40416	1
63586	1
99033	1
39980	1
29137	1
8591	1
482	1
84568	1
1556	1
83390	1
41347	1
31074	1
66514	1
21724	1
80589	1
18330	1
65847	1
3051	1
82181	1
72280	1
43212	1
5226	1
47539	1
89582	1
59562	1
3603	1
16757	1
77442	1
98964	1
89312	1
68292	1
6300	1
37273	1
97469	1
76923	1
38834	1
45469	1
58722	1
27092	1
78358	1
29152	1
68362	1
23341	1
79805	1
38299	1
17546	1
36319	1
5842	1
46934	1
26181	1
48673	1
88382	1
37914	1
7152	1
58271	1
23263	1
35554	1
40772	1
82278	1
40235	1
92965	1
51459	1
93502	1
74835	1
79024	1
69165	1
47791	1
5748	1
77079	1
87352	1
25093	1
50178	1
54619	1
12576	1
1320	1
84332	1
69255	1
27212	1
68718	1
8285	1
72541	1
30498	1
20168	1
6255	1
1275	1
22028	1
35226	1
76210	1
89351	1
92400	1
71647	1
65028	1
2232	1
44275	1
67368	1
31359	1
72215	1
26155	1
25602	1
52008	1
5275	1
9451	1
51494	1
71486	1
55457	1
21305	1
83564	1
82368	1
40862	1
59433	1
38680	1
27296	1
89555	1
98240	1
26329	1
91120	1
49077	1
67570	1
17660	1
81390	1
66344	1
82312	1
72039	1
29996	1
59646	1
67303	1
25797	1
39884	1
42669	1
46316	1
60462	1
27873	1
90132	1
23282	1
8833	1
19301	1
87626	1
5069	1
67328	1
9502	1
38814	1
75736	1
90094	1
48588	1
99689	1
79889	1
17739	1
38177	1
80220	1
64888	1
85104	1
34159	1
91932	1
39763	1
74336	1
52407	1
93499	1
18514	1
78503	1
63038	1
63799	1
15839	1
49889	1
49347	1
91390	1
69686	1
80195	1
18222	1
5229	1
96418	1
16460	1
88861	1
16743	1
33039	1
22145	1
59469	1
22264	1
84523	1
30402	1
93735	1
9649	1
38131	1
3747	1
6806	1
4614	1
78744	1
28019	1
31736	1
31115	1
93374	1
89	1
20842	1
83101	1
22116	1
90815	1
16485	1
88115	1
88743	1
28309	1
7556	1
49599	1
90568	1
4770	1
48772	1
98302	1
76338	1
565	1
42071	1
74922	1
43896	1
81753	1
64024	1
94360	1
63372	1
14395	1
98481	1
67041	1
4782	1
27885	1
88918	1
49012	1
8549	1
91975	1
29716	1
75991	1
89725	1
68972	1
68165	1
48638	1
74004	1
45833	1
87339	1
85999	1
65412	1
63707	1
76822	1
5906	1
65736	1
3477	1
29584	1
17536	1
90022	1
9039	1
51619	1
27260	1
25420	1
1212	1
85298	1
64545	1
43378	1
88333	1
17485	1
92423	1
76272	1
67345	1
5086	1
15152	1
46600	1
88643	1
64022	1
93581	1
50325	1
29585	1
27385	1
12299	1
63671	1
42918	1
30684	1
52556	1
51538	1
24709	1
66752	1
88042	1
4907	1
51438	1
30892	1
98963	1
56163	1
14120	1
47928	1
6836	1
90385	1
48342	1
57938	1
56778	1
87437	1
17387	1
68752	1
13368	1
28433	1
56240	1
77530	1
15272	1
3268	1
98821	1
36025	1
78068	1
23490	1
70648	1
50591	1
8548	1
30106	1
55131	1
97174	1
76421	1
81527	1
44382	1
31518	1
5142	1
89228	1
76915	1
72453	1
30410	1
71916	1
82854	1
4848	1
94062	1
54450	1
71448	1
95534	1
74781	1
27562	1
69068	1
5669	1
98954	1
15942	1
92201	1
23856	1
65362	1
14714	1
537	1
83549	1
34783	1
65888	1
18997	1
91994	1
35506	1
97765	1
22339	1
63845	1
84598	1
60731	1
30119	1
15994	1
36747	1
14014	1
43945	1
17595	1
38348	1
47149	1
40976	1
18845	1
927	1
99535	1
42276	1
770	1
96536	1
75783	1
6259	1
13221	1
98150	1
24118	1
65624	1
34391	1
96650	1
73697	1
46288	1
82482	1
73876	1
21353	1
63396	1
54587	1
11298	1
69606	1
83338	1
97054	1
93470	1
6381	1
89393	1
69404	1
59131	1
81049	1
42176	1
73539	1
46041	1
7440	1
48946	1
90989	1
86725	1
70219	1
90435	1
11280	1
90517	1
59698	1
65437	1
87964	1
48139	1
93852	1
10322	1
68064	1
31277	1
13364	1
75623	1
61201	1
19158	1
94628	1
39506	1
65541	1
9319	1
50825	1
78929	1
36886	1
26613	1
74993	1
95746	1
27420	1
92832	1
51326	1
17194	1
55969	1
84947	1
22688	1
44062	1
2556	1
51863	1
77089	1
81428	1
72966	1
31460	1
82241	1
90643	1
6557	1
22417	1
9820	1
19886	1
96053	1
62279	1
6430	1
67297	1
88050	1
93366	1
31107	1
88435	1
52953	1
15556	1
32915	1
31713	1
29915	1
73200	1
16132	1
47690	1
72466	1
30423	1
30960	1
83153	1
63270	1
84023	1
36885	1
31157	1
52647	1
75985	1
35369	1
97628	1
56122	1
890	1
25125	1
4647	1
87659	1
74280	1
98215	1
49301	1
7795	1
28879	1
25597	1
46350	1
60206	1
47851	1
60902	1
40149	1
11523	1
95609	1
8967	1
516	1
3108	1
33720	1
54473	1
73484	1
52731	1
91358	1
50473	1
21062	1
29720	1
8521	1
84799	1
43293	1
85336	1
63509	1
43170	1
39278	1
83321	1
35851	1
3805	1
36970	1
94640	1
22729	1
84988	1
43798	1
58460	1
16954	1
42523	1
21233	1
41720	1
96829	1
97903	1
82138	1
25238	1
46986	1
23070	1
6232	1
98689	1
65480	1
23437	1
53826	1
88654	1
2284	1
86065	1
86686	1
3674	1
60746	1
6913	1
48419	1
87566	1
4568	1
62591	1
332	1
62798	1
80780	1
6967	1
89570	1
23306	1
50722	1
92228	1
29969	1
71061	1
81372	1
75459	1
40901	1
29590	1
45763	1
32958	1
95217	1
11131	1
36279	1
54542	1
39001	1
8837	1
80920	1
80955	1
38912	1
65070	1
5933	1
7704	1
5268	1
47311	1
75896	1
79149	1
58396	1
37565	1
581	1
45038	1
75443	1
13184	1
26737	1
88996	1
26323	1
5570	1
93688	1
10676	1
25307	1
46060	1
62645	1
47555	1
89598	1
67771	1
33785	1
13032	1
64256	1
2618	1
41685	1
5512	1
20602	1
386	1
21139	1
24798	1
87387	1
44347	1
31179	1
73759	1
26265	1
63896	1
43143	1
69776	1
78621	1
37115	1
21674	1
22044	1
32922	1
95181	1
35828	1
77955	1
23954	1
65460	1
68833	1
73861	1
86169	1
58514	1
18575	1
80213	1
9584	1
30337	1
41293	1
30399	1
56934	1
55067	1
29040	1
62500	1
70696	1
2031	1
53108	1
30158	1
12103	1
65568	1
23583	1
2830	1
17344	1
58436	1
37683	1
9981	1
92888	1
51382	1
81308	1
52156	1
76806	1
82806	1
20547	1
40209	1
10119	1
11678	1
31641	1
51293	1
38879	1
83846	1
81092	1
11637	1
83267	1
41483	1
93991	1
30156	1
1038	1
62396	1
59342	1
52310	1
29793	1
99611	1
8582	1
95355	1
8904	1
24324	1
29475	1
38153	1
95311	1
42822	1
86430	1
65749	1
15263	1
56080	1
50166	1
33017	1
25423	1
27082	1
79123	1
36372	1
27142	1
95674	1
83742	1
72234	1
46682	1
18115	1
70076	1
67711	1
25100	1
95319	1
63575	1
54961	1
2181	1
63053	1
52043	1
54708	1
12665	1
94957	1
60725	1
83591	1
87379	1
71701	1
26094	1
38773	1
75163	1
22020	1
48945	1
87543	1
46325	1
55691	1
36375	1
37632	1
58357	1
38224	1
70521	1
27074	1
56870	1
72084	1
70519	1
74206	1
22407	1
24068	1
30038	1
32558	1
36070	1
52828	1
93870	1
45490	1
82575	1
93734	1
96155	1
87524	1
26428	1
88810	1
77651	1
48204	1
74115	1
4007	1
69628	1
46329	1
38609	1
82016	1
23808	1
49580	1
44590	1
95992	1
98582	1
84916	1
85926	1
5009	1
86304	1
76718	1
57913	1
33378	1
8197	1
40929	1
62612	1
96435	1
85994	1
31553	1
23597	1
46163	1
2020	1
90953	1
7791	1
36426	1
61793	1
49086	1
33029	1
70866	1
12991	1
51872	1
65182	1
22343	1
14805	1
98819	1
70504	1
36366	1
12011	1
75105	1
89186	1
4366	1
3962	1
61728	1
99529	1
78686	1
27908	1
83296	1
74798	1
96326	1
74565	1
72003	1
44107	1
62558	1
60974	1
44200	1
14140	1
96619	1
12533	1
33030	1
44772	1
69585	1
48662	1
43093	1
92261	1
60363	1
30930	1
16819	1
47226	1
96756	1
85485	1
19825	1
210	1
38096	1
15455	1
23725	1
94483	1
9921	1
55693	1
24956	1
26279	1
55193	1
49615	1
51300	1
13138	1
4202	1
62886	1
96858	1
21731	1
34316	1
18399	1
93622	1
61237	1
44976	1
83898	1
89719	1
76975	1
55802	1
71889	1
15231	1
81593	1
43953	1
66664	1
7064	1
61733	1
25940	1
94068	1
39020	1
90775	1
76516	1
24823	1
68854	1
22335	1
18706	1
35570	1
41995	1
48872	1
72933	1
68234	1
67031	1
48351	1
18940	1
2430	1
81988	1
27639	1
11104	1
32199	1
66549	1
83443	1
33655	1
42404	1
17566	1
72140	1
59025	1
737	1
75123	1
53981	1
30636	1
15461	1
76626	1
57825	1
13421	1
39511	1
23285	1
1437	1
68073	1
58881	1
54122	1
58764	1
18313	1
26072	1
32214	1
98987	1
64107	1
73917	1
78570	1
25600	1
97480	1
48040	1
82881	1
62635	1
42730	1
9375	1
43180	1
68688	1
24828	1
6884	1
15910	1
34853	1
78473	1
42980	1
49073	1
29963	1
43176	1
1138	1
25959	1
14065	1
39250	1
90157	1
42452	1
409	1
28372	1
99350	1
95387	1
88450	1
62363	1
18023	1
99187	1
20549	1
28014	1
26335	1
62311	1
6297	1
491	1
70186	1
62440	1
32037	1
12626	1
61839	1
38296	1
80514	1
3302	1
69741	1
63338	1
70971	1
34889	1
36799	1
75591	1
52160	1
64298	1
56737	1
65602	1
81488	1
86171	1
67152	1
10415	1
87184	1
14475	1
75262	1
44340	1
14976	1
96369	1
8401	1
18705	1
95801	1
26934	1
19958	1
16836	1
83791	1
53794	1
65005	1
61144	1
11711	1
8464	1
10071	1
70274	1
46526	1
46784	1
83515	1
42626	1
31587	1
65529	1
69379	1
24039	1
49721	1
73093	1
22409	1
72232	1
72960	1
42134	1
80996	1
17454	1
38519	1
28851	1
47612	1
87155	1
93443	1
22349	1
85710	1
45508	1
27300	1
69343	1
78544	1
58633	1
2481	1
65267	1
34274	1
10990	1
63809	1
40762	1
55114	1
62027	1
42788	1
95161	1
58741	1
89891	1
81741	1
70365	1
66835	1
49935	1
74696	1
5378	1
98561	1
45048	1
1549	1
36145	1
28871	1
9821	1
53564	1
98827	1
73653	1
36907	1
68294	1
40364	1
82407	1
93430	1
73091	1
3407	1
137	1
96507	1
2726	1
41849	1
89970	1
83319	1
6439	1
60104	1
60702	1
67869	1
73473	1
14313	1
88774	1
11268	1
56311	1
29400	1
91659	1
71383	1
81555	1
69830	1
68721	1
59792	1
40573	1
49806	1
99085	1
51226	1
37249	1
86463	1
35858	1
95471	1
13500	1
15795	1
27741	1
34468	1
36259	1
73175	1
54239	1
79964	1
51500	1
45268	1
76635	1
1321	1
12013	1
15729	1
43415	1
50414	1
58753	1
24724	1
55826	1
41522	1
58601	1
7207	1
99144	1
2482	1
21026	1
59063	1
46572	1
31411	1
66535	1
60180	1
16321	1
90587	1
89766	1
19854	1
18573	1
25816	1
64652	1
53672	1
69168	1
34242	1
31605	1
88003	1
52525	1
77855	1
70181	1
86500	1
94738	1
45306	1
92005	1
70191	1
62470	1
87435	1
64412	1
41138	1
82871	1
99467	1
63807	1
68158	1
6114	1
68687	1
30347	1
48647	1
50209	1
53968	1
71364	1
72864	1
26808	1
29752	1
54700	1
51508	1
7200	1
43643	1
62987	1
12659	1
36087	1
17460	1
9948	1
82939	1
85445	1
15578	1
23130	1
9194	1
51654	1
39629	1
24045	1
54878	1
63968	1
69499	1
3418	1
64509	1
51137	1
98943	1
59919	1
46209	1
28603	1
35794	1
13443	1
67320	1
86250	1
16524	1
79170	1
69221	1
74756	1
82942	1
70715	1
90850	1
45868	1
2649	1
67515	1
67426	1
62393	1
26542	1
94465	1
86854	1
80803	1
7513	1
44030	1
95668	1
56825	1
14558	1
14477	1
17781	1
74345	1
21730	1
67553	1
62531	1
46882	1
16973	1
2406	1
77118	1
19617	1
61880	1
13209	1
8129	1
95251	1
69907	1
67819	1
98837	1
31771	1
644	1
12119	1
32897	1
36197	1
88280	1
17666	1
38410	1
457	1
57560	1
70308	1
17319	1
73981	1
29224	1
80776	1
36187	1
40581	1
40974	1
44897	1
13075	1
23247	1
75755	1
35433	1
9026	1
37370	1
59984	1
7475	1
60891	1
44056	1
25212	1
66684	1
10392	1
33025	1
46275	1
19284	1
19337	1
59697	1
90626	1
24581	1
29653	1
84664	1
39016	1
21361	1
27305	1
85532	1
29198	1
16175	1
79323	1
97742	1
87126	1
49929	1
18094	1
62372	1
20329	1
8987	1
60687	1
59056	1
33075	1
16935	1
19452	1
69153	1
26288	1
57470	1
71464	1
2127	1
94526	1
84021	1
13481	1
97433	1
33574	1
46311	1
95372	1
32346	1
29757	1
51702	1
57666	1
40369	1
32285	1
24684	1
43919	1
25166	1
77469	1
14517	1
60545	1
80362	1
19324	1
93156	1
9400	1
61749	1
19866	1
32361	1
16008	1
39404	1
78742	1
33467	1
70299	1
28339	1
33086	1
33188	1
26549	1
12797	1
8011	1
27684	1
51776	1
48718	1
21715	1
64960	1
36831	1
93994	1
31840	1
32955	1
85408	1
65518	1
12359	1
72502	1
92284	1
5883	1
58040	1
39350	1
71850	1
64648	1
71554	1
76825	1
4965	1
88760	1
94475	1
88338	1
61280	1
15680	1
79763	1
98785	1
65143	1
6279	1
84002	1
78833	1
30383	1
75283	1
90708	1
95622	1
57431	1
36058	1
96089	1
69361	1
80962	1
72518	1
86275	1
26239	1
88083	1
30871	1
47340	1
9797	1
31991	1
14094	1
71914	1
78629	1
54531	1
43282	1
61686	1
64946	1
15755	1
71089	1
27856	1
74925	1
75999	1
82571	1
1585	1
66015	1
1063	1
28834	1
58893	1
41210	1
76367	1
32882	1
30219	1
96548	1
66411	1
14538	1
25268	1
90129	1
80916	1
82794	1
76701	1
16015	1
4160	1
78445	1
52989	1
40159	1
10981	1
53024	1
2348	1
96317	1
38470	1
75075	1
6292	1
33206	1
85262	1
40808	1
17147	1
87013	1
89139	1
32380	1
23650	1
55245	1
19557	1
51365	1
25392	1
55190	1
61423	1
68649	1
16669	1
15953	1
79590	1
89189	1
91874	1
80116	1
26615	1
52047	1
77956	1
21117	1
47170	1
24547	1
67453	1
75866	1
72968	1
39584	1
40542	1
88941	1
39452	1
84585	1
11767	1
84066	1
5492	1
46854	1
49399	1
30132	1
59505	1
70450	1
28761	1
212	1
5034	1
47077	1
17756	1
57981	1
48604	1
78075	1
18837	1
21450	1
15396	1
97058	1
32618	1
48316	1
73396	1
97750	1
33198	1
9518	1
10346	1
21156	1
91431	1
5395	1
99811	1
9198	1
98188	1
7251	1
19578	1
86892	1
30019	1
92889	1
46075	1
26395	1
26887	1
38121	1
3746	1
62222	1
71077	1
48774	1
96582	1
22131	1
95324	1
64053	1
21099	1
56621	1
26241	1
24371	1
12593	1
43269	1
60094	1
3744	1
7186	1
12344	1
82131	1
32812	1
97223	1
49244	1
2298	1
40675	1
50843	1
8800	1
16647	1
85488	1
5242	1
68739	1
25859	1
64556	1
83244	1
83626	1
86273	1
47863	1
5044	1
35232	1
80850	1
76618	1
68406	1
57734	1
71744	1
33016	1
65165	1
88882	1
52489	1
36880	1
14884	1
93196	1
51011	1
82846	1
51639	1
76537	1
85289	1
22795	1
95228	1
35454	1
32868	1
5329	1
62018	1
64881	1
44281	1
41739	1
66484	1
39071	1
93822	1
47910	1
13996	1
96181	1
81093	1
3952	1
99906	1
76815	1
76941	1
76262	1
91952	1
42690	1
86197	1
77985	1
20207	1
65882	1
13846	1
46358	1
29982	1
23734	1
47893	1
5850	1
39791	1
57512	1
75084	1
23368	1
87651	1
30916	1
23094	1
95799	1
78447	1
57794	1
63878	1
50436	1
23907	1
38154	1
99396	1
63162	1
81639	1
51818	1
40870	1
21856	1
51525	1
6479	1
42748	1
32564	1
56640	1
3270	1
5065	1
79588	1
35261	1
56310	1
70484	1
98532	1
43574	1
85842	1
72742	1
70536	1
45594	1
90162	1
83001	1
46466	1
51259	1
33677	1
68836	1
64169	1
79238	1
58278	1
15557	1
61290	1
55053	1
91788	1
35511	1
68283	1
90337	1
70458	1
71742	1
41283	1
73105	1
24615	1
45453	1
70117	1
90088	1
91041	1
98549	1
87263	1
52112	1
95178	1
70349	1
34545	1
16535	1
91683	1
63464	1
61356	1
24240	1
89593	1
27065	1
60233	1
70841	1
36407	1
34479	1
13541	1
46573	1
54367	1
4071	1
79267	1
4012	1
21368	1
65356	1
76304	1
19450	1
41733	1
66755	1
7280	1
63660	1
63953	1
92656	1
35427	1
5911	1
88110	1
68387	1
26439	1
18208	1
86392	1
22067	1
61076	1
19779	1
35573	1
28647	1
49285	1
31779	1
1578	1
46765	1
1891	1
20070	1
65597	1
37702	1
80402	1
14529	1
74737	1
91799	1
73166	1
73815	1
39992	1
65927	1
96565	1
6840	1
41354	1
57979	1
48943	1
39659	1
20746	1
79806	1
56622	1
30199	1
64615	1
75632	1
44990	1
65743	1
62541	1
41788	1
98128	1
8909	1
45586	1
73006	1
31121	1
73164	1
51874	1
41438	1
62191	1
74046	1
50307	1
78255	1
46161	1
49335	1
70625	1
28582	1
34321	1
87805	1
12416	1
95428	1
32295	1
6510	1
68769	1
60467	1
19499	1
57346	1
90561	1
91052	1
49546	1
71906	1
99166	1
87798	1
71173	1
78099	1
49055	1
40858	1
31602	1
34427	1
93856	1
9770	1
15708	1
58646	1
69856	1
99897	1
37638	1
79144	1
58391	1
95448	1
64385	1
29945	1
1855	1
30670	1
51423	1
72176	1
76765	1
59882	1
53466	1
85615	1
64682	1
1472	1
63110	1
72202	1
92955	1
24767	1
78310	1
44985	1
64578	1
15887	1
51405	1
15926	1
88137	1
92982	1
66513	1
27922	1
62774	1
84225	1
1879	1
77204	1
74577	1
53824	1
62459	1
91676	1
39269	1
15705	1
2923	1
87009	1
54916	1
6909	1
51247	1
29055	1
66967	1
95714	1
11754	1
96629	1
69535	1
48782	1
93710	1
10698	1
25643	1
1904	1
63119	1
61124	1
25689	1
3862	1
86910	1
22490	1
9738	1
66915	1
70500	1
42366	1
34847	1
79315	1
17056	1
76659	1
34616	1
13863	1
96875	1
49202	1
40260	1
84987	1
36986	1
80184	1
2155	1
42182	1
86755	1
98350	1
10993	1
51602	1
20566	1
73656	1
15320	1
50732	1
63394	1
9431	1
30895	1
98309	1
88326	1
67438	1
62154	1
79080	1
81179	1
54440	1
18642	1
2871	1
43534	1
69670	1
20820	1
14231	1
64829	1
34377	1
16746	1
72717	1
47220	1
89826	1
5740	1
39781	1
91944	1
64871	1
92593	1
64200	1
15808	1
20456	1
59202	1
83912	1
97169	1
21578	1
8507	1
11618	1
78014	1
32705	1
80801	1
92436	1
2206	1
33440	1
13838	1
67376	1
10940	1
18175	1
9191	1
51234	1
17047	1
79892	1
57082	1
27242	1
20348	1
37509	1
88629	1
54435	1
99102	1
14650	1
94207	1
28989	1
88790	1
26486	1
1671	1
69274	1
41474	1
42290	1
19308	1
33332	1
89947	1
5861	1
58184	1
60167	1
23812	1
1851	1
40301	1
60729	1
54139	1
95793	1
85379	1
23120	1
63876	1
38969	1
81280	1
97272	1
13186	1
87413	1
24617	1
58733	1
65512	1
13985	1
55266	1
7789	1
58846	1
9207	1
1085	1
26083	1
90293	1
77805	1
74366	1
89806	1
74311	1
16303	1
17811	1
26594	1
61378	1
95261	1
68815	1
31053	1
6666	1
47043	1
63681	1
22869	1
6355	1
8007	1
45976	1
2060	1
45949	1
73797	1
12203	1
54246	1
41449	1
96292	1
73868	1
78440	1
65300	1
65714	1
4167	1
13314	1
12978	1
43797	1
44205	1
99193	1
16796	1
33795	1
7881	1
84315	1
63562	1
16420	1
37173	1
28386	1
33876	1
88677	1
5665	1
41291	1
48488	1
60165	1
17622	1
59128	1
51214	1
59	1
80411	1
59658	1
28533	1
76465	1
73610	1
11351	1
33103	1
675	1
19168	1
2767	1
18909	1
47158	1
31402	1
10649	1
75100	1
28589	1
12350	1
37785	1
24338	1
469	1
62728	1
83610	1
73337	1
96193	1
79758	1
52908	1
71139	1
29096	1
10674	1
48434	1
47313	1
67326	1
80358	1
79952	1
37909	1
17156	1
62492	1
12694	1
2421	1
86572	1
24442	1
46470	1
94731	1
27267	1
99045	1
14959	1
11847	1
24313	1
20818	1
83154	1
48044	1
82003	1
98653	1
12422	1
90231	1
50385	1
11216	1
89446	1
28338	1
48554	1
69844	1
5890	1
87602	1
66849	1
79781	1
30919	1
52209	1
37067	1
99326	1
67631	1
80259	1
37746	1
75567	1
42954	1
99768	1
32082	1
849	1
42355	1
5440	1
15438	1
36191	1
82517	1
35821	1
98080	1
67054	1
87807	1
65788	1
24282	1
13181	1
13622	1
62417	1
41664	1
36720	1
78226	1
98979	1
81042	1
92089	1
50583	1
41101	1
83144	1
63612	1
59843	1
10276	1
74342	1
91134	1
62820	1
96261	1
4123	1
87135	1
53601	1
28436	1
98321	1
88902	1
62172	1
75508	1
52968	1
60732	1
81485	1
50360	1
24644	1
4294	1
25516	1
46269	1
24557	1
57554	1
36801	1
80168	1
81861	1
17203	1
79462	1
24429	1
11076	1
31829	1
87438	1
6125	1
35167	1
45017	1
92910	1
46632	1
7486	1
7734	1
49240	1
17572	1
36984	1
34057	1
23714	1
2961	1
69745	1
48191	1
31082	1
88116	1
33328	1
16597	1
26220	1
24584	1
18052	1
58851	1
68549	1
50456	1
28317	1
57383	1
90574	1
69821	1
64979	1
2720	1
86590	1
63675	1
63697	1
84450	1
24636	1
42154	1
24385	1
47068	1
5846	1
35192	1
55945	1
97451	1
37167	1
75013	1
45138	1
62784	1
84278	1
62451	1
5030	1
25704	1
89169	1
34433	1
3088	1
65347	1
66232	1
86985	1
70166	1
24020	1
86279	1
55345	1
52617	1
94858	1
11846	1
36481	1
87925	1
54537	1
44057	1
28546	1
91614	1
28556	1
36353	1
37205	1
79248	1
51826	1
39177	1
76178	1
61838	1
54379	1
43419	1
51201	1
29746	1
53	1
84587	1
22328	1
49309	1
94325	1
76808	1
4897	1
83051	1
63326	1
84079	1
25571	1
38503	1
65744	1
98075	1
56032	1
98863	1
33920	1
96179	1
44787	1
3281	1
11543	1
7376	1
33484	1
89453	1
27397	1
5377	1
54478	1
26422	1
19364	1
95273	1
72549	1
12310	1
63637	1
19929	1
71891	1
20767	1
84080	1
27170	1
91213	1
63294	1
88469	1
5060	1
68502	1
85860	1
90466	1
53879	1
85029	1
16065	1
63170	1
59484	1
43588	1
35311	1
27961	1
1080	1
71960	1
56214	1
98257	1
73014	1
50438	1
2122	1
39126	1
57800	1
17647	1
30631	1
206	1
29149	1
19471	1
27509	1
52555	1
74723	1
17858	1
61142	1
74575	1
47824	1
88768	1
93583	1
32315	1
22849	1
98269	1
23	1
97123	1
58138	1
33002	1
19488	1
21002	1
3043	1
92700	1
52154	1
72111	1
15166	1
48750	1
85741	1
56005	1
23721	1
25625	1
93747	1
33964	1
9008	1
76150	1
4637	1
32938	1
13016	1
63530	1
83391	1
23177	1
59647	1
45144	1
91888	1
26524	1
23173	1
38401	1
19758	1
60016	1
56536	1
4785	1
43133	1
35826	1
84444	1
87012	1
7347	1
23302	1
6139	1
46762	1
16299	1
49638	1
23252	1
28829	1
62249	1
69434	1
10064	1
82215	1
39107	1
55282	1
98506	1
27656	1
83447	1
71471	1
98160	1
3579	1
49966	1
50702	1
49175	1
99639	1
15553	1
46537	1
20128	1
23032	1
57472	1
91813	1
84414	1
64964	1
40955	1
42740	1
40463	1
70724	1
66357	1
78180	1
27797	1
6106	1
26843	1
21240	1
62498	1
20454	1
78810	1
44376	1
35255	1
2205	1
84531	1
72557	1
73161	1
82646	1
2775	1
51041	1
43635	1
59485	1
38727	1
51144	1
13591	1
42570	1
52360	1
10317	1
8680	1
50723	1
7530	1
58795	1
94487	1
49716	1
7359	1
88230	1
33090	1
36749	1
76951	1
80166	1
79414	1
15945	1
45603	1
80875	1
79505	1
36444	1
83697	1
28641	1
44409	1
16752	1
39330	1
2129	1
12642	1
84570	1
6552	1
79775	1
17211	1
44262	1
47111	1
31539	1
7816	1
35186	1
32911	1
98404	1
14318	1
83252	1
81204	1
55893	1
18339	1
36528	1
97462	1
40139	1
30864	1
28059	1
31299	1
87143	1
32083	1
73728	1
38887	1
15478	1
78944	1
40638	1
5999	1
65783	1
22478	1
65981	1
94836	1
23050	1
76267	1
75692	1
2708	1
6834	1
23565	1
75135	1
87480	1
67619	1
1202	1
91377	1
1688	1
39608	1
72499	1
23810	1
70661	1
16979	1
54133	1
22309	1
96808	1
79783	1
82422	1
91999	1
34254	1
11038	1
88166	1
72382	1
88054	1
40204	1
91013	1
89943	1
26791	1
32240	1
46431	1
71900	1
71356	1
59257	1
13961	1
33471	1
82256	1
30702	1
90405	1
70330	1
96931	1
46622	1
66380	1
21612	1
54323	1
55685	1
73319	1
31040	1
89084	1
52964	1
27526	1
29237	1
407	1
22297	1
86048	1
2053	1
73865	1
71204	1
10020	1
28395	1
89129	1
46771	1
68621	1
76414	1
23520	1
29841	1
99688	1
10505	1
58337	1
48920	1
76925	1
18405	1
91326	1
39320	1
4335	1
49850	1
67476	1
61259	1
5333	1
35361	1
64277	1
62457	1
53786	1
88309	1
28922	1
34140	1
46715	1
41789	1
91454	1
13494	1
46134	1
106	1
46520	1
27477	1
32232	1
30308	1
77372	1
45360	1
30313	1
36974	1
29002	1
15092	1
61688	1
76520	1
93632	1
3977	1
45410	1
26501	1
59714	1
69979	1
20184	1
65877	1
77026	1
57672	1
18914	1
4611	1
49248	1
92590	1
72875	1
77910	1
26572	1
81432	1
38799	1
83476	1
1233	1
10944	1
80171	1
22290	1
60763	1
70469	1
20011	1
83200	1
40141	1
74884	1
29045	1
20476	1
70215	1
90450	1
84417	1
19212	1
28166	1
89912	1
40822	1
63974	1
37623	1
68561	1
50010	1
26903	1
27696	1
71018	1
4870	1
70723	1
46414	1
46675	1
46618	1
2915	1
45933	1
94627	1
19254	1
45987	1
57737	1
95718	1
10589	1
20080	1
28940	1
50890	1
27995	1
17436	1
59268	1
13869	1
17774	1
59817	1
75950	1
58414	1
41533	1
90738	1
31039	1
62078	1
24199	1
1186	1
94653	1
36905	1
61840	1
41669	1
16481	1
76572	1
76547	1
18348	1
66369	1
54726	1
46205	1
82661	1
69245	1
13923	1
60406	1
14038	1
41644	1
90566	1
37128	1
56403	1
40030	1
41071	1
58853	1
16810	1
80993	1
35207	1
78637	1
31186	1
56073	1
63067	1
88491	1
40882	1
52897	1
21781	1
28208	1
65181	1
99162	1
65087	1
90	1
58492	1
15843	1
78397	1
28865	1
27882	1
54380	1
33891	1
22308	1
73018	1
41569	1
22183	1
80627	1
1430	1
77200	1
14644	1
35726	1
10442	1
77538	1
66285	1
86945	1
94161	1
54543	1
62433	1
56578	1
37737	1
20612	1
87682	1
63367	1
6942	1
36973	1
21791	1
26326	1
14551	1
76199	1
39788	1
6535	1
90621	1
660	1
50913	1
87441	1
27800	1
85410	1
18600	1
41406	1
43338	1
81621	1
92028	1
32852	1
16227	1
56330	1
95233	1
60196	1
3913	1
80692	1
11817	1
11455	1
53498	1
9977	1
94063	1
70895	1
77635	1
27138	1
69801	1
47564	1
92837	1
19127	1
47880	1
19737	1
71097	1
30758	1
80205	1
89341	1
7852	1
27524	1
39060	1
49520	1
34540	1
5975	1
33525	1
41692	1
69779	1
50261	1
73592	1
72483	1
39411	1
53286	1
95329	1
27147	1
49058	1
73057	1
76402	1
29899	1
7764	1
11243	1
29288	1
88344	1
11563	1
53606	1
73201	1
31158	1
42085	1
62980	1
53829	1
75119	1
33076	1
84696	1
55100	1
11014	1
95100	1
32304	1
74347	1
84206	1
11137	1
94686	1
7144	1
91230	1
46666	1
26744	1
36827	1
63262	1
17170	1
18729	1
18108	1
8456	1
82895	1
10984	1
15537	1
6444	1
37944	1
17398	1
13723	1
97809	1
94015	1
28569	1
25913	1
99623	1
33087	1
43386	1
48068	1
11913	1
53956	1
12864	1
63578	1
83361	1
349	1
64553	1
33833	1
75339	1
11328	1
42227	1
60346	1
44381	1
25712	1
29989	1
9236	1
29452	1
85861	1
13950	1
18303	1
611	1
29644	1
29239	1
11993	1
95205	1
22673	1
73576	1
83435	1
41392	1
42117	1
66742	1
81968	1
35987	1
56740	1
91519	1
98043	1
56000	1
66894	1
25466	1
81423	1
2855	1
44898	1
3881	1
45924	1
24595	1
5481	1
47524	1
67740	1
13823	1
34576	1
83703	1
52884	1
14115	1
78013	1
81857	1
40351	1
85654	1
72633	1
20016	1
51042	1
50505	1
70612	1
89237	1
47194	1
67947	1
58418	1
16375	1
78634	1
52065	1
63561	1
21518	1
70770	1
8511	1
86427	1
87501	1
3415	1
49157	1
30572	1
19214	1
66269	1
4010	1
46053	1
59883	1
59360	1
33423	1
33333	1
30108	1
72615	1
51325	1
62507	1
248	1
21001	1
10314	1
94400	1
71574	1
29694	1
84734	1
17199	1
58705	1
49534	1
8028	1
39261	1
17083	1
70008	1
37721	1
39771	1
5458	1
20212	1
35784	1
45106	1
33867	1
76778	1
97531	1
56025	1
13982	1
44884	1
86927	1
65637	1
75910	1
13898	1
30030	1
29278	1
59611	1
18105	1
60148	1
38858	1
90844	1
13883	1
18026	1
79088	1
16706	1
32909	1
3350	1
61198	1
13258	1
55301	1
22698	1
22077	1
32971	1
11144	1
55333	1
83757	1
71965	1
38335	1
15258	1
88120	1
88741	1
77856	1
99146	1
11320	1
95406	1
70105	1
57301	1
36398	1
14700	1
13490	1
99287	1
26425	1
16152	1
46941	1
14620	1
98807	1
57094	1
99674	1
36755	1
12426	1
95438	1
9433	1
43397	1
22455	1
99849	1
59671	1
76357	1
35355	1
80141	1
49322	1
44858	1
79861	1
56670	1
57084	1
8853	1
55427	1
86453	1
2367	1
58050	1
59522	1
2815	1
82612	1
93836	1
77253	1
88453	1
5441	1
55926	1
97991	1
55089	1
25731	1
67774	1
75439	1
65364	1
23858	1
3726	1
86738	1
96154	1
34098	1
23544	1
55108	1
65381	1
47218	1
5175	1
21574	1
19493	1
44971	1
2928	1
40529	1
27445	1
2227	1
85239	1
22980	1
39709	1
59197	1
12682	1
92034	1
71281	1
19950	1
82002	1
50769	1
43991	1
81752	1
15000	1
48479	1
14359	1
55865	1
39552	1
81595	1
5734	1
52899	1
94405	1
41487	1
66609	1
87018	1
34283	1
55450	1
6551	1
7444	1
49487	1
90042	1
48536	1
98385	1
83842	1
74190	1
48594	1
28197	1
90637	1
27841	1
32426	1
90408	1
60402	1
99179	1
16167	1
98030	1
25949	1
15347	1
35563	1
77606	1
53163	1
11657	1
9618	1
30371	1
60488	1
43348	1
64101	1
40447	1
53850	1
44528	1
2485	1
59934	1
61560	1
72454	1
30411	1
15857	1
16776	1
37529	1
16239	1
91704	1
72666	1
11088	1
41700	1
62453	1
48121	1
22671	1
84930	1
54529	1
96572	1
34773	1
70569	1
5132	1
88144	1
28757	1
24390	1
3637	1
30140	1
9387	1
28705	1
8366	1
8573	1
50700	1
51444	1
9401	1
12101	1
54213	1
74966	1
23592	1
65635	1
44345	1
34072	1
71342	1
19752	1
44315	1
54144	1
53607	1
51429	1
57769	1
77774	1
51558	1
13944	1
77361	1
23562	1
65605	1
24720	1
55656	1
85956	1
37934	1
58687	1
33243	1
95502	1
65590	1
64802	1
43512	1
85555	1
86629	1
2543	1
42221	1
49206	1
51942	1
72290	1
31198	1
4193	1
87205	1
92994	1
10880	1
59380	1
715	1
31120	1
93379	1
89898	1
79625	1
9165	1
93251	1
62627	1
66191	1
97340	1
55297	1
4229	1
66488	1
3155	1
87241	1
24775	1
7658	1
49701	1
91207	1
50115	1
40708	1
61254	1
19748	1
82078	1
48006	1
92125	1
24407	1
34684	1
96943	1
83029	1
51052	1
71805	1
10909	1
15328	1
89141	1
20415	1
30688	1
68906	1
7268	1
76824	1
64655	1
72673	1
51920	1
94642	1
10556	1
84237	1
43680	1
64019	1
98072	1
77760	1
30663	1
92922	1
23425	1
74790	1
33284	1
20584	1
69700	1
67493	1
34090	1
87027	1
72601	1
31509	1
84330	1
557	1
95044	1
79915	1
5830	1
17458	1
47375	1
68128	1
99775	1
79022	1
73615	1
70243	1
57345	1
54952	1
12909	1
38344	1
51282	1
20256	1
53462	1
55849	1
64591	1
31870	1
16660	1
29426	1
74804	1
25375	1
4829	1
46840	1
19858	1
50898	1
73949	1
269	1
63065	1
73686	1
99109	1
25424	1
22479	1
74174	1
36095	1
50842	1
92885	1
93453	1
27685	1
70628	1
40540	1
85378	1
43335	1
33476	1
34049	1
75555	1
45570	1
65786	1
98015	1
29637	1
5373	1
18257	1
79895	1
59142	1
38389	1
95550	1
85418	1
7964	1
7427	1
2687	1
70165	1
56789	1
32360	1
74403	1
19354	1
41557	1
94584	1
32325	1
78890	1
36847	1
58137	1
16094	1
87714	1
38949	1
35209	1
34354	1
55644	1
13601	1
85719	1
83340	1
93613	1
61376	1
51822	1
30532	1
72575	1
8918	1
91930	1
70763	1
67704	1
11135	1
31474	1
17023	1
5192	1
97649	1
24580	1
77187	1
65401	1
96090	1
66711	1
45958	1
61813	1
24379	1
61203	1
43076	1
11789	1
29050	1
90607	1
28348	1
14075	1
99147	1
59006	1
16963	1
7179	1
27725	1
79711	1
24304	1
4603	1
14975	1
35728	1
77234	1
88788	1
40391	1
10543	1
65892	1
44197	1
86240	1
82582	1
62916	1
83669	1
36135	1
83282	1
81897	1
8151	1
92237	1
22602	1
64645	1
64108	1
44471	1
78404	1
84902	1
68052	1
11793	1
85606	1
73958	1
94711	1
64306	1
855	1
88590	1
67837	1
65099	1
449	1
43029	1
82053	1
46449	1
56756	1
61276	1
54106	1
48112	1
93625	1
88133	1
4977	1
89063	1
87989	1
82029	1
98799	1
64914	1
11288	1
94300	1
95179	1
42854	1
62388	1
68080	1
30457	1
9704	1
81822	1
37260	1
79303	1
99601	1
16589	1
16052	1
58095	1
44641	1
2598	1
9900	1
84456	1
37105	1
57651	1
11387	1
32468	1
94727	1
58457	1
37704	1
19620	1
3658	1
63166	1
21660	1
74181	1
9866	1
51909	1
55619	1
76909	1
8579	1
30329	1
71835	1
51289	1
43569	1
13545	1
33319	1
33309	1
54062	1
25882	1
46635	1
56494	1
53952	1
64846	1
55483	1
43823	1
85866	1
36004	1
65132	1
72514	1
98140	1
21110	1
44171	1
33691	1
62048	1
20005	1
31229	1
27284	1
14054	1
46674	1
88717	1
67427	1
46467	1
95009	1
83004	1
8906	1
13539	1
41173	1
20420	1
82679	1
61926	1
38284	1
39306	1
41846	1
8819	1
82632	1
20373	1
61879	1
4765	1
25905	1
63716	1
84469	1
46185	1
51451	1
90831	1
70615	1
23366	1
3018	1
98294	1
25969	1
88228	1
40290	1
45894	1
66647	1
99635	1
58129	1
27234	1
61252	1
92149	1
64419	1
40092	1
81598	1
39885	1
82074	1
27646	1
49473	1
7430	1
37629	1
15810	1
46920	1
12015	1
95027	1
3748	1
24954	1
4201	1
68494	1
33293	1
11466	1
58641	1
15558	1
99644	1
68346	1
26303	1
5550	1
20182	1
12244	1
41763	1
95525	1
68954	1
89784	1
47741	1
36077	1
41141	1
93541	1
72788	1
9578	1
71423	1
94008	1
9475	1
14139	1
24082	1
66125	1
86823	1
9924	1
51967	1
31214	1
21355	1
78368	1
14592	1
56635	1
28329	1
79694	1
48668	1
90954	1
28695	1
58152	1
53522	1
12355	1
45076	1
21408	1
42698	1
84411	1
22152	1
12216	1
40465	1
57149	1
25085	1
67128	1
87881	1
96390	1
62769	1
45238	1
65991	1
34311	1
13765	1
43633	1
71465	1
60241	1
67855	1
35213	1
50808	1
72250	1
82424	1
56031	1
39303	1
63031	1
20988	1
33498	1
12745	1
70720	1
92851	1
9302	1
51345	1
43051	1
85094	1
15574	1
98172	1
77256	1
91473	1
80795	1
18536	1
6982	1
91068	1
95930	1
93162	1
51119	1
93576	1
46743	1
62904	1
95782	1
11696	1
94708	1
27146	1
48498	1
31767	1
94026	1
2139	1
44182	1
47078	1
5572	1
6461	1
28909	1
70292	1
49035	1
69581	1
37912	1
89691	1
27432	1
99550	1
10188	1
32156	1
91045	1
30328	1
82197	1
51378	1
49803	1
43488	1
287	1
43281	1
92430	1
30891	1
93150	1
52722	1
52713	1
10670	1
76363	1
40148	1
69126	1
85140	1
12071	1
54114	1
32824	1
29146	1
70652	1
33995	1
69058	1
95385	1
27751	1
69878	1
91705	1
85221	1
2209	1
46230	1
14687	1
53964	1
12458	1
32674	1
74717	1
11384	1
95470	1
28430	1
48976	1
21945	1
82885	1
26928	1
87232	1
45189	1
55669	1
40880	1
52625	1
55569	1
81537	1
18948	1
30258	1
76032	1
54742	1
19733	1
41023	1
13526	1
31872	1
38174	1
88040	1
96407	1
65174	1
44421	1
63272	1
52378	1
12989	1
97075	1
34048	1
55338	1
76505	1
92253	1
38986	1
97093	1
143	1
30962	1
10209	1
72468	1
77438	1
81511	1
44615	1
92961	1
76533	1
89504	1
27245	1
91047	1
25872	1
55201	1
22654	1
64697	1
54197	1
50918	1
89353	1
67526	1
51932	1
41659	1
77583	1
56830	1
75335	1
48377	1
11336	1
94348	1
83049	1
20790	1
52437	1
16027	1
72292	1
2967	1
80465	1
66229	1
84575	1
62057	1
41304	1
10335	1
3342	1
2535	1
86621	1
44041	1
63607	1
47063	1
16061	1
69088	1
23681	1
38705	1
39008	1
3399	1
95856	1
56143	1
77433	1
88534	1
98931	1
14845	1
60409	1
34287	1
45181	1
3675	1
14314	1
55820	1
13693	1
7449	1
49906	1
7863	1
49569	1
39212	1
59965	1
31414	1
83400	1
94346	1
96088	1
114	1
42157	1
52430	1
48416	1
35961	1
35900	1
99110	1
57067	1
15561	1
1662	1
85748	1
94837	1
11541	1
32087	1
92413	1
77870	1
73536	1
63193	1
42977	1
83541	1
92708	1
6554	1
31910	1
59419	1
49146	1
75175	1
95928	1
54152	1
96195	1
78799	1
46809	1
13746	1
39229	1
63650	1
95593	1
64774	1
34234	1
52636	1
94142	1
91166	1
43286	1
22533	1
12053	1
96139	1
54096	1
32806	1
55931	1
76684	1
28907	1
76263	1
34757	1
14172	1
13855	1
75808	1
96561	1
24524	1
45400	1
87443	1
34918	1
86283	1
24024	1
49436	1
27805	1
65133	1
95519	1
12507	1
53599	1
21257	1
94539	1
28220	1
69726	1
38700	1
72386	1
23090	1
81226	1
62468	1
30003	1
34897	1
97693	1
66544	1
48558	1
82743	1
45261	1
65477	1
18941	1
45441	1
86410	1
52995	1
10952	1
93964	1
31168	1
73211	1
47303	1
6211	1
83458	1
41415	1
15947	1
14349	1
34481	1
5013	1
46519	1
25766	1
88025	1
45982	1
26841	1
64954	1
49314	1
79247	1
7336	1
6508	1
89520	1
81436	1
71577	1
29534	1
99743	1
94176	1
22265	1
91494	1
27870	1
29872	1
40588	1
82631	1
83921	1
21125	1
9290	1
24722	1
66228	1
97791	1
55748	1
88638	1
27362	1
78727	1
36866	1
25435	1
56179	1
4094	1
54693	1
46595	1
46996	1
76859	1
4948	1
28796	1
18523	1
14715	1
162	1
62421	1
29582	1
26243	1
15772	1
79084	1
29416	1
71459	1
30367	1
45016	1
65976	1
86729	1
26654	1
99846	1
15760	1
72114	1
30071	1
92330	1
39099	1
86298	1
85808	1
93170	1
93377	1
72624	1
60108	1
67067	1
20338	1
45947	1
73774	1
84047	1
94734	1
74518	1
53228	1
31165	1
21186	1
62692	1
4441	1
10338	1
83851	1
94698	1
17674	1
91458	1
53231	1
8883	1
83767	1
94661	1
15019	1
56460	1
38056	1
99429	1
15343	1
18704	1
10313	1
72572	1
62829	1
39542	1
66977	1
86439	1
66307	1
46091	1
21207	1
39900	1
19147	1
86630	1
92323	1
57163	1
77502	1
35996	1
56312	1
80942	1
38899	1
18353	1
38569	1
47641	1
89684	1
22702	1
54774	1
12731	1
48101	1
88896	1
78623	1
31531	1
85095	1
96667	1
41013	1
88670	1
2033	1
53632	1
84451	1
19281	1
24222	1
66265	1
20665	1
4584	1
16972	1
37725	1
99984	1
58892	1
62129	1
49224	1
4667	1
51280	1
93864	1
57562	1
62184	1
82937	1
93504	1
51461	1
42077	1
97980	1
55937	1
16970	1
99982	1
49648	1
67623	1
80740	1
39234	1
66383	1
98355	1
87988	1
66698	1
86404	1
44361	1
65114	1
33137	1
3672	1
24425	1
65931	1
33870	1
27661	1
76449	1
46581	1
45630	1
34458	1
69998	1
28492	1
49782	1
49650	1
54253	1
75006	1
12162	1
52657	1
10614	1
45117	1
26582	1
5829	1
68466	1
26960	1
65041	1
47513	1
51797	1
93840	1
75020	1
28938	1
40782	1
82825	1
24498	1
33766	1
26762	1
48980	1
48443	1
53072	1
11566	1
53609	1
26147	1
91255	1
71039	1
51204	1
87972	1
45929	1
63685	1
401	1
37984	1
83622	1
94960	1
2145	1
64404	1
43651	1
19808	1
16422	1
36638	1
78681	1
66757	1
94463	1
44982	1
32777	1
65505	1
3246	1
73829	1
59401	1
68183	1
50263	1
24714	1
45383	1
86889	1
2803	1
14227	1
67208	1
4949	1
41129	1
6447	1
44999	1
6309	1
15004	1
90175	1
72877	1
99767	1
74041	1
92382	1
30123	1
93171	1
43889	1
27248	1
32577	1
74083	1
41667	1
94075	1
9989	1
7420	1
9422	1
22488	1
36382	1
32935	1
53688	1
52032	1
90784	1
70031	1
8253	1
79072	1
11569	1
95655	1
35204	1
44306	1
72785	1
24447	1
98090	1
33782	1
14241	1
49982	1
29766	1
55822	1
97328	1
71964	1
98866	1
79051	1
57761	1
99804	1
21188	1
37073	1
18805	1
93169	1
63447	1
83192	1
62439	1
29116	1
64600	1
89781	1
63036	1
41158	1
83201	1
65446	1
11643	1
13350	1
96362	1
20376	1
97820	1
13348	1
34101	1
2433	1
94434	1
73681	1
54705	1
68782	1
14621	1
81199	1
43147	1
1104	1
21857	1
62338	1
59111	1
2800	1
9389	1
82625	1
6252	1
89387	1
17323	1
79582	1
58829	1
99921	1
15835	1
10714	1
19802	1
10949	1
31702	1
83688	1
21429	1
76722	1
3860	1
87946	1
31467	1
50234	1
207	1
20960	1
11480	1
31455	1
71863	1
77804	1
83645	1
42553	1
76625	1
95399	1
35636	1
34685	1
76728	1
89002	1
99809	1
15873	1
47106	1
51450	1
72203	1
71996	1
44710	1
48447	1
23420	1
16470	1
37223	1
69388	1
93708	1
10696	1
20969	1
76501	1
4523	1
45505	1
84032	1
19126	1
93131	1
51625	1
45989	1
3946	1
45452	1
29247	1
71290	1
51488	1
9445	1
78565	1
6654	1
82642	1
70752	1
37883	1
59173	1
37469	1
58222	1
48900	1
42649	1
71750	1
9491	1
13939	1
66665	1
90981	1
19070	1
3459	1
68680	1
89433	1
47390	1
65450	1
96951	1
98692	1
36433	1
58082	1
16039	1
36585	1
58849	1
48162	1
79220	1
55482	1
34729	1
6905	1
44097	1
54577	1
86646	1
79856	1
86717	1
42991	1
1485	1
91464	1
18602	1
60645	1
55132	1
39151	1
56472	1
74795	1
33289	1
95548	1
7955	1
63706	1
80843	1
98255	1
63615	1
38916	1
18370	1
36411	1
89308	1
97265	1
55759	1
13716	1
95763	1
65895	1
86111	1
62905	1
646	1
73178	1
73424	1
29710	1
72008	1
29965	1
72402	1
51649	1
90935	1
30995	1
73038	1
60727	1
56731	1
35292	1
11838	1
32591	1
81479	1
19841	1
52208	1
26242	1
5489	1
92988	1
51482	1
81161	1
50342	1
99435	1
36102	1
24671	1
66714	1
42644	1
84687	1
1675	1
47440	1
58173	1
2315	1
22861	1
70575	1
4158	1
79879	1
17544	1
73501	1
31458	1
24274	1
45564	1
1197	1
45250	1
2908	1
80319	1
18060	1
5208	1
89687	1
77305	1
98058	1
2108	1
48251	1
77310	1
13893	1
38564	1
38027	1
80070	1
38020	1
17267	1
23555	1
46736	1
29623	1
70814	1
29308	1
46458	1
88501	1
45634	1
34235	1
96494	1
44139	1
90327	1
28068	1
58680	1
17795	1
34467	1
8960	1
48195	1
68948	1
36241	1
5008	1
46514	1
34690	1
90242	1
49150	1
81492	1
31940	1
65365	1
2136	1
44179	1
23426	1
64932	1
18841	1
8568	1
76871	1
98698	1
38593	1
28320	1
75016	1
94611	1
12200	1
99417	1
78664	1
36621	1
79201	1
37365	1
99624	1
16612	1
47431	1
96401	1
54243	1
85392	1
63565	1
5213	1
71731	1
29688	1
50441	1
56015	1
54358	1
23431	1
9333	1
390	1
31416	1
56304	1
39279	1
62310	1
20267	1
41020	1
51086	1
71632	1
51416	1
33988	1
54741	1
93867	1
93017	1
10005	1
54834	1
75380	1
75357	1
66536	1
45783	1
25030	1
63584	1
37062	1
36336	1
69366	1
27323	1
90119	1
6033	1
29923	1
38871	1
62963	1
13091	1
55134	1
75887	1
33637	1
5753	1
5216	1
47259	1
30675	1
41362	1
96622	1
3421	1
45464	1
60529	1
60736	1
42208	1
96268	1
54762	1
55499	1
86336	1
40421	1
297	1
62556	1
702	1
66253	1
84251	1
71494	1
45307	1
55166	1
13123	1
87227	1
4215	1
35699	1
76526	1
35020	1
97279	1
25368	1
98642	1
15630	1
30206	1
92465	1
22311	1
84162	1
63409	1
11837	1
49888	1
70104	1
18118	1
91541	1
70039	1
50682	1
92725	1
16271	1
57777	1
36487	1
78737	1
57984	1
27996	1
57493	1
29162	1
8409	1
19258	1
71244	1
72326	1
31522	1
28913	1
7243	1
89634	1
68881	1
76253	1
20760	1
62803	1
30862	1
13523	1
22196	1
42504	1
21751	1
73464	1
78211	1
36168	1
10193	1
16723	1
82739	1
8447	1
17515	1
79153	1
92557	1
29968	1
7837	1
11907	1
22801	1
5654	1
6191	1
93764	1
68939	1
18813	1
74079	1
54329	1
2334	1
7613	1
17340	1
59383	1
80037	1
19544	1
40297	1
81182	1
39676	1
70810	1
8551	1
65703	1
3444	1
14338	1
70419	1
58518	1
14343	1
67403	1
5144	1
88156	1
36167	1
76699	1
39021	1
36052	1
98429	1
69412	1
16719	1
58225	1
54185	1
91489	1
4918	1
56283	1
20495	1
36170	1
77676	1
65738	1
76095	1
38493	1
91125	1
7576	1
49619	1
39760	1
19264	1
17846	1
62033	1
87765	1
67219	1
57499	1
87648	1
72306	1
37182	1
38788	1
41777	1
4987	1
4099	1
24852	1
45605	1
93059	1
55878	1
97921	1
2740	1
44783	1
85752	1
40926	1
48953	1
3259	1
76768	1
34725	1
76231	1
65797	1
25902	1
67408	1
81316	1
15470	1
36223	1
82769	1
19973	1
51285	1
65485	1
30354	1
9601	1
92256	1
90730	1
68696	1
12328	1
96414	1
74587	1
23913	1
62586	1
97825	1
6644	1
63595	1
32569	1
70678	1
29172	1
10300	1
21416	1
61335	1
56929	1
41343	1
50070	1
38326	1
91593	1
77595	1
88075	1
52067	1
31314	1
60283	1
81036	1
20115	1
89767	1
26761	1
68267	1
16281	1
93522	1
95852	1
54346	1
33593	1
82233	1
35816	1
10244	1
76771	1
97524	1
17324	1
31263	1
72769	1
30726	1
78760	1
58214	1
46417	1
25664	1
38943	1
37241	1
46151	1
88194	1
67648	1
46895	1
5389	1
66254	1
16265	1
67135	1
70134	1
28091	1
98592	1
67616	1
46863	1
26110	1
28864	1
64082	1
81622	1
83002	1
8373	1
50416	1
91385	1
10960	1
70907	1
84835	1
80504	1
29139	1
41781	1
31508	1
27973	1
49263	1
90232	1
90276	1
67528	1
77801	1
75904	1
75862	1
3728	1
23860	1
21653	1
31689	1
99735	1
15649	1
15442	1
58294	1
46512	1
71235	1
93179	1
58622	1
25243	1
46580	1
25413	1
45629	1
3586	1
26834	1
79375	1
37332	1
67286	1
58208	1
18411	1
60454	1
39164	1
82783	1
80934	1
77838	1
60752	1
22675	1
43221	1
79304	1
37261	1
16508	1
58758	1
68717	1
27211	1
92309	1
47117	1
72023	1
65123	1
95975	1
23443	1
6190	1
17138	1
35960	1
56713	1
14670	1
78609	1
36566	1
73990	1
96438	1
1861	1
70357	1
16724	1
16187	1
57438	1
15395	1
73818	1
91745	1
37639	1
27366	1
8098	1
29472	1
55417	1
34442	1
38511	1
37585	1
1954	1
56544	1
15659	1
68276	1
63280	1
58598	1
37845	1
36903	1
78946	1
13480	1
50479	1
74669	1
32626	1
52965	1
85113	1
70353	1
21778	1
11505	1
33909	1
53504	1
95547	1
80944	1
7461	1
12764	1
91501	1
71165	1
18640	1
60146	1
49045	1
63949	1
31765	1
73808	1
862	1
99155	1
45375	1
37832	1
38369	1
49254	1
31097	1
73140	1
63074	1
73253	1
16328	1
31787	1
25108	1
52926	1
6832	1
58197	1
97553	1
57428	1
57627	1
16891	1
64238	1
21605	1
25399	1
66905	1
75972	1
80155	1
69882	1
3463	1
86475	1
51925	1
9238	1
93324	1
31065	1
65938	1
75590	1
34084	1
32808	1
94446	1
52940	1
64601	1
83659	1
88341	1
87054	1
84	1
79692	1
7160	1
69419	1
24932	1
66438	1
48010	1
45011	1
19096	1
75265	1
33385	1
47247	1
16543	1
58586	1
32671	1
46150	1
79033	1
47677	1
6171	1
80058	1
59842	1
59305	1
5305	1
40914	1
98922	1
45416	1
66169	1
89862	1
32587	1
98673	1
21812	1
84071	1
64454	1
42310	1
84353	1
42320	1
14677	1
88405	1
67238	1
31939	1
73982	1
21557	1
66079	1
64864	1
28101	1
69814	1
80510	1
18251	1
11949	1
53455	1
47234	1
67987	1
77846	1
87222	1
45179	1
30664	1
45115	1
97098	1
71663	1
96151	1
12602	1
98447	1
14361	1
44456	1
65209	1
30563	1
47288	1
785	1
74866	1
29106	1
59925	1
71169	1
62641	1
20598	1
85390	1
31912	1
30262	1
56912	1
14992	1
98004	1
46738	1
26192	1
93966	1
29567	1
25716	1
47006	1
4963	1
56038	1
35285	1
4673	1
24889	1
13195	1
39736	1
81242	1
26446	1
19090	1
60596	1
71175	1
35315	1
67416	1
78444	1
89545	1
38544	1
80587	1
57509	1
14438	1
14024	1
81367	1
77358	1
76821	1
56068	1
45640	1
4227	1
4670	1
71638	1
50471	1
7911	1
49954	1
74509	1
46265	1
88308	1
57489	1
58026	1
15983	1
43575	1
84544	1
25181	1
77311	1
46492	1
71676	1
8343	1
11009	1
79800	1
34017	1
72967	1
8090	1
26345	1
93814	1
31555	1
73268	1
66717	1
95095	1
53052	1
98330	1
22023	1
64066	1
63529	1
38144	1
57027	1
61432	1
93202	1
19422	1
20639	1
16356	1
56041	1
76794	1
15345	1
36286	1
27937	1
91765	1
28225	1
75140	1
65281	1
79732	1
24797	1
29364	1
50654	1
91814	1
26826	1
47852	1
89895	1
30067	1
35154	1
4758	1
66303	1
56981	1
51447	1
59977	1
34119	1
96378	1
81843	1
66946	1
82410	1
40367	1
61120	1
58477	1
8731	1
70990	1
49823	1
85653	1
22320	1
84579	1
87319	1
25060	1
72261	1
30755	1
41028	1
26026	1
9620	1
78860	1
21193	1
62699	1
83452	1
99267	1
65307	1
70691	1
60625	1
90729	1
746	1
66940	1
52605	1
73358	1
73303	1
75275	1
5894	1
8481	1
81343	1
39300	1
23011	1
70636	1
60544	1
28775	1
70818	1
93548	1
92927	1
68136	1
90998	1
70245	1
9324	1
7485	1
91702	1
49659	1
28377	1
18104	1
92187	1
40201	1
19655	1
55119	1
7616	1
91034	1
28666	1
90925	1
23506	1
82008	1
87095	1
3009	1
99242	1
27501	1
85317	1
57850	1
78189	1
15996	1
37493	1
16740	1
82983	1
20724	1
41477	1
21345	1
41621	1
72607	1
31101	1
10762	1
64254	1
53812	1
83070	1
88652	1
67899	1
95705	1
12693	1
78824	1
73834	1
95855	1
73373	1
31867	1
9419	1
79143	1
28174	1
2073	1
729	1
52268	1
90619	1
73348	1
31305	1
31098	1
36547	1
98806	1
46721	1
88227	1
85338	1
43295	1
3884	1
55249	1
5102	1
77940	1
57736	1
54449	1
61684	1
82437	1
93744	1
703	1
84789	1
77759	1
67693	1
12406	1
93331	1
84938	1
31204	1
51957	1
85858	1
2846	1
6610	1
5584	1
67843	1
42296	1
253	1
82140	1
19881	1
48154	1
62346	1
83099	1
87781	1
67028	1
25522	1
42808	1
99292	1
72411	1
71874	1
40641	1
64833	1
81128	1
63473	1
78644	1
49017	1
54717	1
96760	1
96729	1
3817	1
85000	1
63587	1
22081	1
1328	1
77938	1
25574	1
67617	1
42242	1
20945	1
43494	1
68087	1
99104	1
57061	1
7747	1
48716	1
90759	1
79262	1
16775	1
20340	1
62383	1
15731	1
83914	1
48248	1
88389	1
25184	1
72813	1
6095	1
90181	1
26848	1
15447	1
98459	1
60312	1
56723	1
10508	1
45937	1
67413	1
61777	1
18289	1
59795	1
70605	1
82445	1
40939	1
51600	1
30847	1
97383	1
60894	1
82052	1
22652	1
17760	1
38513	1
89646	1
6281	1
98738	1
98520	1
52737	1
94243	1
97140	1
49138	1
74860	1
33354	1
56876	1
33104	1
7020	1
59411	1
69891	1
7632	1
44919	1
16635	1
78894	1
39420	1
34333	1
99702	1
25778	1
77143	1
76387	1
65672	1
24166	1
6301	1
89093	1
47587	1
20292	1
62335	1
41582	1
31516	1
93775	1
93413	1
51907	1
60245	1
92872	1
33497	1
20752	1
58109	1
3891	1
55933	1
91905	1
29646	1
98677	1
36418	1
83011	1
16066	1
11990	1
32743	1
87522	1
92972	1
50929	1
80226	1
17967	1
72531	1
9128	1
70545	1
47758	1
36712	1
21262	1
62496	1
74149	1
53396	1
36604	1
78647	1
50967	1
8924	1
39545	1
23568	1
21668	1
71166	1
78094	1
104	1
84190	1
42147	1
59427	1
17591	1
59634	1
27987	1
23960	1
39079	1
76692	1
46051	1
68915	1
26872	1
19387	1
58591	1
51258	1
62152	1
82491	1
40985	1
62143	1
51696	1
20580	1
82839	1
82218	1
38706	1
71523	1
46286	1
83130	1
20871	1
93403	1
83599	1
47646	1
40633	1
70199	1
7940	1
63476	1
1217	1
63260	1
42507	1
68531	1
95828	1
43334	1
68057	1
47610	1
98975	1
87357	1
34723	1
96982	1
9734	1
71993	1
22426	1
63932	1
34699	1
96958	1
42129	1
42769	1
28056	1
5852	1
96981	1
54938	1
42425	1
21672	1
63592	1
75748	1
31719	1
32967	1
69331	1
27288	1
63970	1
44519	1
10135	1
96501	1
693	1
55616	1
5225	1
88237	1
29376	1
10594	1
72853	1
64456	1
67464	1
1157	1
2231	1
31664	1
63104	1
16106	1
90717	1
12230	1
68063	1
88816	1
77643	1
62382	1
57847	1
36350	1
78393	1
16134	1
8754	1
54575	1
15475	1
79354	1
57980	1
91697	1
7611	1
42174	1
52947	1
99633	1
73541	1
73748	1
68553	1
53233	1
73986	1
13566	1
92706	1
50663	1
58541	1
53100	1
6741	1
90827	1
20242	1
42684	1
49433	1
7390	1
17249	1
34681	1
60521	1
39768	1
49875	1
98441	1
68506	1
86760	1
12470	1
17396	1
4354	1
96811	1
67782	1
47029	1
99677	1
89179	1
22743	1
2674	1
3211	1
87297	1
2792	1
65051	1
23008	1
23545	1
96103	1
51908	1
31155	1
10402	1
72661	1
60416	1
68098	1
21567	1
63073	1
8523	1
16658	1
78917	1
91715	1
50803	1
57529	1
96965	1
86071	1
80523	1
17805	1
80064	1
39882	1
60635	1
12680	1
27485	1
64244	1
94798	1
84169	1
21118	1
83998	1
58043	1
68778	1
57884	1
47091	1
52079	1
1720	1
24715	1
19165	1
42428	1
26835	1
95123	1
53080	1
47428	1
89471	1
50710	1
5714	1
26467	1
32511	1
42883	1
87290	1
36724	1
39517	1
68912	1
64536	1
22493	1
43783	1
1740	1
23030	1
65320	1
89067	1
9669	1
92760	1
51915	1
23987	1
65493	1
2160	1
8838	1
63723	1
6055	1
84235	1
48626	1
6583	1
26471	1
89804	1
5718	1
63483	1
16640	1
33191	1
59841	1
21346	1
83605	1
68560	1
10036	1
73994	1
85214	1
86042	1
43999	1
3030	1
50903	1
39472	1
38484	1
79576	1
22955	1
15141	1
11884	1
88581	1
54404	1
64677	1
11023	1
57677	1
98562	1
2202	1
26747	1
50649	1
41445	1
15291	1
99087	1
57044	1
57665	1
5886	1
66465	1
20583	1
93115	1
70758	1
50005	1
29252	1
3996	1
5166	1
68499	1
47746	1
58433	1
16927	1
88955	1
12858	1
26947	1
58325	1
79078	1
34258	1
9228	1
67342	1
4546	1
66255	1
25729	1
24749	1
71540	1
92293	1
82764	1
19968	1
67646	1
56008	1
40387	1
70224	1
25023	1
66366	1
41194	1
61533	1
32137	1
93982	1
93891	1
7731	1
91817	1
11989	1
53495	1
16671	1
78930	1
58384	1
9805	1
90743	1
71688	1
9429	1
71067	1
79599	1
28234	1
94163	1
74443	1
98953	1
31918	1
32455	1
43682	1
75329	1
75449	1
96739	1
54696	1
2917	1
98894	1
20617	1
82712	1
30312	1
71818	1
78657	1
12362	1
11562	1
29851	1
9354	1
20780	1
79525	1
33742	1
54088	1
32798	1
39615	1
91956	1
73821	1
22870	1
2117	1
8923	1
31032	1
93912	1
73696	1
69534	1
31321	1
82686	1
51768	1
68726	1
89272	1
72239	1
89522	1
47479	1
26189	1
68232	1
63058	1
96454	1
24543	1
82561	1
98539	1
33459	1
19345	1
26052	1
5299	1
4885	1
66937	1
29519	1
84824	1
12706	1
41705	1
87746	1
35397	1
12932	1
5788	1
12243	1
33947	1
13194	1
70762	1
36015	1
48731	1
44582	1
65335	1
85881	1
23622	1
93412	1
10400	1
72659	1
1225	1
496	1
62755	1
21249	1
6365	1
89377	1
7695	1
31626	1
74369	1
95122	1
6136	1
47228	1
52251	1
94294	1
40793	1
27842	1
28241	1
38514	1
58471	1
62058	1
41305	1
64417	1
22374	1
51005	1
45031	1
66321	1
70115	1
73600	1
324	1
42367	1
92648	1
81909	1
73934	1
48625	1
69378	1
78777	1
78183	1
15924	1
98936	1
67397	1
25207	1
7853	1
15333	1
67667	1
62580	1
321	1
51686	1
61365	1
45546	1
25891	1
77049	1
45943	1
66696	1
4851	1
87863	1
66489	1
72523	1
78843	1
57553	1
57550	1
73026	1
9693	1
93779	1
10767	1
50878	1
39587	1
18834	1
49860	1
8354	1
57399	1
50671	1
71961	1
46508	1
4106	1
55885	1
3446	1
42046	1
42667	1
51811	1
66550	1
4291	1
27418	1
82795	1
72522	1
31016	1
82381	1
71840	1
76828	1
97640	1
72168	1
58345	1
63366	1
85193	1
31854	1
44465	1
46192	1
87698	1
67275	1
25232	1
82890	1
34668	1
15284	1
60761	1
19669	1
8983	1
16925	1
70915	1
71452	1
34364	1
73753	1
32247	1
94506	1
63687	1
50176	1
57373	1
65418	1
12654	1
10145	1
54214	1
30011	1
20359	1
69490	1
38161	1
36620	1
99284	1
55016	1
85637	1
14961	1
21403	1
90426	1
18378	1
80016	1
69915	1
48748	1
16180	1
19684	1
98521	1
8962	1
46525	1
39565	1
70384	1
65670	1
86423	1
87497	1
80931	1
52569	1
37920	1
43007	1
97001	1
61468	1
21592	1
53626	1
45101	1
91495	1
60109	1
64640	1
19961	1
41251	1
66243	1
61345	1
71546	1
50793	1
77555	1
14145	1
56188	1
98231	1
26084	1
67590	1
96530	1
48830	1
17416	1
62913	1
42402	1
47781	1
68534	1
48402	1
89197	1
6185	1
47691	1
61970	1
74363	1
84843	1
52330	1
94373	1
35737	1
81186	1
39680	1
81723	1
31477	1
95347	1
11261	1
84288	1
1897	1
59309	1
80062	1
86834	1
86297	1
75610	1
30222	1
56617	1
3731	1
80697	1
79911	1
92699	1
90859	1
89823	1
27564	1
33767	1
11019	1
25887	1
67930	1
89220	1
93974	1
79524	1
84323	1
63570	1
21527	1
36666	1
73046	1
10787	1
77277	1
10425	1
52468	1
6901	1
68539	1
76555	1
37070	1
79113	1
49893	1
54881	1
13713	1
55756	1
90789	1
19111	1
80452	1
45387	1
649	1
83305	1
36244	1
63405	1
42652	1
84695	1
66156	1
24650	1
11129	1
470	1
1415	1
33269	1
75312	1
12516	1
32342	1
51724	1
72477	1
25278	1
39370	1
48740	1
10896	1
31649	1
87597	1
25338	1
23889	1
89241	1
47735	1
58858	1
17352	1
59065	1
74515	1
33630	1
22919	1
41245	1
30905	1
9945	1
92957	1
72204	1
55705	1
76251	1
78520	1
15724	1
67420	1
3807	1
87893	1
2502	1
80211	1
33899	1
54652	1
90603	1
52830	1
43632	1
2663	1
54649	1
81239	1
40147	1
8211	1
28964	1
75772	1
33108	1
60808	1
18765	1
70130	1
49377	1
71697	1
22026	1
67827	1
51697	1
30944	1
43327	1
91311	1
85252	1
2240	1
94697	1
85882	1
72450	1
97134	1
83981	1
62814	1
43077	1
10706	1
11516	1
72338	1
10079	1
59794	1
48823	1
39240	1
61332	1
82085	1
38781	1
18028	1
15211	1
14137	1
98223	1
9005	1
49974	1
92017	1
86667	1
2581	1
89348	1
68134	1
27249	1
64411	1
35429	1
32341	1
36618	1
78661	1
78124	1
79028	1
94394	1
11382	1
83500	1
62747	1
83815	1
53159	1
63545	1
58232	1
11424	1
90079	1
48036	1
32874	1
53814	1
45040	1
2460	1
86546	1
4408	1
88494	1
46451	1
51020	1
30267	1
44438	1
20559	1
16070	1
24296	1
2469	1
84327	1
241	1
64879	1
83312	1
83519	1
62766	1
24522	1
25722	1
4028	1
7536	1
91622	1
81783	1
54930	1
75093	1
23191	1
38689	1
18473	1
29367	1
57069	1
26457	1
4559	1
4951	1
46994	1
27894	1
44671	1
13513	1
91144	1
70598	1
80577	1
94336	1
46083	1
52514	1
25828	1
56647	1
50243	1
81062	1
98704	1
74277	1
32978	1
4033	1
33654	1
70579	1
29280	1
84899	1
18930	1
35406	1
64962	1
86754	1
9346	1
18876	1
2962	1
51178	1
50641	1
49276	1
13216	1
97038	1
10792	1
19711	1
29984	1
81387	1
60634	1
3371	1
25979	1
97012	1
59347	1
38134	1
75086	1
33994	1
435	1
10477	1
93489	1
76259	1
70838	1
10329	1
43050	1
75641	1
33598	1
45434	1
24853	1
55258	1
4207	1
65164	1
90194	1
51266	1
57649	1
67922	1
26416	1
90370	1
41296	1
44903	1
2860	1
65326	1
61463	1
81679	1
17680	1
81434	1
81597	1
50778	1
69	1
63118	1
58031	1
5908	1
98365	1
34593	1
73340	1
19175	1
72498	1
61491	1
51218	1
43872	1
2036	1
2573	1
46860	1
24826	1
80614	1
60398	1
18355	1
33526	1
56350	1
45087	1
23920	1
3251	1
7135	1
72013	1
31207	1
70891	1
60411	1
66764	1
40300	1
71679	1
40860	1
61109	1
15884	1
78275	1
46505	1
63751	1
61053	1
94127	1
81392	1
20157	1
53960	1
33207	1
4443	1
87455	1
15033	1
21501	1
19963	1
30443	1
92702	1
62235	1
82988	1
9946	1
94032	1
31773	1
37976	1
15968	1
33170	1
54874	1
2459	1
85471	1
3786	1
57294	1
77709	1
98462	1
88189	1
53514	1
57609	1
99652	1
25062	1
4309	1
36203	1
56346	1
57114	1
51774	1
86184	1
65431	1
76508	1
58084	1
92045	1
5084	1
97541	1
35028	1
8783	1
62355	1
93174	1
94248	1
10162	1
72421	1
94107	1
13227	1
69580	1
59798	1
32593	1
748	1
18628	1
22061	1
47784	1
80322	1
84750	1
74270	1
64621	1
28694	1
70200	1
11251	1
43291	1
29058	1
7231	1
13536	1
65772	1
68618	1
16288	1
16432	1
32004	1
74047	1
32847	1
24375	1
20503	1
92058	1
66457	1
55929	1
13886	1
61382	1
40629	1
76762	1
110	1
93287	1
35579	1
72072	1
96491	1
75738	1
57255	1
78545	1
23059	1
74424	1
73533	1
87252	1
57931	1
75452	1
73558	1
32052	1
32745	1
12423	1
18890	1
70255	1
77085	1
4938	1
11372	1
52878	1
94384	1
56487	1
14444	1
76703	1
40374	1
43853	1
85359	1
13034	1
31665	1
58243	1
37490	1
8132	1
98241	1
67150	1
25644	1
4684	1
96015	1
53972	1
51154	1
64783	1
23262	1
62610	1
43198	1
42661	1
20132	1
29991	1
71497	1
76809	1
34766	1
56056	1
82595	1
40552	1
19262	1
61305	1
30279	1
71785	1
52925	1
47955	1
68501	1
69193	1
35386	1
4459	1
77236	1
98196	1
62764	1
88168	1
42265	1
63018	1
1173	1
73291	1
47253	1
67799	1
49051	1
83229	1
9002	1
1946	1
53725	1
74478	1
26530	1
5777	1
88789	1
70968	1
67415	1
16888	1
58394	1
36879	1
78922	1
58376	1
17284	1
79543	1
38037	1
44494	1
73884	1
28204	1
14061	1
76320	1
54757	1
10055	1
68265	1
75173	1
81070	1
81607	1
60110	1
35725	1
50072	1
86915	1
6006	1
5390	1
72823	1
49676	1
91182	1
7096	1
29544	1
76043	1
34000	1
30211	1
64529	1
42996	1
84502	1
46038	1
55513	1
45874	1
3831	1
67164	1
7954	1
6880	1
48923	1
90966	1
24829	1
8815	1
34617	1
30549	1
72055	1
92808	1
99440	1
33615	1
86038	1
56580	1
25653	1
93759	1
35031	1
58284	1
90138	1
27879	1
26817	1
32127	1
26358	1
52782	1
80000	1
80255	1
17996	1
75564	1
96731	1
93679	1
79900	1
76296	1
872	1
48584	1
27831	1
69337	1
38407	1
60287	1
18781	1
15129	1
49975	1
29222	1
80261	1
76467	1
22737	1
910	1
33631	1
18869	1
91481	1
48380	1
89886	1
5800	1
59067	1
87932	1
45889	1
93065	1
30806	1
33913	1
37650	1
87286	1
37486	1
79529	1
28164	1
73947	1
49885	1
16626	1
20711	1
67133	1
4874	1
47538	1
42451	1
77928	1
88516	1
99013	1
30426	1
51179	1
42625	1
582	1
84668	1
1119	1
52484	1
78359	1
67763	1
22839	1
53328	1
33112	1
32029	1
94288	1
73535	1
48012	1
93728	1
72975	1
16030	1
44451	1
96857	1
89926	1
48420	1
34193	1
91554	1
93249	1
9163	1
58338	1
58131	1
99637	1
47794	1
68365	1
74928	1
44416	1
91993	1
7907	1
19569	1
3678	1
37021	1
58299	1
8288	1
22690	1
96581	1
24141	1
66184	1
65647	1
3388	1
8308	1
79039	1
70805	1
19125	1
91546	1
91339	1
24682	1
56294	1
6768	1
90854	1
61298	1
9396	1
51439	1
74710	1
80913	1
72109	1
30066	1
23126	1
2035	1
56925	1
62822	1
54002	1
95508	1
71367	1
50078	1
10961	1
43457	1
34225	1
13725	1
19486	1
81745	1
96306	1
619	1
35823	1
28113	1
84963	1
42920	1
68353	1
52503	1
73256	1
26852	1
40718	1
61471	1
22	1
61557	1
24218	1
82875	1
78517	1
16780	1
58286	1
54073	1
91550	1
19432	1
40185	1
71418	1
29912	1
49700	1
91743	1
74205	1
66575	1
86595	1
65842	1
17252	1
79511	1
48692	1
3206	1
69263	1
38237	1
4937	1
67196	1
5036	1
7385	1
48891	1
13165	1
7979	1
18252	1
59758	1
64192	1
64936	1
67660	1
54545	1
13039	1
5969	1
14168	1
48866	1
97756	1
60452	1
45408	1
725	1
42768	1
22015	1
27102	1
29849	1
99334	1
84388	1
57628	1
81445	1
23467	1
88978	1
31879	1
4804	1
40818	1
91689	1
66155	1
35336	1
17184	1
99782	1
69170	1
93390	1
68765	1
64742	1
54568	1
62563	1
41810	1
2290	1
85247	1
61626	1
59058	1
8193	1
20701	1
76288	1
13201	1
75667	1
22988	1
4312	1
78190	1
33582	1
81000	1
60784	1
28807	1
70850	1
29320	1
50073	1
88398	1
78125	1
64820	1
16881	1
37097	1
79140	1
4069	1
12883	1
96969	1
55463	1
20664	1
29777	1
81853	1
40761	1
12767	1
93862	1
67312	1
16120	1
77965	1
98718	1
1058	1
82266	1
73307	1
59963	1
22280	1
63862	1
2461	1
85473	1
35076	1
56366	1
1342	1
46165	1
75026	1
990	1
56852	1
36099	1
69952	1
86227	1
56200	1
31948	1
53238	1
11195	1
4210	1
46253	1
87759	1
77745	1
36239	1
92116	1
48853	1
9086	1
39905	1
78526	1
37020	1
42107	1
85158	1
97528	1
90896	1
80997	1
39531	1
1723	1
43766	1
4723	1
82649	1
91755	1
28884	1
70390	1
56824	1
14781	1
78114	1
24380	1
67936	1
6298	1
57168	1
5433	1
97296	1
34092	1
69991	1
73966	1
73429	1
50752	1
8709	1
22817	1
87581	1
69401	1
89422	1
68255	1
30348	1
71854	1
23248	1
85507	1
45538	1
85613	1
74803	1
33297	1
75340	1
63909	1
80302	1
43256	1
4659	1
86285	1
48596	1
60841	1
65645	1
16148	1
99160	1
20958	1
93391	1
81172	1
60419	1
96291	1
52831	1
48999	1
90505	1
60117	1
90050	1
33569	1
14211	1
40330	1
51307	1
30554	1
82540	1
41034	1
56799	1
75612	1
58485	1
89304	1
17082	1
75671	1
29609	1
29072	1
38117	1
95662	1
34106	1
45149	1
66642	1
53650	1
33434	1
22831	1
64874	1
72653	1
51900	1
31147	1
99303	1
11916	1
1643	1
59119	1
89524	1
12060	1
80890	1
18631	1
13940	1
11776	1
32606	1
42879	1
84922	1
32813	1
20452	1
96146	1
92477	1
69444	1
48691	1
44152	1
86195	1
73922	1
27341	1
40584	1
1698	1
63957	1
31219	1
89042	1
68911	1
27405	1
27198	1
66503	1
29994	1
81359	1
73114	1
3784	1
70941	1
11576	1
78297	1
92027	1
49984	1
72894	1
47423	1
98788	1
92194	1
65629	1
85968	1
31007	1
48073	1
78595	1
17833	1
76045	1
21884	1
42637	1
83729	1
52001	1
43969	1
84202	1
569	1
32	1
84118	1
42075	1
37171	1
1661	1
84673	1
63920	1
12089	1
95101	1
5015	1
25768	1
55429	1
95220	1
39193	1
71439	1
4081	1
54932	1
13426	1
44866	1
23699	1
8365	1
71053	1
29010	1
65834	1
60397	1
84305	1
15116	1
36406	1
21725	1
32961	1
2763	1
22979	1
1812	1
22300	1
43590	1
62996	1
83749	1
47959	1
68505	1
47752	1
57281	1
99324	1
96201	1
74374	1
